airtable_id,item_name_mat,qty,unit_size,status,parents_json,operator,created_at,use_by,action,item_category_mat,process_type_mat,strain_species_strain_mat,vendor_name_mat,lc_volume_ml,output_count,fruiting_goal,flush_no,harvest_weight_g,notes,syringe_count,source_type,vendor_name,vendor_batch,received_date,total_volume_ml,ui_error,ui_error_at,remaining_volume_ml,fresh_tray_count,frozen_tray_count,casing_applied_at,casing_notes,casing_qty_used_g,label_template,override_inoc_time,inoculated_at,override_spawn_time,spawned_at,sterilized_at,plate_count,plate_group_id,retired_at,beganfruiting_at,firstharvested_at,lastharvested_at
rec05Odpc7B4xEZtd,Wild Bird Seed,1,2,Consumed,,Robert,2026-04-24T20:23:02.000Z,2026-07-24,,grain,Sterilize,,,,,,,,,,,,,,,,,,,,,,,,,,,,2026-04-24T07:30:00.000Z,,,,,,
rec0S8lyU3KDz8cKF,Liquid Culture Flask,1,500,Fridge,,,2026-03-30T16:15:35.000Z,2026-09-30,,lc_flask,Sterilize,Red Reishi,Fungaia,,,,,,,,,Fungaia,,,502.5,,,499,,,,,,LC_Flask_Inoculated,,2026-03-30T16:18:00.033Z,,,2026-03-30T16:15:34.671Z,,,,,,
rec0fLRnGetWS0Mmx,Wild Bird Seed,1,2,Retired,,,2025-12-18T16:45:55.000Z,2026-03-18,,grain,Sterilize,,,,,,,,,,,,,,,,,,,,,,,,,,,,2025-12-18T16:45:53.270Z,,,,,,
rec0gVNHkrGiqWLjC,Oats,1,2,Consumed,,,2025-11-06T17:16:57.000Z,2025-09-21,,grain,Sterilize,Lion’s Mane,MYYCO,3,2,Side,,,,,,,,,5,,,5,0,0,,,,Grain_Inoculated,2025-06-21T16:18:00.000Z,2025-06-21T16:18:00.000Z,,,2025-05-01T16:16:00.000Z,,,,,,
rec0muhkbeeEr9KX7,Large Masters Mix 75/25,1,8.5,Fruiting,"[""recaziyk9yW28fBhn"",""rec4L5JI6AMilBrle"",""recRmLFQsd4J5qmLb""]",,2026-01-07T18:16:46.000Z,2026-04-07,,fruiting_block,,Bronze Reishi,,,,,2,229.38,,,,,,,,,,,0,1,,,,Bulk_Created,,,,2026-01-07T18:16:45.408Z,,,,,,,
rec0ohD4DiTkGNf5w,Coco Verm Gypsum,1,5,Consumed,,,2025-11-12T19:15:55.000Z,2026-02-12,,substrate,Pasteurize,,,,,,,,,,,,,,,,,,0,0,,,,,,,,,2025-11-12T19:15:00.000Z,,,,,,
rec0xZpPJe4l2tIvw,Coco Verm Gypsum,1,5,Pasteurized,,Robert,2026-03-10T18:23:51.000Z,2026-06-10,,substrate,Pasteurize,,,,,,,,,,,,,,,,,,,,,,,,,,,,2026-03-10T18:23:50.693Z,,,,,,
rec1Bmqf2kkQDZDxo,Masters Mix 75/25,1,7.5,Consumed,,,2026-01-17T13:36:05.000Z,2026-04-17,,substrate,Sterilize,,,,,,,,,,,,,,,,,,,,,,,,,,,,2026-01-17T13:36:00.000Z,,,,,,
rec1JkPdTPqmrV6x3,Agar Flask,1,500,Consumed,,,2025-12-22T20:02:48.000Z,,,agar_flask,Sterilize,,,,,,,,From 10/31 Agar Pour,,,,,,,,,,,,,,,,,,,,2025-10-31T19:02:00.000Z,11,PLATEGRP-1766433793108,,,,
rec1MGWuyG1bG08aA,Coco Verm Gypsum,1,5,Consumed,,,2026-04-22T12:29:05.000Z,2026-07-22,,substrate,Sterilize,,,,,,,,,,,,,,,,,,,,,,,,,,,,2026-04-22T12:29:05.101Z,,,,,,
rec1MyxxdFkpNENrk,Coco Verm Gypsum,1,5,Consumed,,,2025-09-29T16:56:18.000Z,2025-12-29,,substrate,Sterilize,,,,,,,,,,,,,,,,,,0,0,,,,,,,,,2025-09-29T16:56:17.617Z,,,,,,
rec1TXKRuAZhQa5lR,Coco Verm Gypsum,1,2.5,Consumed,,,2026-01-03T18:00:46.000Z,2026-04-03,,substrate,Pasteurize,,,,,,,,,,,,,,,,,,,,,,,,,,,,2026-01-03T18:00:45.573Z,,,,,,
rec1UC326lBYO7NzM,Large Masters Mix 75/25,1,8.75,Fruiting,"[""recQ5YKK1hRUK3AEy"",""reczbjMBFm1vaX3T3"",""recAF7nkDoF3JnGnk""]",,2026-01-01T21:16:56.000Z,2026-04-01,,fruiting_block,,Red Reishi,,,,,,,,,,,,,,,,,,,,,,Bulk_Created,,,,2026-01-01T21:16:56.071Z,,,,,,,
rec1Ws73byXLpi68F,Liquid Culture Flask,1,300,Fridge,,,2025-12-12T18:17:29.000Z,2026-06-12,,lc_flask,Sterilize,Red Reishi,Fungaia,,,,,,,5,,,,,302,,,242.5,0,0,,,,LC_Flask_Inoculated,,2025-12-12T18:41:38.251Z,,,2025-12-06T18:17:00.000Z,,,,,,
rec1X28ao4DRCf2e4,Coco Verm Gypsum,1,2.5,Pasteurized,,,2026-04-22T12:28:53.000Z,2026-07-22,,substrate,Sterilize,,,,,,,,,,,,,,,,,,,,,,,,,,,,2026-04-22T12:28:52.942Z,,,,,,
rec1XXrB4uBspVWIV,Coco Verm Gypsum,1,5,Consumed,,,2025-12-29T19:46:47.000Z,2026-03-29,,substrate,Pasteurize,,,,,,,,,,,,,,,,,,,,,,,,,,,,2025-12-29T19:46:46.420Z,,,,,,
rec1XaQp76729Trni,Liquid Culture Flask,1,500,Fridge,,,2026-03-30T16:15:35.000Z,2026-09-30,,lc_flask,Sterilize,Turkey Tail,Fungaia,,,,,,,,,Fungaia,,,502.5,,,499,,,,,,LC_Flask_Inoculated,,2026-03-30T16:22:11.240Z,,,2026-03-30T16:15:34.671Z,,,,,,
rec1XvbC6JvhEA1x7,Agar Plate 90x15mm,1,,Retired,,,2025-10-31T19:35:27.000Z,,Contaminated,plate,,,,,,,,,Albino Melak Clone from 10/30 Harvest,,,,,,0,,,0,0,0,,,,Plate_Inoculated,,2025-10-31T22:03:18.401Z,,,,,PLATEGRP-1761939326708,,,,
rec1f1KUlHeQ493Ox,Coco Verm Gypsum,1,5,Retired,,,2025-09-29T16:56:18.000Z,2025-12-29,,substrate,Sterilize,,,,,,,,,,,,,,,,,,0,0,,,,,,,,,2025-09-29T16:56:17.617Z,,,,,,
rec1mfUCKWdZXJYeU,Wild Bird Seed,1,2,Colonizing,,Robert,2026-04-24T20:23:02.000Z,2026-07-24,,grain,Sterilize,Lion’s Mane,MYYCO,,,,,,,,,MYYCO,,,5,,,5,,,,,,Grain_Inoculated,,2026-04-24T20:30:39.015Z,,,2026-04-24T07:30:00.000Z,,,,,,
rec1pFqsMMe5a0Vbs,Masters Mix 75/25,1,7.5,Consumed,,,2025-10-31T18:22:12.000Z,2025-11-01,,substrate,Sterilize,,,,,,,,,,,,,,,,,,0,0,,,,,,,,,2025-08-01T18:22:00.000Z,,,,,,
rec1ymPORJIsY0au1,Wild Bird Seed,1,2,Retired,,,2025-12-18T16:45:54.000Z,2026-04-02,,grain,Sterilize,Lion’s Mane,Fungaia,,,,,,,,,,,,5,,,5,,,,,,Grain_Inoculated,,2026-01-02T19:39:44.230Z,,,2025-12-18T16:45:53.270Z,,,,,,
rec20crkKcED5G637,Masters Mix 75/25,1,7.5,Sterilized,,Robert,2026-02-28T18:29:54.000Z,2026-05-28,,substrate,Sterilize,,,,,,,,,,,,,,,,,,,,,,,,,,,,2026-02-28T18:29:00.000Z,,,,,,
rec21SoS0BKEI3XgY,Small Masters Mix 75/25,1,3.3333333333333335,Fruiting,"[""recyW79VRH9BmQXHe"",""rec3AnYfbAfmcBXNd"",""recFEKo3IBiG6mLXl"",""reczkd235gVQ1N7Vt""]",,2026-01-01T21:14:44.000Z,2026-04-01,,fruiting_block,,Lion’s Mane,,,,,1,93.66,,,,,,,,,,,,1,,,,Bulk_Created,,,,2026-01-01T21:14:43.681Z,,,,,,,
rec26j5zhA8ZVMXGb,Wild Bird Seed,1,2,Consumed,,Robert,2026-04-24T20:23:02.000Z,2026-07-24,,grain,Sterilize,,,,,,,,,,,,,,,,,,,,,,,,,,,,2026-04-24T07:30:00.000Z,,,,,,
rec2A8uwuuVkSVZOr,Masters Mix 75/25,1,2.5,Consumed,,,2025-12-13T13:17:03.000Z,2026-03-13,,substrate,Sterilize,,,,,,,,,,,,,,,,,,0,0,,,,,,,,,2025-12-13T13:16:00.000Z,,,,,,
rec2AXL1EN5UpDdSr,Liquid Culture Flask,1,500,Fridge,,,2025-09-29T15:52:21.000Z,2026-02-28,,lc_flask,Sterilize,Blue Oyster,MYYCO,2,,,,,,1,,,,,500,,,487,0,0,,,,LC_Flask_Inoculated,2025-08-31T15:53:00.000Z,2025-08-31T15:53:00.000Z,,,2025-05-01T15:52:00.000Z,,,,,,
rec2JSyrwByOqyLSs,Coco Verm Gypsum,1,2.5,Consumed,,,2026-01-15T13:54:00.000Z,2026-04-15,,substrate,Pasteurize,,,,,,,,,,,,,,,,,,,,,,,,,,,,2026-01-15T13:53:00.000Z,,,,,,
rec2LV9MFUuynmwig,Coco Verm Gypsum,1,5,Consumed,,Robert,2026-03-10T18:23:51.000Z,2026-06-10,,substrate,Pasteurize,,,,,,,,,,,,,,,,,,,,,,,,,,,,2026-03-10T18:23:50.693Z,,,,,,
rec2Ml5vjQdV53Gts,Wild Bird Seed,1,2,Fridge,,,2026-03-24T13:17:24.000Z,2026-07-12,,grain,Sterilize,Bronze Reishi,Fungaia,,,,,,,,,Fungaia,,,5,,,5,,,,,,Grain_Inoculated,,2026-04-12T20:54:02.022Z,,,2026-03-24T13:17:23.986Z,,,,,,
rec2N3dtheJfIWGL7,Wild Bird Seed,1,2,Sterilized,,Robert,2026-04-24T20:23:02.000Z,2026-07-24,,grain,Sterilize,,,,,,,,,,,,,,,,,,,,,,,,,,,,2026-04-24T07:30:00.000Z,,,,,,
rec2QhkiZVDxXnBdn,Agar Plate 90x15mm,,,Retired,,,2025-12-22T20:03:14.000Z,,,plate,,Turkey Tail,Fungaia,,,,,,,,,,,,0.25,,,0.25,,,,,,Plate_Inoculated,,2025-12-22T20:54:33.729Z,,,,,PLATEGRP-1766433793108,,,,
rec2TCDfqYOMQHNEp,Wild Bird Seed,1,2,Consumed,,,2026-01-04T20:27:20.000Z,2026-04-04,,grain,Sterilize,,,,,,,,,,,,,,,,,,,,,,,,,,,,2026-01-04T20:27:19.381Z,,,,,,
rec2alzkr2OS9LKEs,Small Masters Mix 75/25,1,1.6666666666666667,Fruiting,"[""rechP7fXl9hiMAEit"",""recGnWGF3f92zXBrN"",""recvQYPEs7URQGP0M"",""reclq4McHJH7t1NRT""]",,2026-04-06T20:45:21.000Z,2026-07-06,,fruiting_block,,Blue Oyster,Fungaia,,,,1,204.58,,,,,,,,,,,1,,,,,Bulk_Created,,,,2026-04-06T20:45:20.854Z,,,,,,,
rec2p0dsmchHxAUxv,Organic Wheat/Millet,1,2,Consumed,,,2025-10-10T15:52:26.000Z,2025-12-13,,grain,Sterilize,Blue Oyster,MYYCO,1,2,Side,,,,,,,,,,,,,0,0,,,,Grain_Inoculated,2025-09-13T15:52:00.000Z,2025-09-13T15:52:00.000Z,,,2025-08-01T15:52:00.000Z,,,,,,
rec2pACmVuDuls7QG,Small Masters Mix 75/25,1,3.3333333333333335,Retired,"[""recyW79VRH9BmQXHe"",""rec3AnYfbAfmcBXNd"",""recFEKo3IBiG6mLXl"",""reczkd235gVQ1N7Vt""]",,2026-01-01T21:14:44.000Z,2026-04-01,,fruiting_block,,Lion’s Mane,,,,,,,,,,,,,,,,,,,,,,Bulk_Created,,,,2026-01-01T21:14:43.681Z,,,,2026-05-09T12:44:13.585Z,,,
rec2tqKs3nTdW0adZ,Coco Verm Gypsum,1,5,Consumed,,Ray,2025-10-07T16:17:54.000Z,2026-01-07,,substrate,Pasteurize,,,,,,,,,,,,,,,,,,0,0,,,,,,,,,2025-10-07T16:17:00.000Z,,,,,,
rec2yMtCRKK8rGbQk,Peat Moss,1,2.5,Retired,,,2025-10-13T19:26:42.000Z,2025-12-01,,casing,Pasteurize,,,,,,,,,,,,,,,,,,0,0,,,,,,,,,2025-09-01T19:26:00.000Z,,,,,,
rec34lIO0f0fHVGNX,Coco Verm Gypsum,1,2.5,Consumed,,,2025-11-06T17:10:42.000Z,2025-12-29,,substrate,Sterilize,,,,,,,,,,,,,,,,,,0,0,,,,,,,,,2025-09-29T16:10:00.000Z,,,,,,
rec39NnabLUPe7wyI,Masters Mix 75/25,1,7.5,Consumed,,,2025-12-13T13:17:20.000Z,2026-03-13,,substrate,Sterilize,,,,,,,,,,,,,,,,,,0,0,,,,,,,,,2025-12-13T13:17:00.000Z,,,,,,
rec3AnYfbAfmcBXNd,Masters Mix 75/25,1,7.5,Consumed,,,2025-11-10T23:46:10.000Z,2026-02-10,,substrate,Sterilize,,,,,,,,,,,,,,,,,,0,0,,,,,,,,,2025-11-10T23:45:00.000Z,,,,,,
rec3QEHNQTBrHyUij,Wild Bird Seed,1,2,Consumed,,Robert,2026-04-24T20:23:02.000Z,2026-07-24,,grain,Sterilize,,,,,,,,,,,,,,,,,,,,,,,,,,,,2026-04-24T07:30:00.000Z,,,,,,
rec3aFjbJbpXVHgKt,Masters Mix 75/25,1,7.5,Sterilized,,,2026-01-17T13:36:05.000Z,2026-04-17,,substrate,Sterilize,,,,,,,,,,,,,,,,,,,,,,,,,,,,2026-01-17T13:36:00.000Z,,,,,,
rec3c9NCLKPVhyUWI,Coco Verm Gypsum,1,2.5,Consumed,,,2026-01-03T18:00:46.000Z,2026-04-03,,substrate,Pasteurize,,,,,,,,,,,,,,,,,,,,,,,,,,,,2026-01-03T18:00:45.573Z,,,,,,
rec3fO2o4IoW2UrzH,Coco Verm Gypsum,1,5,Consumed,,,2025-09-29T16:56:18.000Z,2025-12-29,,substrate,Sterilize,,,,,,,,,,,,,,,,,,0,0,,,,,,,,,2025-09-29T16:56:17.617Z,,,,,,
rec3j4FEb64EiScwX,Wild Bird Seed,1,2,Fridge,,,2025-12-18T16:45:54.000Z,2026-04-02,,grain,Sterilize,Lion’s Mane,Fungaia,,,,,,,,,,,,5,,,5,,,,,,Grain_Inoculated,,2026-01-02T19:39:44.230Z,,,2025-12-18T16:45:53.270Z,,,,,,
rec3ooyBH9jblar0N,Coco Verm Gypsum,1,5,Consumed,,,2026-02-16T23:15:58.000Z,2026-05-16,,substrate,Pasteurize,,,,,,,,,,,,,,,,,,,,,,,,,,,,2026-02-16T23:15:57.425Z,,,,,,
rec42w4NR3ujpUDGL,Wild Bird Seed,1,2,Sterilized,,Robert,2026-04-24T20:23:02.000Z,2026-07-24,,grain,Sterilize,,,,,,,,,,,,,,,,,,,,,,,,,,,,2026-04-24T07:30:00.000Z,,,,,,
rec43XEZX5ScVgHYn,Agar Plate 90x15mm,1,,Retired,,,2025-10-31T19:35:27.000Z,,Contaminated,plate,,,,,,,,,Albino Melmak Clone from 10/30 Harvest,,,,,,0,,,0,0,0,,,,Plate_Inoculated,,2025-10-31T22:15:08.643Z,,,,,PLATEGRP-1761939326708,,,,
rec46PMelcPebCDCQ,Large Masters Mix 75/25,1,8.5,Retired,"[""recgBZxhpKhFfd5zv"",""recFqB6of22JpYEDg"",""recnpBmDwhuVYzjRl""]",,2026-01-16T17:28:23.000Z,2026-04-16,,fruiting_block,,Blue Oyster,,,,,3,92.34,,,,,,,,,,,0,1,,,,Bulk_Created,,,,2026-01-16T17:28:23.182Z,,,,2026-04-15T20:43:17.306Z,,,
rec47IMaITWjZXJ6K,Masters Mix 75/25,1,7.5,Consumed,,,2025-11-06T17:04:16.000Z,2026-02-06,,substrate,Sterilize,,,,,,,,,,,,,,,,,,0,0,,,,,,,,,2025-11-06T17:04:00.000Z,,,,,,
rec47jWqe7R9FrdfO,Wild Bird Seed,1,2,Sterilized,,Robert,2026-04-24T20:23:04.000Z,2026-07-24,,grain,Sterilize,,,,,,,,,,,,,,,,,,,,,,,,,,,,2026-04-24T07:30:00.000Z,,,,,,
rec4BROshofOAp7iR,Large Masters Mix 75/25,1,8.75,Retired,"[""recO5ZYeboHccgx0F"",""reczgfeGBuqsPAHG6"",""rec39NnabLUPe7wyI""]",,2026-01-01T21:15:46.000Z,2026-04-01,,fruiting_block,,Turkey Tail,,,,,,,,,,,,,,,,,,,,,,Bulk_Created,,,,2026-01-01T21:15:45.663Z,,,,2026-04-10T20:39:58.009Z,,,
rec4IeY1rSxh4e4YX,Masters Mix 75/25,1,7.5,Consumed,,,2025-11-10T23:46:10.000Z,2026-02-10,,substrate,Sterilize,,,,,,,,,,,,,,,,,,0,0,,,,,,,,,2025-11-10T23:45:00.000Z,,,,,,
rec4Kk7Q2HUYPy3U5,Masters Mix 75/25,1,2.5,Sterilized,,,2026-05-05T22:22:15.000Z,2026-08-05,,substrate,Sterilize,,,,,,,,,,,,,,,,,,,,,,,,,,,,2026-05-05T22:22:14.543Z,,,,,,
rec4L5JI6AMilBrle,Masters Mix 75/25,1,7.5,Consumed,,,2025-12-13T13:17:20.000Z,2026-03-13,,substrate,Sterilize,,,,,,,,,,,,,,,,,,0,0,,,,,,,,,2025-12-13T13:17:00.000Z,,,,,,
rec4RECQE22NROMAG,Agar Plate 90x15mm,,,Fridge,,,2026-03-27T20:47:38.000Z,,,plate,,Red Reishi,Fungaia,,,,,,,,,Fungaia,,,2.5,,,2.5,,,,,,Plate_Inoculated,,2026-03-30T16:18:00.033Z,,,,,PLATEGRP-1774644457723,,,,
rec4T0kxHQJkZsObv,Wild Bird Seed,1,2.5,Fridge,,,2025-11-21T17:16:32.000Z,2026-03-22,,grain,Sterilize,Bronze Reishi,Fungaia,,,,,,,,,,,,5.5,,,5.5,0,0,,,,Grain_Inoculated,,2025-12-22T20:48:11.133Z,,,2025-11-21T17:16:00.000Z,,,,,,
rec4UOviVn42loWw1,Masters Mix 75/25,1,7.5,Consumed,,,2025-12-16T16:38:22.000Z,2026-03-16,,substrate,Sterilize,,,,,,,,,,,,,,,,,,,,,,,,,,,,2025-12-16T16:38:00.000Z,,,,,,
rec4UmgqFDekXQl9A,Agar Plate 90x15mm,,,Fridge,,,2026-03-27T20:47:38.000Z,,,plate,,Pink Oyster,Fungaia,,,,,,,,,Fungaia,,,0.1,,,0.1,,,,,,Plate_Inoculated,,2026-04-17T19:36:49.069Z,,,,,PLATEGRP-1774644457723,,,,
rec4nMiaMrImhgx0f,Coco Verm Gypsum,1,5,Consumed,,,2025-09-29T16:56:18.000Z,2025-12-29,,substrate,Sterilize,,,,,,,,,,,,,,,,,,0,0,,,,,,,,,2025-09-29T16:56:17.617Z,,,,,,
rec4yeZBeQ9LhH9el,Masters Mix 50/50,1,7.5,Sterilized,,Robert,2026-03-05T17:21:05.000Z,2026-06-05,,substrate,Sterilize,,,,,,,,,,,,,,,,,,,,,,,,,,,,2026-03-05T17:21:04.594Z,,,,,,
rec4ys88jD9Y19m53,Masters Mix 75/25,1,7.5,Consumed,,,2025-11-10T23:46:10.000Z,2026-02-10,,substrate,Sterilize,,,,,,,,,,,,,,,,,,0,0,,,,,,,,,2025-11-10T23:45:00.000Z,,,,,,
rec51STE33B5G5ROu,Large Masters Mix 75/25,1,8.5,Retired,"[""recpVumNCaJIjL0hb"",""reccMQJYQBflZNtkj"",""recNpvu9GXIG94wJA""]",,2026-01-16T17:29:41.000Z,2026-04-16,,fruiting_block,,Branched Oyster,,,,,3,126.55,,,,,,,,,,,0,1,,,,Bulk_Created,,,,2026-01-16T17:29:40.485Z,,,,2026-04-15T20:43:07.761Z,,,
rec56cHmEtj5h0Yz1,Masters Mix 50/50,1,7.5,Sterilized,,Robert,2026-03-05T17:21:05.000Z,2026-06-05,,substrate,Sterilize,,,,,,,,,,,,,,,,,,,,,,,,,,,,2026-03-05T17:21:04.594Z,,,,,,
rec59VzI7E6XH3ReU,Large Masters Mix 75/25,1,8.75,Retired,"[""recO5ZYeboHccgx0F"",""reczgfeGBuqsPAHG6"",""rec39NnabLUPe7wyI""]",,2026-01-01T21:15:46.000Z,2026-04-01,,fruiting_block,,Turkey Tail,,,,,,,,,,,,,,,,,,,,,,Bulk_Created,,,,2026-01-01T21:15:45.663Z,,,,2026-04-03T23:32:25.324Z,,,
rec5BdDEQYlvMjLLa,Masters Mix 75/25,1,2.5,Sterilized,,,2026-05-05T22:22:15.000Z,2026-08-05,,substrate,Sterilize,,,,,,,,,,,,,,,,,,,,,,,,,,,,2026-05-05T22:22:14.543Z,,,,,,
rec5CVObIhkWk8zAM,Wild Bird Seed,1,2,Consumed,,Robert,2026-04-24T20:23:02.000Z,2026-07-24,,grain,Sterilize,,,,,,,,,,,,,,,,,,,,,,,,,,,,2026-04-24T07:30:00.000Z,,,,,,
rec5JiIAhwDu2Ix1Y,Coco Verm Gypsum,1,2.5,Pasteurized,,,2026-04-22T12:28:53.000Z,2026-07-22,,substrate,Sterilize,,,,,,,,,,,,,,,,,,,,,,,,,,,,2026-04-22T12:28:52.942Z,,,,,,
rec5X8jBB93Iog3jg,Large Masters Mix 75/25,1,8.5,Retired,"[""recYElMmAVWesoJLn"",""recHnFATwBSYX5pTz"",""reclJI6bBCCUZ98xP""]",,2025-12-13T19:12:04.000Z,2026-03-13,,fruiting_block,,Turkey Tail,,,,,,,,,,,,,,,,,0,0,,,,Bulk_Created,,,,2025-12-13T19:12:03.457Z,,,,,,,
rec5ZBHH24Yf0oe8m,Organic Wheat/Millet,1,2,Consumed,,,2025-10-06T13:52:07.000Z,2025-09-21,,grain,Sterilize,Lion’s Mane,MYYCO,3,3,Top,,,,,,,,,5,,,5,0,0,,,,Grain_Inoculated,2025-06-21T19:01:00.000Z,2025-06-21T19:01:00.000Z,2025-09-02T19:12:00.000Z,,2025-10-06T13:51:00.000Z,,,,,,
rec5frySpofQpKD9y,Masters Mix 75/25,1,7.5,Consumed,,,2025-12-13T13:17:20.000Z,2026-03-13,,substrate,Sterilize,,,,,,,,,,,,,,,,,,0,0,,,,,,,,,2025-12-13T13:17:00.000Z,,,,,,
rec5idtik6CZZpWTV,Coco Verm Gypsum,1,2.5,Consumed,,,2025-12-09T20:02:22.000Z,2026-03-09,,substrate,Pasteurize,,,,,,,,,,,,,,,,,,0,0,,,,,,,,,2025-12-09T19:58:00.000Z,,,,,,
rec625XR3HDNSbo6k,Peat Moss,1,3,Sterilized,,,2026-04-09T20:39:00.000Z,2026-07-09,,casing,Sterilize,,,,,,,,,,,,,,,,,,,,,,,,,,,,2026-04-09T20:38:59.422Z,,,,,,
rec63NQKK9k71l15R,Coco Verm Gypsum,1,5,Consumed,,,2025-11-12T19:14:50.000Z,2026-02-12,,substrate,Pasteurize,,,,,,,,,,,,,,,,,,0,0,,,,,,,,,2025-11-12T19:14:00.000Z,,,,,,
rec64bXJ0sdxht5dl,Agar Plate 90x15mm,,,Sterilized,,,2026-03-27T20:47:46.000Z,,,plate,,,,,,,,,,,,,,,,,,,,,,,,,,,,,,,PLATEGRP-1774644465501,,,,
rec66vY8AY9xGrwZA,Coco Verm Gypsum,1,5,Consumed,,Robert,2026-03-10T18:23:51.000Z,2026-06-10,,substrate,Pasteurize,,,,,,,,,,,,,,,,,,,,,,,,,,,,2026-03-10T18:23:50.693Z,,,,,,
rec678cVZMUHUUeEg,Organic Wheat/Millet,1,2,Consumed,,,2025-10-06T13:52:07.000Z,2025-11-15,,grain,Sterilize,Lion’s Mane,MYYCO,3,2,Top,,,,,,,,,5,,,5,0,0,,,,Grain_Inoculated,2025-08-15T19:02:00.000Z,2025-08-15T19:02:00.000Z,2025-09-18T19:12:00.000Z,,2025-10-06T13:51:00.000Z,,,,,,
rec68VDe3INOZ6LA2,Agar Flask,1,400,Consumed,,,2026-03-27T20:45:12.000Z,,,agar_flask,Sterilize,,,,,,,,,,,,,,,,,,,,,,,,,,,,2026-03-23T20:45:00.000Z,18,PLATEGRP-1774644436147,,,,
rec6DYC2BQpVso10d,Peat Moss,1,3,Sterilized,,,2026-04-09T20:39:00.000Z,2026-07-09,,casing,Sterilize,,,,,,,,,,,,,,,,,,,,,,,,,,,,2026-04-09T20:38:59.422Z,,,,,,
rec6HbcQ0x1vGv6hB,Large Masters Mix 75/25,1,8.75,Retired,"[""recXWGFV4xqGk0kQk"",""rec5frySpofQpKD9y"",""recr7wbS5aEgCQ1rM""]",,2026-01-07T18:15:33.000Z,2026-04-07,,fruiting_block,,Turkey Tail,,,,,,,,,,,,,,,,,,,,,,Bulk_Created,,,,2026-01-07T18:15:32.974Z,,,,2026-02-16T00:28:49.246Z,,,
rec6IK80LJyoiHYPO,Coco Verm Gypsum,1,2.5,Consumed,,,2026-01-03T18:00:46.000Z,2026-04-03,,substrate,Pasteurize,,,,,,,,,,,,,,,,,,,,,,,,,,,,2026-01-03T18:00:45.573Z,,,,,,
rec6L32vzvxkWkTLA,Small Masters Mix 75/25,1,2.8333333333333335,Consumed,"[""recbpnsqYnzoqmmck"",""rec2A8uwuuVkSVZOr"",""recIOm9zD5t299O8n"",""recYaz120duwL1KfC"",""recYtgV461KCmHnEF"",""rectkiXBbNNAZqVYD"",""recMbqgRxWgMj5xpp""]",,2026-04-02T17:57:20.000Z,2026-07-02,,fruiting_block,,Lion’s Mane,Fungaia,,,,,,,,,,,,,,,,,,,,,Bulk_Created,,,,2026-04-02T17:57:19.849Z,,,,,,,
rec6Nyq4D8WpVS3CI,Organic Wheat/Millet,1,2,Consumed,,,2025-11-11T17:34:05.000Z,2026-01-06,,grain,Sterilize,,,,,,,,,,,,,,,,,,0,0,,,,,,,,,2025-10-06T16:33:00.000Z,,,,,,
rec6OLBIhdjeMKYHR,Agar Flask,1,500,Consumed,,Ray,2025-10-31T19:34:57.000Z,,,agar_flask,Sterilize,,,,,,,,,,,,,,,,,,0,0,,,,,,,,,2025-10-30T19:34:00.000Z,19,,,,,
rec6Pg1K9a9SuIZz0,Coco Verm Gypsum,1,5,Consumed,,,2025-11-12T19:15:55.000Z,2026-02-12,,substrate,Pasteurize,,,,,,,,,,,,,,,,,,0,0,,,,,,,,,2025-11-12T19:15:00.000Z,,,,,,
rec6YWY70rN1F2VDs,Masters Mix 75/25,1,2.5,Consumed,,,2026-01-17T13:35:51.000Z,2026-04-17,,substrate,Sterilize,,,,,,,,,,,,,,,,,,,,,,,,,,,,2026-01-17T13:35:00.000Z,,,,,,
rec6YkRHnMzxbAEoy,Coco Verm Gypsum,1,5,Consumed,,Ray,2025-10-07T16:17:54.000Z,2026-01-07,,substrate,Pasteurize,,,,,,,,,,,,,,,,,,0,0,,,,,,,,,2025-10-07T16:17:00.000Z,,,,,,
rec6ZhDkGPCnoRSEF,Large Masters Mix 75/25,1,8.5,Retired,"[""recBCPOYW3sNIBW1v"",""recsshF9dIWKoeLdr"",""recGHILLo2SQorGSB""]",,2026-02-28T18:33:00.000Z,2026-05-28,,fruiting_block,,Lion’s Mane,,,,,2,135.1,,,,,,,,,,,,1,,,,Bulk_Created,,,,2026-02-28T18:33:00.079Z,,,,2026-05-09T12:47:06.586Z,,,
rec6bYR3boBCsJVVA,Small Masters Mix 75/25,1,4.75,Retired,"[""recCcv3VMVqlLQg0S"",""recAuHoaUyTsfQ95r""]",,2025-11-06T20:26:01.000Z,2026-02-06,,fruiting_block,,Blue Oyster,,,,,,,,,,,,,,,,,0,0,,,,Bulk_Created,,,,2025-11-06T20:26:00.909Z,,,,,,,
rec6bswlsl6U5cEYd,Masters Mix 75/25,1,7.5,Consumed,,,2026-01-17T13:36:05.000Z,2026-04-17,,substrate,Sterilize,,,,,,,,,,,,,,,,,,,,,,,,,,,,2026-01-17T13:36:00.000Z,,,,,,
rec6dezpIfrxtV9Yf,Wild Bird Seed,1,2,Fridge,,,2026-03-24T13:17:24.000Z,2026-06-30,,grain,Sterilize,Black Pearl King Oyster,MYYCO,,,,,,,,,MYYCO,,,4.5,,,4.5,,,,,,Grain_Inoculated,,2026-03-30T18:58:44.967Z,,,2026-03-24T13:17:23.986Z,,,,,,
rec6klKRz7Dgosefa,Wild Bird Seed,1,2,Sterilized,,Robert,2026-04-24T20:23:02.000Z,2026-07-24,,grain,Sterilize,,,,,,,,,,,,,,,,,,,,,,,,,,,,2026-04-24T07:30:00.000Z,,,,,,
rec6mTDbUY0UeV3Lz,Wild Bird Seed,1,2.5,Fridge,,,2025-11-21T17:16:30.000Z,2025-11-30,,grain,Sterilize,Turkey Tail,,,,,,,,,,,,,5.5,,,5.5,0,0,,,,Grain_Inoculated,,2025-08-31T16:16:00.000Z,,,2025-11-21T17:16:00.000Z,,,,,,
rec6mV7zZFh2IfOgP,Large Masters Mix 75/25,1,8.5,Fruiting,"[""recM3DnRKo72Ciu5e"",""recHiKvZ9Aqn67nya"",""rec7JfVopN8Ex6zg3""]",,2026-02-25T21:46:45.000Z,2026-05-25,,fruiting_block,,Chestnut,,,,,,,,,,,,,,,,,,,,,,Bulk_Created,,,,2026-02-25T21:46:44.946Z,,,,,,,
rec6nu5Fk7mhsXHA7,Organic Wheat/Millet,1,2,Consumed,,,2025-10-06T13:52:07.000Z,2025-11-13,,grain,Sterilize,Lion’s Mane,,3,2,Side,,,,,,,,,5,,,5,0,0,,,,Grain_Inoculated,2025-08-13T16:34:00.000Z,2025-08-13T16:34:00.000Z,2025-09-18T16:43:00.000Z,,2025-10-06T13:51:00.000Z,,,,,,
rec6oxHaV5u5ViXkY,Coco Verm Gypsum,1,5,Consumed,,,2025-11-12T19:14:50.000Z,2026-02-12,,substrate,Pasteurize,,,,,,,,,,,,,,,,,,0,0,,,,,,,,,2025-11-12T19:14:00.000Z,,,,,,
rec6qpd2u7euALL8k,Peat Moss,1,2.5,Retired,,,2025-10-13T19:26:42.000Z,2025-12-01,,casing,Pasteurize,,,,,,,,,,,,,,,,,,0,0,,,,,,,,,2025-09-01T19:26:00.000Z,,,,,,
rec6vEiNx3mSz8WQt,Wild Bird Seed,1,2,Consumed,,,2025-12-18T16:45:54.000Z,2026-03-22,,grain,Sterilize,Lion’s Mane,Fungaia,,1,Side,,,,,,,,,5,,,5,,,,,,Grain_Inoculated,,2025-12-22T20:53:08.633Z,,,2025-12-18T16:45:53.270Z,,,,,,
rec70jzPud70QaYU0,Coco Verm Gypsum,1,2.5,Pasteurized,,,2026-04-22T12:28:53.000Z,2026-07-22,,substrate,Sterilize,,,,,,,,,,,,,,,,,,,,,,,,,,,,2026-04-22T12:28:52.942Z,,,,,,
rec71XDFy3zWKR1jI,Liquid Culture Syringe,1,,Fridge,,,2025-12-13T18:29:37.000Z,,,lc_syringe,,Branched Oyster,Fungaia,,,,,,,,Purchased,Fungaia,May25,2025-05-24,10,,,1,0,0,,,,LC_Syringe_Received,,,,,,,,,,,
rec72hcvohVICQYj9,Small Masters Mix 75/25,1,4.833333333333333,Consumed,"[""recqyOytv8GmngJzs"",""recHIwJN2rAyL4slE"",""reciOBH39m4RTwp5K"",""recZCEEylYykgXBL0""]",,2025-12-13T19:04:46.000Z,2026-03-13,,fruiting_block,,Branched Oyster,,,,,,,,,,,,,,,,,0,0,,,,Bulk_Created,,,,2025-12-13T19:04:45.627Z,,,,,,,
rec73ZawuWgprelSN,Coco Verm Gypsum,1,5,Consumed,,Ray,2025-10-07T16:17:54.000Z,2026-01-07,,substrate,Pasteurize,,,,,,,,,,,,,,,,,,0,0,,,,,,,,,2025-10-07T16:17:00.000Z,,,,,,
rec76OKQtFFGvyIiM,Large Masters Mix 75/25,1,8.5,Retired,"[""rec2p0dsmchHxAUxv"",""reccRiIuV9oQDYC0P"",""recdke6rptRunjIm4""]",,2025-11-13T17:57:57.000Z,2026-02-13,,fruiting_block,,Blue Oyster,,,,,2,397.4,,,,,,,,,,,0,1,,,,Bulk_Created,,,,2025-11-13T17:57:56.601Z,,,,,,,
rec7HQLKz0t7JTIVS,Organic Wheat/Millet,1,2,Consumed,,,2025-10-06T13:52:07.000Z,2025-11-15,,grain,Sterilize,Chestnut,MYYCO,3,2,Top,,,,,,,,,5,,,5,0,0,,,,Grain_Inoculated,2025-08-15T16:46:00.000Z,2025-08-15T16:46:00.000Z,2025-09-18T16:48:00.000Z,,2025-10-06T13:51:00.000Z,,,,,,
rec7JfVopN8Ex6zg3,Masters Mix 75/25,1,7.5,Consumed,,,2026-01-17T13:36:05.000Z,2026-04-17,,substrate,Sterilize,,,,,,,,,,,,,,,,,,,,,,,,,,,,2026-01-17T13:36:00.000Z,,,,,,
rec7MyBsRZaBoAKmv,Agar Plate 90x15mm,,,Fridge,,,2026-03-27T20:47:38.000Z,,,plate,,Cordyceps,Fungaia,,,,,,,,,Fungaia,,,0.25,,,0.25,,,,,,Plate_Inoculated,,2026-04-12T20:57:31.389Z,,,,,PLATEGRP-1774644457723,,,,
rec7OZ89bXA07Mfyj,Coco Verm Gypsum,1,2.5,Consumed,,,2025-12-09T20:02:22.000Z,2026-03-09,,substrate,Pasteurize,,,,,,,,,,,,,,,,,,0,0,,,,,,,,,2025-12-09T19:58:00.000Z,,,,,,
rec7OxTbl1Jw4agFi,Small Masters Mix 75/25,1,1.6666666666666667,Fruiting,"[""rechP7fXl9hiMAEit"",""recGnWGF3f92zXBrN"",""recvQYPEs7URQGP0M"",""reclq4McHJH7t1NRT""]",,2026-04-06T20:45:21.000Z,2026-07-06,,fruiting_block,,Blue Oyster,Fungaia,,,,1,127.41,,,,,,,,,,,,1,,,,Bulk_Created,,,,2026-04-06T20:45:20.854Z,,,,,,,
rec7PBJa1I541bvat,Agar Plate 90x15mm,,,Fridge,,,2025-10-31T19:54:34.000Z,,,plate,,Lion’s Mane,Fungaia,,,,,,,,,,,,4,,,4,0,0,,,,Plate_Inoculated,,2025-12-12T18:44:26.064Z,,,,,PLATEGRP-1761940473597,,,,
rec7UlNJ7YvvkZOzo,Liquid Culture Flask,1,500,Fridge,,,2026-03-30T16:15:35.000Z,2026-09-30,,lc_flask,Sterilize,Cordyceps,Fungaia,,,,,,,,,Fungaia,,,502,,,501.5,,,,,,LC_Flask_Inoculated,,2026-03-30T16:23:42.106Z,,,2026-03-30T16:15:34.671Z,,,,,,
rec7WBWmi2WlMyQRo,Masters Mix 75/25,1,2.5,Sterilized,,,2026-05-05T22:22:15.000Z,2026-08-05,,substrate,Sterilize,,,,,,,,,,,,,,,,,,,,,,,,,,,,2026-05-05T22:22:14.543Z,,,,,,
rec7aDJzMmUPhvuYM,Masters Mix 75/25,1,7.5,Consumed,,,2025-11-06T17:04:16.000Z,2026-02-06,,substrate,Sterilize,,,,,,,,,,,,,,,,,,0,0,,,,,,,,,2025-11-06T17:04:00.000Z,,,,,,
rec7cRl6IHZmLurgY,Small Masters Mix 75/25,1,4.833333333333333,Retired,"[""recvt58p4y1vMMeZU"",""recFgZoVVTSSOk1pJ"",""recuEdbkAt7jSmseH"",""recp3aCN5YiWXtRyp""]",,2025-12-13T19:09:18.000Z,2026-03-13,,fruiting_block,,Pink Oyster,,,,,,,,,,,,,,,,,0,0,,,,Bulk_Created,,,,2025-12-13T19:09:17.030Z,,,,,,,
rec7e4hlqnmOcy303,Wild Bird Seed,1,2,Consumed,,,2025-12-18T16:45:54.000Z,2026-03-22,,grain,Sterilize,Turkey Tail,Fungaia,,6,Side,,,,,,,,,5,,,5,,,,,,Grain_Inoculated,,2025-12-22T20:55:36.439Z,,,2025-12-18T16:45:53.270Z,,,,,,
rec7eP4HEzIgd3zlf,Coco Verm Gypsum,1,5,Consumed,,Robert,2026-03-10T18:23:51.000Z,2026-06-10,,substrate,Pasteurize,,,,,,,,,,,,,,,,,,,,,,,,,,,,2026-03-10T18:23:50.693Z,,,,,,
rec7f8nVIdC7NsnlO,Large Masters Mix 75/25,1,8.75,Fruiting,"[""recQ5YKK1hRUK3AEy"",""reczbjMBFm1vaX3T3"",""recAF7nkDoF3JnGnk""]",,2026-01-01T21:16:56.000Z,2026-04-01,,fruiting_block,,Red Reishi,,,,,1,134.49,,,,,,,,,,,,1,,,,Bulk_Created,,,,2026-01-01T21:16:56.071Z,,,,,,,
rec7gRoyNmcGlFBgI,Coco Verm Gypsum,1,5,Consumed,,,2026-02-16T23:15:57.000Z,2026-05-16,,substrate,Pasteurize,,,,,,,,,,,,,,,,,,,,,,,,,,,,2026-02-16T23:15:56.486Z,,,,,,
rec7mt9no3PCYBtB4,Peat Moss,1,2.5,Retired,,,2025-10-13T19:26:42.000Z,2025-12-01,,casing,Pasteurize,,,,,,,,,,,,,,,,,,0,0,,,,,,,,,2025-09-01T19:26:00.000Z,,,,,,
rec7rNCK8aOzrTxCU,Coco Verm Gypsum,1,5,Consumed,,,2025-12-09T20:03:25.000Z,2026-03-09,,substrate,Pasteurize,,,,,,,,,,,,,,,,,,0,0,,,,,,,,,2025-12-09T20:03:00.000Z,,,,,,
rec7v3XEztfO5YELI,Coco Verm Gypsum,1,5,Consumed,,,2026-02-16T23:15:58.000Z,2026-05-16,,substrate,Pasteurize,,,,,,,,,,,,,,,,,,,,,,,,,,,,2026-02-16T23:15:57.425Z,,,,,,
rec7vn7xnEv1VuIbg,Wild Bird Seed,1,2,Fridge,,,2026-03-24T13:17:24.000Z,2026-07-12,,grain,Sterilize,Turkey Tail,Fungaia,,,,,,,,,Fungaia,,,5,,,5,,,,,,Grain_Inoculated,,2026-04-12T20:56:21.005Z,,,2026-03-24T13:17:23.986Z,,,,,,
rec7y14H6wFHDqvJN,Small Masters Mix 75/25,1,4.75,Fruiting,"[""rec0gVNHkrGiqWLjC"",""rec7aDJzMmUPhvuYM""]",,2025-11-06T20:25:29.000Z,2026-02-06,,fruiting_block,,Lion’s Mane,,,,,4,83.7,,,,,,,,,,,0,1,,,,Bulk_Created,,,,2025-11-06T20:25:28.038Z,,,,,,,
rec80Q0dlUG89Rajn,Wild Bird Seed,1,2,Consumed,,Robert,2026-04-24T20:23:02.000Z,2026-07-24,,grain,Sterilize,,,,,,,,,,,,,,,,,,,,,,,,,,,,2026-04-24T07:30:00.000Z,,,,,,
rec80tLwY29WhPBqm,Wild Bird Seed,1,2,Consumed,,Robert,2026-04-24T20:23:02.000Z,2026-07-24,,grain,Sterilize,,,,,,,,,,,,,,,,,,,,,,,,,,,,2026-04-24T07:30:00.000Z,,,,,,
rec81B2VSQttfvNLU,Coco Verm Gypsum,1,5,Consumed,,,2025-09-29T16:56:18.000Z,2025-12-29,,substrate,Sterilize,,,,,,,,,,,,,,,,,,0,0,,,,,,,,,2025-09-29T16:56:17.617Z,,,,,,
rec8HZm9p3hxUYWIB,Coco Verm Gypsum,1,2.5,Consumed,,,2025-12-09T20:02:22.000Z,2026-03-09,,substrate,Pasteurize,,,,,,,,,,,,,,,,,,0,0,,,,,,,,,2025-12-09T19:58:00.000Z,,,,,,
rec8ZmU2hJHwEnABb,Coco Verm Gypsum,1,2.5,Consumed,,,2026-01-15T13:54:00.000Z,2026-04-15,,substrate,Pasteurize,,,,,,,,,,,,,,,,,,,,,,,,,,,,2026-01-15T13:53:00.000Z,,,,,,
rec8ZyLRjSpvdWmBD,Liquid Culture Flask,1,500,Fridge,,,2026-03-30T17:39:51.000Z,2026-09-30,,lc_flask,Sterilize,Lion’s Mane,MYYCO,,,,,,,,,MYYCO,,,502.5,,,499.4,,,,,,LC_Flask_Inoculated,,2026-03-30T18:59:41.129Z,,,2026-03-30T17:39:50.874Z,,,,,,
rec8d90YI4Si4gPwF,Coco Verm Gypsum,1,5,Retired,,,2025-09-29T16:56:18.000Z,2025-12-29,,substrate,Sterilize,,,,,,,,,,,,,,,,,,0,0,,,,,,,,,2025-09-29T16:56:17.617Z,,,,,,
rec8ffFVXpHE3qwdU,Agar Plate 90x15mm,,,Fridge,,,2025-10-31T19:54:34.000Z,,,plate,,Chestnut,Fungaia,,,,,,,,,,,,2,,,2,0,0,,,,Plate_Inoculated,,2025-12-12T18:40:02.866Z,,,,,PLATEGRP-1761940473597,,,,
rec8fp6xYP4xeHdTG,Coco Verm Gypsum,1,2.5,Consumed,,,2026-01-15T13:54:00.000Z,2026-04-15,,substrate,Pasteurize,,,,,,,,,,,,,,,,,,,,,,,,,,,,2026-01-15T13:53:00.000Z,,,,,,
rec8jFhaqZatPAhXq,Coco Verm Gypsum,1,5,Consumed,,,2026-02-16T23:15:57.000Z,2026-05-16,,substrate,Pasteurize,,,,,,,,,,,,,,,,,,,,,,,,,,,,2026-02-16T23:15:56.486Z,,,,,,
rec8l8EOoQZxs7BUw,Coco Verm Gypsum,1,2.5,Consumed,,,2026-02-16T23:15:40.000Z,2026-05-16,,substrate,Pasteurize,,,,,,,,,,,,,,,,,,,,,,,,,,,,2026-02-16T23:15:39.467Z,,,,,,
rec8o6FZRWgAb9eee,Agar Flask,1,400,Consumed,,,2026-03-27T20:45:12.000Z,,,agar_flask,Sterilize,,,,,,,,,,,,,,,,,,,,,,,,,,,,2026-03-23T20:45:00.000Z,15,PLATEGRP-1774644448064,,,,
rec8p2V9XJAFqm4tw,Agar Plate 90x15mm,1,,Retired,,,2025-10-31T19:35:27.000Z,,Contaminated,plate,,,,,,,,,Albino Melmak Clone 10/31 harvest,,,,,,0,,,0,0,0,,,,Plate_Inoculated,,2025-10-31T22:21:57.287Z,,,,,PLATEGRP-1761939326708,,,,
rec8xXavrA7pKUsCA,Peat Moss,1,3,Retired,,,2025-11-17T18:18:34.000Z,2026-02-17,,casing,Pasteurize,,,,,,,,,,,,,,,,,,0,0,,,,,,,,,2025-11-17T18:18:33.861Z,,,,,,
rec923hP8swIbZWjm,Wild Bird Seed,1,2,Consumed,,,2026-01-04T20:27:20.000Z,2026-04-04,,grain,Sterilize,,,,,,,,,,,,,,,,,,,,,,,,,,,,2026-01-04T20:27:19.381Z,,,,,,
rec9GzYrjM9TscbjB,Masters Mix 75/25,1,7.5,Consumed,,Robert,2026-02-28T18:29:54.000Z,2026-05-28,,substrate,Sterilize,,,,,,,,,,,,,,,,,,,,,,,,,,,,2026-02-28T18:29:00.000Z,,,,,,
rec9LnRtlBLePkk88,Coco Verm Gypsum,1,5,Consumed,,,2025-12-09T20:03:25.000Z,2026-03-09,,substrate,Pasteurize,,,,,,,,,,,,,,,,,,0,0,,,,,,,,,2025-12-09T20:03:00.000Z,,,,,,
rec9PNVFUQfdAKIqu,Peat Moss,1,3,Retired,,,2025-11-17T18:18:34.000Z,2026-02-17,,casing,Pasteurize,,,,,,,,,,,,,,,,,,0,0,,,,,,,,,2025-11-17T18:18:33.861Z,,,,,,
rec9Rc8UO2k0TnChq,Coco Verm Gypsum,1,5,Consumed,,,2025-11-12T19:15:55.000Z,2026-02-12,,substrate,Pasteurize,,,,,,,,,,,,,,,,,,0,0,,,,,,,,,2025-11-12T19:15:00.000Z,,,,,,
rec9ZEsZtjqpxEZK0,Coco Verm Gypsum,1,5,Consumed,,Robert,2026-03-10T18:23:51.000Z,2026-06-10,,substrate,Pasteurize,,,,,,,,,,,,,,,,,,,,,,,,,,,,2026-03-10T18:23:50.693Z,,,,,,
rec9dWfMxtMbHm0Rj,Coco Verm Gypsum,1,2.5,Consumed,,,2025-12-29T19:44:28.000Z,2026-03-29,,substrate,Pasteurize,,,,,,,,,,,,,,,,,,,,,,,,,,,,2025-12-29T19:44:27.969Z,,,,,,
rec9fLlVNPlJ3ScKS,Small Masters Mix 75/25,1,4.833333333333333,Retired,"[""recvt58p4y1vMMeZU"",""recFgZoVVTSSOk1pJ"",""recuEdbkAt7jSmseH"",""recp3aCN5YiWXtRyp""]",,2025-12-13T19:09:18.000Z,2026-03-13,,fruiting_block,,Pink Oyster,,,,,,,,,,,,,,,,,0,0,,,,Bulk_Created,,,,2025-12-13T19:09:17.030Z,,,,,,,
rec9tRpa3lag7EoxN,Masters Mix 75/25,1,2.5,Consumed,,,2025-11-06T17:06:46.000Z,2026-01-04,,substrate,Sterilize,,,,,,,,,,,,,,,,,,0,0,,,,,,,,,2025-10-04T16:06:00.000Z,,,,,,
recA13KNnFU846kTr,Coco Verm Gypsum,1,5,Consumed,,Ray,2025-10-07T16:17:54.000Z,2026-01-07,,substrate,Pasteurize,,,,,,,,,,,,,,,,,,0,0,,,,,,,,,2025-10-07T16:17:00.000Z,,,,,,
recA4ggWy3FhQSoUl,Liquid Culture Flask,1,300,Fridge,,,2025-12-12T18:17:29.000Z,2026-06-12,,lc_flask,Sterilize,Chestnut,Fungaia,,,,,,,5,,,,,302,,,215.75,0,0,,,,LC_Flask_Inoculated,,2025-12-12T18:40:02.866Z,,,2025-12-06T18:17:00.000Z,,,,,,
recA8aIO3wwaGxUFy,Peat Moss,1,3,Retired,,,2025-11-17T18:18:34.000Z,2026-02-17,,casing,Pasteurize,,,,,,,,,,,,,,,,,,0,0,,,,,,,,,2025-11-17T18:18:33.861Z,,,,,,
recAAC2kv0zNKzRKP,Masters Mix 75/25,1,2.5,Sterilized,,,2026-05-05T22:22:15.000Z,2026-08-05,,substrate,Sterilize,,,,,,,,,,,,,,,,,,,,,,,,,,,,2026-05-05T22:22:14.543Z,,,,,,
recAB93J499E1BBYx,Coco Verm Gypsum,1,5,Consumed,,Ray,2025-10-07T16:17:54.000Z,2026-01-07,,substrate,Pasteurize,,,,,,,,,,,,,,,,,,0,0,,,,,,,,,2025-10-07T16:17:00.000Z,,,,,,
recABvpmWN0SzpjI2,Masters Mix 75/25,1,7.5,Consumed,,,2025-10-31T18:22:12.000Z,2025-11-01,,substrate,Sterilize,,,,,,,,,,,,,,,,,,0,0,,,,,,,,,2025-08-01T18:22:00.000Z,,,,,,
recAF7nkDoF3JnGnk,Masters Mix 75/25,1,7.5,Consumed,,,2025-12-13T13:17:20.000Z,2026-03-13,,substrate,Sterilize,,,,,,,,,,,,,,,,,,0,0,,,,,,,,,2025-12-13T13:17:00.000Z,,,,,,
recAGo6zyGKwbHtHu,Large Masters Mix 75/25,1,8.166666666666666,Retired,"[""rectVokN12BS9watD"",""rectTnDY491kV646M"",""recF9RNTM5EfNuZ9r"",""recFRszDHicC7eAEH""]",,2025-10-31T18:23:54.000Z,2025-12-18,,fruiting_block,,Turkey Tail,,,,,3,30.61,,,,,,,,,,,0,1,,,,Bulk_Created,,,,2025-09-18T18:23:00.000Z,,,,2026-02-16T22:17:18.781Z,,,
recAgSq8eOOmrSGMj,Masters Mix 75/25,1,7.5,Consumed,,,2025-12-13T13:17:20.000Z,2026-03-13,,substrate,Sterilize,,,,,,,,,,,,,,,,,,0,0,,,,,,,,,2025-12-13T13:17:00.000Z,,,,,,
recAuHoaUyTsfQ95r,Masters Mix 75/25,1,7.5,Consumed,,,2025-11-06T17:04:16.000Z,2026-02-06,,substrate,Sterilize,,,,,,,,,,,,,,,,,,0,0,,,,,,,,,2025-11-06T17:04:00.000Z,,,,,,
recAwatR0dGptz8cd,Wild Bird Seed,1,2,Consumed,,,2025-12-13T18:31:13.000Z,2025-10-25,,grain,Sterilize,Branched Oyster,Fungaia,,2,Side,,,,,,,,,5,,,5,0,0,,,,Grain_Inoculated,,2025-07-25T17:43:00.000Z,,,2025-05-24T17:31:00.000Z,,,,,,
recAxZjReZXwCJDWd,Large Masters Mix 75/25,1,8.5,Fruiting,"[""recgBZxhpKhFfd5zv"",""recFqB6of22JpYEDg"",""recnpBmDwhuVYzjRl""]",,2026-01-16T17:28:23.000Z,2026-04-16,,fruiting_block,,Blue Oyster,,,,,3,67.38,,,,,,,,,,,0,1,,,,Bulk_Created,,,,2026-01-16T17:28:23.182Z,,,,,,,
recAzn210yIByWnUl,Organic Wheat/Millet,1,5,Retired,,,2025-09-29T18:28:45.000Z,2025-11-01,,grain,Sterilize,,,,,,,,,,,,,,,,,,0,0,,,,,,,,,2025-08-01T18:28:00.000Z,,,,,,
recB0Ejn2ywwv5hVF,Wild Bird Seed,1,2,Sterilized,,Robert,2026-04-24T20:23:02.000Z,2026-07-24,,grain,Sterilize,,,,,,,,,,,,,,,,,,,,,,,,,,,,2026-04-24T07:30:00.000Z,,,,,,
recB6EOwXGYPBuJd4,Wild Bird Seed,1,2,Sterilized,,Robert,2026-04-24T20:23:02.000Z,2026-07-24,,grain,Sterilize,,,,,,,,,,,,,,,,,,,,,,,,,,,,2026-04-24T07:30:00.000Z,,,,,,
recBCPOYW3sNIBW1v,Wild Bird Seed,1,2,Consumed,,,2025-12-18T16:45:54.000Z,2026-04-02,,grain,Sterilize,Lion’s Mane,Fungaia,,2,Side,,,,,,,,,5,,,5,,,,,,Grain_Inoculated,,2026-01-02T19:39:44.230Z,,,2025-12-18T16:45:53.270Z,,,,,,
recBEGln2YGrhsb83,Masters Mix 75/25,1,7.5,Consumed,,,2025-11-06T17:04:16.000Z,2026-02-06,,substrate,Sterilize,,,,,,,,,,,,,,,,,,0,0,,,,,,,,,2025-11-06T17:04:00.000Z,,,,,,
recBIigKiLKrVEO2P,Wild Bird Seed,1,2.5,Fridge,,,2025-11-21T17:16:30.000Z,2026-03-22,,grain,Sterilize,Red Reishi,Fungaia,,,,,,,,,,,,5.5,,,5.5,0,0,,,,Grain_Inoculated,,2025-12-22T20:05:42.015Z,,,2025-11-21T17:16:00.000Z,,,,,,
recBQRzWgSKWq8O91,Liquid Culture Flask,1,300,Retired,,,2025-12-12T18:17:29.000Z,2026-06-12,,lc_flask,Sterilize,Pink Oyster,Fungaia,,,,,,,,,,,,302,,,293,0,0,,,,LC_Flask_Inoculated,,2025-12-12T18:41:54.129Z,,,2025-12-06T18:17:00.000Z,,,2026-03-23T23:55:26.551Z,,,
recBS706EdhphdHF9,Masters Mix 75/25,1,7.5,Consumed,,Robert,2026-02-28T18:29:54.000Z,2026-05-28,,substrate,Sterilize,,,,,,,,,,,,,,,,,,,,,,,,,,,,2026-02-28T18:29:00.000Z,,,,,,
recBURq7Ys3lsba6Y,Coco Verm Gypsum,1,2.5,Consumed,,,2025-12-09T20:02:22.000Z,2026-03-09,,substrate,Pasteurize,,,,,,,,,,,,,,,,,,0,0,,,,,,,,,2025-12-09T19:58:00.000Z,,,,,,
recBku0Mh241w9tCQ,Coco Verm Gypsum,1,2.5,Consumed,,,2025-12-09T20:02:22.000Z,2026-03-09,,substrate,Pasteurize,,,,,,,,,,,,,,,,,,0,0,,,,,,,,,2025-12-09T19:58:00.000Z,,,,,,
recBmKpx4N7SfPelP,Wild Bird Seed,1,2,Fridge,,,2025-12-18T16:45:55.000Z,2026-04-10,,grain,Sterilize,Bronze Reishi,Fungaia,,,,,,,,,,,,5,,,5,,,,,,Grain_Inoculated,,2026-01-10T20:48:33.094Z,,,2025-12-18T16:45:53.270Z,,,,,,
recC2VCMvMeDMoxRL,Peat Moss,1,2.5,Retired,,,2025-10-13T19:26:42.000Z,2025-12-01,,casing,Pasteurize,,,,,,,,,,,,,,,,,,0,0,,,,,,,,,2025-09-01T19:26:00.000Z,,,,,,
recC2ZLCM6Z0c2PyJ,Coco Verm Gypsum,1,5,Consumed,,,2025-11-12T19:15:55.000Z,2026-02-12,,substrate,Pasteurize,,,,,,,,,,,,,,,,,,0,0,,,,,,,,,2025-11-12T19:15:00.000Z,,,,,,
recCDyEzQO5ufBmpf,Peat Moss,1,2.5,Retired,,,2025-10-13T19:26:42.000Z,2025-12-01,,casing,Pasteurize,,,,,,,,,,,,,,,,,,0,0,,,,,,,,,2025-09-01T19:26:00.000Z,,,,,,
recCEgmvtAZoqPbdZ,Small Masters Mix 75/25,1,4.833333333333333,Fruiting,"[""recqyOytv8GmngJzs"",""recHIwJN2rAyL4slE"",""reciOBH39m4RTwp5K"",""recZCEEylYykgXBL0""]",,2025-12-13T19:04:46.000Z,2026-03-13,,fruiting_block,,Branched Oyster,,,,,3,186.4,,,,,,,,,,,0,1,,,,Bulk_Created,,,,2025-12-13T19:04:45.627Z,,,,,,,
recCFIoJHnO8pa5cp,Masters Mix 75/25,1,2.5,Sterilized,,,2026-05-05T22:22:15.000Z,2026-08-05,,substrate,Sterilize,,,,,,,,,,,,,,,,,,,,,,,,,,,,2026-05-05T22:22:14.543Z,,,,,,
recCLarR2vSfIjrYl,Masters Mix 75/25,1,7.5,Consumed,,,2025-11-06T17:04:16.000Z,2026-02-06,,substrate,Sterilize,,,,,,,,,,,,,,,,,,0,0,,,,,,,,,2025-11-06T17:04:00.000Z,,,,,,
recCS3lGzCjq82m7L,Coco Verm Gypsum,1,2.5,Consumed,,,2025-12-29T19:44:28.000Z,2026-03-29,,substrate,Pasteurize,,,,,,,,,,,,,,,,,,,,,,,,,,,,2025-12-29T19:44:27.969Z,,,,,,
recCZWw38cfPe7Y5o,Coco Verm Gypsum,1,5,Consumed,,,2026-01-03T18:06:19.000Z,2026-04-03,,substrate,Pasteurize,,,,,,,,,,,,,,,,,,,,,,,,,,,,2026-01-03T18:06:18.361Z,,,,,,
recCcv3VMVqlLQg0S,Organic Wheat/Millet,1,2,Consumed,,,2025-10-10T15:52:26.000Z,2025-12-13,,grain,Sterilize,Blue Oyster,MYYCO,1,2,Side,,,,,,,,,,,,,0,0,,,,Grain_Inoculated,2025-09-13T15:53:00.000Z,2025-09-13T15:53:00.000Z,,,2025-08-01T15:52:00.000Z,,,,,,
recCe6YMwtej6ZL56,Masters Mix 75/25,1,7.5,Consumed,,,2025-11-06T17:04:16.000Z,2026-02-06,,substrate,Sterilize,,,,,,,,,,,,,,,,,,0,0,,,,,,,,,2025-11-06T17:04:00.000Z,,,,,,
recCz2u2MSmtpAx3w,Masters Mix 50/50,1,7.5,Sterilized,,Robert,2026-03-05T17:21:05.000Z,2026-06-05,,substrate,Sterilize,,,,,,,,,,,,,,,,,,,,,,,,,,,,2026-03-05T17:21:04.594Z,,,,,,
recCz4rOB1BVEvIgI,Masters Mix 50/50,1,7.5,Sterilized,,Robert,2026-03-05T17:21:05.000Z,2026-06-05,,substrate,Sterilize,,,,,,,,,,,,,,,,,,,,,,,,,,,,2026-03-05T17:21:04.594Z,,,,,,
recD2cmwtN62S55iq,Wild Bird Seed,1,2.5,Consumed,,,2025-11-21T17:16:30.000Z,2026-03-11,,grain,Sterilize,Lion’s Mane,,,2,Side,,,,,,,,,5.5,,,5.5,0,0,,,,Grain_Inoculated,,2025-12-11T19:48:19.793Z,,,2025-11-21T17:16:00.000Z,,,,,,
recD3JJzM2GofILyI,Liquid Culture Flask,1,500,Fridge,,,2026-03-30T16:15:35.000Z,2026-09-30,,lc_flask,Sterilize,Bronze Reishi,Fungaia,,,,,,,,,Fungaia,,,502.5,,,499,,,,,,LC_Flask_Inoculated,,2026-03-30T16:16:45.123Z,,,2026-03-30T16:15:34.671Z,,,,,,
recD3K8IvYBwtGRlk,Liquid Culture Flask,1,300,Retired,,Ray,2025-10-08T11:17:59.000Z,2026-04-10,,lc_flask,Sterilize,Blue Oyster,MYYCO,2,,,,,,,,,,,300,,,,0,0,,,,LC_Flask_Inoculated,2025-10-10T15:40:00.000Z,,,,2025-10-08T11:17:00.000Z,,,,,,
recD3e7NEZ0CHe3wt,Agar Plate 90x15mm,,,Fridge,,,2026-03-27T20:47:28.000Z,,,plate,,Turkey Tail,Fungaia,,,,,,,,,Fungaia,,,0.25,,,0.25,,,,,,Plate_Inoculated,,2026-04-12T20:56:43.121Z,,,,,PLATEGRP-1774644448064,,,,
recD4AvVh3IR6kRcB,Wild Bird Seed,1,2,Colonizing,,,2026-03-24T13:17:24.000Z,2026-07-17,,grain,Sterilize,Pink Oyster,Fungaia,,,,,,,,,Fungaia,,,5,,,5,,,,,,Grain_Inoculated,,2026-04-17T19:33:54.129Z,,,2026-03-24T13:17:23.986Z,,,,,,
recDIzmke5GKGUn44,Masters Mix 75/25,1,2.5,Consumed,,,2025-11-06T17:06:46.000Z,2026-01-04,,substrate,Sterilize,,,,,,,,,,,,,,,,,,0,0,,,,,,,,,2025-10-04T16:06:00.000Z,,,,,,
recDLwNXbEyMouclO,Liquid Culture Flask,1,300,Retired,,Ray,2025-10-08T11:17:59.000Z,2026-04-10,,lc_flask,Sterilize,Lion’s Mane,MYYCO,1,,,,,,,,,,,300,,,301,0,0,,,,LC_Flask_Inoculated,2025-10-10T15:42:00.000Z,,,,2025-10-08T11:17:00.000Z,,,,,,
recDaVDwKRzVT2cwb,Large Masters Mix 75/25,1,8.166666666666666,Retired,"[""rec5ZBHH24Yf0oe8m"",""recdn5A62uH9BKS6k"",""recgO9sF5PYG2dk5P"",""recSkHgEIMH8cerFW""]",,2025-10-31T19:12:17.000Z,2025-12-02,,fruiting_block,,Lion’s Mane,,,,,2,100.5,This is not Lion’s Mane it is Turkey Tail.,,,,,,,,,,0,1,,,,Bulk_Created,,,,2025-09-02T19:12:00.000Z,,,,2026-04-10T20:39:39.628Z,,,
recDnOfRDMGNGBeXH,Peat Moss,1,3,Retired,,,2025-11-17T18:18:34.000Z,2026-02-17,,casing,Pasteurize,,,,,,,,,,,,,,,,,,0,0,,,,,,,,,2025-11-17T18:18:33.861Z,,,,,,
recDoELdAlFN51VHe,Coco Verm Gypsum,1,5,Consumed,,,2026-02-16T23:15:57.000Z,2026-05-16,,substrate,Pasteurize,,,,,,,,,,,,,,,,,,,,,,,,,,,,2026-02-16T23:15:56.486Z,,,,,,
recDp3FPoL220jxbH,Coco Verm Gypsum,1,5,Consumed,,,2025-12-09T20:03:25.000Z,2026-03-09,,substrate,Pasteurize,,,,,,,,,,,,,,,,,,0,0,,,,,,,,,2025-12-09T20:03:00.000Z,,,,,,
recDqCiReiIn3ax7G,Coco Verm Gypsum,1,2.5,Pasteurized,,,2026-04-22T12:28:53.000Z,2026-07-22,,substrate,Sterilize,,,,,,,,,,,,,,,,,,,,,,,,,,,,2026-04-22T12:28:52.942Z,,,,,,
recDrVFVV3YlXQi4S,Wild Bird Seed,1,2,Sterilized,,Robert,2026-04-24T20:23:02.000Z,2026-07-24,,grain,Sterilize,,,,,,,,,,,,,,,,,,,,,,,,,,,,2026-04-24T07:30:00.000Z,,,,,,
recDsBnaM9BDNRuoq,Large Masters Mix 75/25,1,8.5,Retired,"[""recxfYWLv1zIeEv9o"",""reclrfpLTv3at0s8D"",""rec1pFqsMMe5a0Vbs""]",,2025-10-31T18:55:08.000Z,2025-12-18,,fruiting_block,,Chestnut,,,,,,,,,,,,,,,,,0,0,,,,Bulk_Created,,,,2025-09-18T18:54:00.000Z,,,,,,,
recE2RHxWD4SkkOMv,Agar Plate 90x15mm,,,Retired,,,2025-10-31T19:54:34.000Z,,,plate,,Red Reishi,Fungaia,,,,,,,,,,,,0.25,,,0.25,0,0,,,,Plate_Inoculated,,2025-12-22T20:06:39.530Z,,,,,PLATEGRP-1761940473597,,,,
recEF8S7VmKx6KHFc,Coco Verm Gypsum,1,5,Consumed,,,2026-01-15T13:54:17.000Z,2026-04-15,,substrate,Pasteurize,,,,,,,,,,,,,,,,,,,,,,,,,,,,2026-01-15T13:54:00.000Z,,,,,,
recEGPscrjX3xnn7h,Coco Verm Gypsum,1,5,Consumed,,,2025-11-12T19:14:50.000Z,2026-02-12,,substrate,Pasteurize,,,,,,,,,,,,,,,,,,0,0,,,,,,,,,2025-11-12T19:14:00.000Z,,,,,,
recEPh0rJfs4OzgZT,Agar Plate 90x15mm,,,Fridge,,,2026-03-27T20:47:28.000Z,,,plate,,Blue Oyster,Fungaia,,,,,,,,,Fungaia,,,0.25,,,0.25,,,,,,Plate_Inoculated,,2026-04-12T20:55:14.605Z,,,,,PLATEGRP-1774644448064,,,,
recEX9gLdbq1FDXuq,Liquid Culture Syringe,1,,Fridge,,,2026-03-27T20:20:14.000Z,,,lc_syringe,,,,,,,,,,,Purchased,Fungaia,,2026-03-17,10,,,2.5,,,,,,LC_Syringe_Received,,,,,,,,,,,
recEen3TN3qZJdUyv,Coco Verm Gypsum,1,2.5,Consumed,,,2025-12-29T19:44:28.000Z,2026-03-29,,substrate,Pasteurize,,,,,,,,,,,,,,,,,,,,,,,,,,,,2025-12-29T19:44:27.969Z,,,,,,
recElS2mqpiokv0ES,Wild Bird Seed,1,2,Sterilized,,Robert,2026-04-24T20:23:02.000Z,2026-07-24,,grain,Sterilize,,,,,,,,,,,,,,,,,,,,,,,,,,,,2026-04-24T07:30:00.000Z,,,,,,
recEm0bzueeMJrlBR,Agar Plate 90x15mm,,,Colonizing,,,2026-03-27T20:47:38.000Z,,,plate,,Black Pearl King Oyster,MYYCO,,,,,,,,,MYYCO,,,0.1,,,0.1,,,,,,Plate_Inoculated,,2026-04-24T20:28:13.749Z,,,,,PLATEGRP-1774644457723,,,,
recEoWzXrGXyYrKm0,Coco Verm Gypsum,1,2.5,Consumed,,,2026-02-16T23:15:40.000Z,2026-05-16,,substrate,Pasteurize,,,,,,,,,,,,,,,,,,,,,,,,,,,,2026-02-16T23:15:39.467Z,,,,,,
recF45m2bXe6UFhxZ,Coco Verm Gypsum,1,5,Consumed,,Robert,2026-03-10T18:23:51.000Z,2026-06-10,,substrate,Pasteurize,,,,,,,,,,,,,,,,,,,,,,,,,,,,2026-03-10T18:23:50.693Z,,,,,,
recF9RNTM5EfNuZ9r,Masters Mix 75/25,1,7.5,Consumed,,,2025-10-31T18:22:12.000Z,2025-11-01,,substrate,Sterilize,,,,,,,,,,,,,,,,,,0,0,,,,,,,,,2025-08-01T18:22:00.000Z,,,,,,
recFA07XISHru06Wa,Masters Mix 75/25,1,2.5,Sterilized,,,2026-05-05T22:22:15.000Z,2026-08-05,,substrate,Sterilize,,,,,,,,,,,,,,,,,,,,,,,,,,,,2026-05-05T22:22:14.543Z,,,,,,
recFEKo3IBiG6mLXl,Masters Mix 75/25,1,2.5,Consumed,,,2025-12-13T13:17:03.000Z,2026-03-13,,substrate,Sterilize,,,,,,,,,,,,,,,,,,0,0,,,,,,,,,2025-12-13T13:16:00.000Z,,,,,,
recFJuoGfwdGVDaaH,Agar Flask,1,400,Consumed,,,2026-03-27T20:45:12.000Z,,,agar_flask,Sterilize,,,,,,,,,,,,,,,,,,,,,,,,,,,,2026-03-23T20:45:00.000Z,15,PLATEGRP-1774644457723,,,,
recFNfy1EZcVuHTOf,Wild Bird Seed,1,2,Sterilized,,Robert,2026-04-24T20:23:02.000Z,2026-07-24,,grain,Sterilize,,,,,,,,,,,,,,,,,,,,,,,,,,,,2026-04-24T07:30:00.000Z,,,,,,
recFP6weFLehaY4Od,Liquid Culture Flask,1,500,Sterilized,,,2026-03-30T17:39:51.000Z,,,lc_flask,Sterilize,,,,,,,,,,,,,,,,,,,,,,,,,,,,2026-03-30T17:39:50.874Z,,,,,,
recFRszDHicC7eAEH,Masters Mix 75/25,1,7.5,Consumed,,,2025-10-31T18:22:12.000Z,2025-11-01,,substrate,Sterilize,,,,,,,,,,,,,,,,,,0,0,,,,,,,,,2025-08-01T18:22:00.000Z,,,,,,
recFSpqHZWWKaWNUM,Agar Flask,1,400,Consumed,,,2026-03-27T20:45:12.000Z,,,agar_flask,Sterilize,,,,,,,,,,,,,,,,,,,,,,,,,,,,2026-03-23T20:45:00.000Z,15,PLATEGRP-1774644465501,,,,
recFgZoVVTSSOk1pJ,Masters Mix 75/25,1,7.5,Consumed,,,2025-11-10T23:46:10.000Z,2026-02-10,,substrate,Sterilize,,,,,,,,,,,,,,,,,,0,0,,,,,,,,,2025-11-10T23:45:00.000Z,,,,,,
recFkjr149f7NxvXH,Liquid Culture Flask,1,300,Retired,,Ray,2025-10-08T11:17:59.000Z,2026-04-10,,lc_flask,Sterilize,Blue Oyster,MYYCO,2,,,,,,,,,,,300,,,302,0,0,,,,LC_Flask_Inoculated,2025-10-10T15:41:00.000Z,,,,2025-10-08T11:17:00.000Z,,,,,,
recFogSVU6qM1oaya,Masters Mix 75/25,1,7.5,Sterilized,,Robert,2026-02-28T18:29:54.000Z,2026-05-28,,substrate,Sterilize,,,,,,,,,,,,,,,,,,,,,,,,,,,,2026-02-28T18:29:00.000Z,,,,,,
recFpFGSIZusQu3w7,Masters Mix 75/25,1,2.5,Consumed,,,2025-12-13T13:17:03.000Z,2026-03-13,,substrate,Sterilize,,,,,,,,,,,,,,,,,,0,0,,,,,,,,,2025-12-13T13:16:00.000Z,,,,,,
recFphkRwZ7Nubq4J,Large Masters Mix 75/25,1,8.5,Retired,"[""reck1kQVfHKXdOWCi"",""recdWseXRpDcB6wbU"",""recpH4DOqL2Tddo4d""]",,2025-11-21T17:03:03.000Z,2026-02-21,,fruiting_block,,Red Reishi,,,,,3,126.55,,,,,,,,,,,0,1,,,,Bulk_Created,,,,2025-11-21T17:03:02.166Z,,,,2026-05-05T22:25:10.646Z,,,
recFqB6of22JpYEDg,Masters Mix 75/25,1,7.5,Consumed,,,2025-12-16T16:38:22.000Z,2026-03-16,,substrate,Sterilize,,,,,,,,,,,,,,,,,,,,,,,,,,,,2025-12-16T16:38:00.000Z,,,,,,
recFqOv4ulTcVkNcW,Wild Bird Seed,1,2,Colonizing,,,2026-03-24T13:17:24.000Z,2026-06-30,,grain,Sterilize,Chestnut,Fungaia,,,,,,,,,Fungaia,,,4.5,,,4.5,,,,,,Grain_Inoculated,,2026-03-30T16:19:16.700Z,,,2026-03-24T13:17:23.986Z,,,,,,
recFr4uYO9qmWoGlJ,Masters Mix 75/25,1,7.5,Sterilized,,Robert,2026-02-28T18:29:54.000Z,2026-05-28,,substrate,Sterilize,,,,,,,,,,,,,,,,,,,,,,,,,,,,2026-02-28T18:29:00.000Z,,,,,,
recGAnF6Zke9HFRfC,Wild Bird Seed,1,2,Consumed,,,2026-01-04T20:27:20.000Z,2026-04-04,,grain,Sterilize,,,,,,,,,,,,,,,,,,,,,,,,,,,,2026-01-04T20:27:19.381Z,,,,,,
recGCbSG8qY5dk9A1,Coco Verm Gypsum,1,2.5,Consumed,,,2025-11-06T17:10:42.000Z,2025-12-29,,substrate,Sterilize,,,,,,,,,,,,,,,,,,0,0,,,,,,,,,2025-09-29T16:10:00.000Z,,,,,,
recGG4Pi3nqPcHsJ5,Agar Plate 90x15mm,,,Sterilized,,,2026-03-27T20:47:54.000Z,,,plate,,,,,,,,,,,,,,,,,,,,,,,,,,,,,,,PLATEGRP-1774644474103,,,,
recGHILLo2SQorGSB,Masters Mix 75/25,1,7.5,Consumed,,Robert,2026-02-28T18:29:54.000Z,2026-05-28,,substrate,Sterilize,,,,,,,,,,,,,,,,,,,,,,,,,,,,2026-02-28T18:29:00.000Z,,,,,,
recGJMPMkEwYUdG4B,Coco Verm Gypsum,1,5,Consumed,,,2026-01-15T13:54:17.000Z,2026-04-15,,substrate,Pasteurize,,,,,,,,,,,,,,,,,,,,,,,,,,,,2026-01-15T13:54:00.000Z,,,,,,
recGMNzwnjY5xbGvh,Agar Plate 90x15mm,,,Sterilized,,,2026-03-27T20:47:54.000Z,,,plate,,,,,,,,,,,,,,,,,,,,,,,,,,,,,,,PLATEGRP-1774644474103,,,,
recGVkZ7v66QkvlCd,Agar Plate 90x15mm,,,Sterilized,,,2026-03-27T20:47:54.000Z,,,plate,,,,,,,,,,,,,,,,,,,,,,,,,,,,,,,PLATEGRP-1774644474103,,,,
recGXXpYEzCWEfMxB,Coco Verm Gypsum,1,5,Retired,,,2025-09-29T16:56:18.000Z,2025-12-29,,substrate,Sterilize,,,,,,,,,,,,,,,,,,0,0,,,,,,,,,2025-09-29T16:56:17.617Z,,,,,,
recGabpjAFJDblUlA,Agar Plate 90x15mm,,,Fridge,,,2026-03-27T20:47:28.000Z,,,plate,,Turkey Tail,Fungaia,,,,,,,,,Fungaia,,,0.25,,,0.25,,,,,,Plate_Inoculated,,2026-04-12T20:56:43.121Z,,,,,PLATEGRP-1774644448064,,,,
recGdR9wapbapT9kb,Masters Mix 75/25,1,7.5,Consumed,,,2026-01-17T13:36:05.000Z,2026-04-17,,substrate,Sterilize,,,,,,,,,,,,,,,,,,,,,,,,,,,,2026-01-17T13:36:00.000Z,,,,,,
recGkPZ8IAtmgps7G,Wild Bird Seed,1,2,Consumed,,,2025-12-13T18:31:13.000Z,2025-11-18,,grain,Sterilize,Bronze Reishi,Fungaia,,3,Side,,,,,,,,,4,,,4,0,0,,,,Grain_Inoculated,,2025-08-18T17:47:00.000Z,,,2025-05-24T17:31:00.000Z,,,,,,
recGnWGF3f92zXBrN,Masters Mix 75/25,1,2.5,Consumed,,,2026-01-17T13:35:51.000Z,2026-04-17,,substrate,Sterilize,,,,,,,,,,,,,,,,,,,,,,,,,,,,2026-01-17T13:35:00.000Z,,,,,,
recGoM1I38hLDTy0m,Small Masters Mix 75/25,1,3.1666666666666665,Retired,"[""recLZGMLBTzDNmwDi"",""recFpFGSIZusQu3w7"",""reclKZK1MSjW4BO1C"",""reca8T8D2Ciq1mRwJ""]",,2026-02-11T20:50:47.000Z,2026-05-11,,fruiting_block,,Lion’s Mane,,,,,1,364.48,,,,,,,,,,,,1,,,,Bulk_Created,,,,2026-02-11T20:50:47.086Z,,,,2026-03-30T20:46:56.158Z,,,
recGxrJfMbJ98LMeC,Coco Verm Gypsum,1,2.5,Pasteurized,,,2026-04-22T12:28:53.000Z,2026-07-22,,substrate,Sterilize,,,,,,,,,,,,,,,,,,,,,,,,,,,,2026-04-22T12:28:52.942Z,,,,,,
recH1dIOStyZTzHlJ,Masters Mix 75/25,1,7.5,Sterilized,,,2026-01-17T13:36:05.000Z,2026-04-17,,substrate,Sterilize,,,,,,,,,,,,,,,,,,,,,,,,,,,,2026-01-17T13:36:00.000Z,,,,,,
recH7irpIL441tuMR,Masters Mix 50/50,1,7.5,Consumed,,,2026-01-16T16:17:34.000Z,2026-04-16,,substrate,Sterilize,,,,,,,,,,,,,,,,,,,,,,,,,,,,2026-01-16T16:17:00.000Z,,,,,,
recHG6uHBrKFIouMH,Large Masters Mix 75/25,1,8.5,Retired,"[""rectHUAe7BPV4zpCM"",""recBS706EdhphdHF9"",""recjPDNRcLr01Vpfn""]",,2026-02-28T18:31:00.000Z,2026-05-28,,fruiting_block,,Turkey Tail,,,,,,,,,,,,,,,,,,,,,,Bulk_Created,,,,2026-02-28T18:30:59.431Z,,,,2026-03-28T00:00:19.508Z,,,
recHIwJN2rAyL4slE,Masters Mix 75/25,1,7.5,Consumed,,,2025-11-10T23:46:10.000Z,2026-02-10,,substrate,Sterilize,,,,,,,,,,,,,,,,,,0,0,,,,,,,,,2025-11-10T23:45:00.000Z,,,,,,
recHMatXNouj5gs2f,Masters Mix 75/25,1,7.5,Consumed,,,2025-11-10T23:46:10.000Z,2026-02-10,,substrate,Sterilize,,,,,,,,,,,,,,,,,,0,0,,,,,,,,,2025-11-10T23:45:00.000Z,,,,,,
recHSBX0g2LbXoQKl,Small Masters Mix 75/25,1,4.833333333333333,Fruiting,"[""recGkPZ8IAtmgps7G"",""rec4IeY1rSxh4e4YX"",""recVTWv89gZbcf1Zb"",""reczVzE3jd7deNF7q""]",,2025-12-13T19:07:16.000Z,2026-03-13,,fruiting_block,,Bronze Reishi,,,,,,,,,,,,,,,,,0,0,,,,Bulk_Created,,,,2025-12-13T19:07:15.107Z,,,,,,,
recHYgcwZGN4o7fBE,Liquid Culture Flask,1,300,Fridge,,,2025-12-12T18:17:29.000Z,2026-06-12,,lc_flask,Sterilize,Blue Oyster,Fungaia,,,,,,,5,,,,,302,,,242.5,0,0,,,,LC_Flask_Inoculated,,2025-12-12T18:42:05.611Z,,,2025-12-06T18:17:00.000Z,,,,,,
recHbrn9OPLBJybnc,Wild Bird Seed,1,2,Sterilized,,Robert,2026-04-24T20:23:02.000Z,2026-07-24,,grain,Sterilize,,,,,,,,,,,,,,,,,,,,,,,,,,,,2026-04-24T07:30:00.000Z,,,,,,
recHiKvZ9Aqn67nya,Masters Mix 75/25,1,7.5,Consumed,,,2026-01-17T13:36:05.000Z,2026-04-17,,substrate,Sterilize,,,,,,,,,,,,,,,,,,,,,,,,,,,,2026-01-17T13:36:00.000Z,,,,,,
recHj3iZDX3ngOFyW,Organic Wheat/Millet,1,2,Consumed,,,2025-10-10T15:52:26.000Z,2025-12-13,,grain,Sterilize,Blue Oyster,MYYCO,1,2,Side,,,,,,,,,,,,,0,0,,,,Grain_Inoculated,2025-09-13T15:53:00.000Z,2025-09-13T15:53:00.000Z,,,2025-08-01T15:52:00.000Z,,,,,,
recHnFATwBSYX5pTz,Masters Mix 75/25,1,7.5,Consumed,,,2025-11-10T23:46:10.000Z,2026-02-10,,substrate,Sterilize,,,,,,,,,,,,,,,,,,0,0,,,,,,,,,2025-11-10T23:45:00.000Z,,,,,,
recHoe3zDVz0tAujd,Masters Mix 75/25,1,2.5,Consumed,,,2026-01-16T15:44:35.000Z,2026-04-16,,substrate,Sterilize,,,,,,,,,,,,,,,,,,,,,,,,,,,,2026-01-16T15:44:00.000Z,,,,,,
recHyrUUQREq00MEv,Large Masters Mix 75/25,1,8.5,Retired,"[""receKmO521AEeaYuU"",""rec4UOviVn42loWw1"",""reckjyyQEuyC49bjC""]",,2026-01-16T17:29:06.000Z,2026-04-16,,fruiting_block,,Lion’s Mane,,,,,,,,,,,,,,,,,,,,,,Bulk_Created,,,,2026-01-16T17:29:05.365Z,,,,2026-03-30T20:48:53.460Z,,,
recILaw7b0VokMNUg,Coco Verm Gypsum,1,5,Consumed,,Robert,2026-03-10T18:23:51.000Z,2026-06-10,,substrate,Pasteurize,,,,,,,,,,,,,,,,,,,,,,,,,,,,2026-03-10T18:23:50.693Z,,,,,,
recIMi213alHXqjpm,Coco Verm Gypsum,1,5,Consumed,,,2026-01-03T18:06:19.000Z,2026-04-03,,substrate,Pasteurize,,,,,,,,,,,,,,,,,,,,,,,,,,,,2026-01-03T18:06:18.361Z,,,,,,
recIO06iB4H4fsS88,Peat Moss,1,3,Sterilized,,,2026-04-09T20:39:00.000Z,2026-07-09,,casing,Sterilize,,,,,,,,,,,,,,,,,,,,,,,,,,,,2026-04-09T20:38:59.422Z,,,,,,
recIOm9zD5t299O8n,Masters Mix 75/25,1,2.5,Consumed,,,2025-12-13T13:17:03.000Z,2026-03-13,,substrate,Sterilize,,,,,,,,,,,,,,,,,,0,0,,,,,,,,,2025-12-13T13:16:00.000Z,,,,,,
recIRxVeZnE5I73CO,Coco Verm Gypsum,1,5,Consumed,,Ray,2025-10-07T16:17:54.000Z,2026-01-07,,substrate,Pasteurize,,,,,,,,,,,,,,,,,,0,0,,,,,,,,,2025-10-07T16:17:00.000Z,,,,,,
recISssPvzrEnWwrR,Peat Moss,1,2.5,Retired,,,2025-10-13T19:26:42.000Z,2025-12-01,,casing,Pasteurize,,,,,,,,,,,,,,,,,,0,0,,,,,,,,,2025-09-01T19:26:00.000Z,,,,,,
recIWqceQaLsn4pZO,Coco Verm Gypsum,1,5,Consumed,,Ray,2025-10-07T16:17:54.000Z,2026-01-07,,substrate,Pasteurize,,,,,,,,,,,,,,,,,,0,0,,,,,,,,,2025-10-07T16:17:00.000Z,,,,,,
recIZKxsw3bYanWoJ,Peat Moss,1,2.5,Retired,,,2025-10-13T19:26:42.000Z,2025-12-01,,casing,Pasteurize,,,,,,,,,,,,,,,,,,0,0,,,,,,,,,2025-09-01T19:26:00.000Z,,,,,,
recIft9rS0zp8tJvt,Large Masters Mix 75/25,1,8.5,Retired,"[""recYElMmAVWesoJLn"",""recHnFATwBSYX5pTz"",""reclJI6bBCCUZ98xP""]",,2025-12-13T19:12:04.000Z,2026-03-13,,fruiting_block,,Turkey Tail,,,,,,,,,,,,,,,,,0,0,,,,Bulk_Created,,,,2025-12-13T19:12:03.457Z,,,,2026-04-03T23:34:28.372Z,,,
recInm0ognmr4N0NX,Large Masters Mix 75/25,1,8.5,Fruiting,"[""recm59TLkELKPYfRn"",""recIxqGhc0NqkNI5a"",""recb64d1ujNEHYXzD""]",,2025-11-13T17:56:49.000Z,2026-02-13,,fruiting_block,,Red Reishi,,,,,1,106.83,,,,,,,,,,,0,1,,,,Bulk_Created,,,,2025-11-13T17:56:48.517Z,,,,,,,
recIoueYryVVpbhHL,Agar Flask,1,500,Consumed,,Ray,2025-10-31T19:34:57.000Z,,,agar_flask,Sterilize,,,,,,,,,,,,,,,,,,0,0,,,,,,,,,2025-10-30T19:34:00.000Z,19,,,,,
recIrGbchRxuVSs21,Coco Verm Gypsum,1,5,Consumed,,,2026-01-15T13:54:17.000Z,2026-04-15,,substrate,Pasteurize,,,,,,,,,,,,,,,,,,,,,,,,,,,,2026-01-15T13:54:00.000Z,,,,,,
recIxqGhc0NqkNI5a,Masters Mix 75/25,1,7.5,Consumed,,,2025-11-06T17:04:16.000Z,2026-02-06,,substrate,Sterilize,,,,,,,,,,,,,,,,,,0,0,,,,,,,,,2025-11-06T17:04:00.000Z,,,,,,
recIyEYPAinHxCeKO,Organic Wheat/Millet,1,5,Retired,,,2025-10-06T13:54:02.000Z,2026-02-10,,grain,Sterilize,Lion’s Mane,MYYCO,4,,,,,,,,,,,9,,,9,0,0,,,,Grain_Inoculated,,2025-11-10T17:22:56.189Z,,,2025-10-06T13:53:00.000Z,,,,,,
recJ0AiC0ZxIcDOAQ,Coco Verm Gypsum,1,5,Consumed,,Robert,2026-03-10T18:23:51.000Z,2026-06-10,,substrate,Pasteurize,,,,,,,,,,,,,,,,,,,,,,,,,,,,2026-03-10T18:23:50.693Z,,,,,,
recJ2nlk7WWMCyhv5,Coco Verm Gypsum,1,5,Consumed,,,2026-02-16T23:15:57.000Z,2026-05-16,,substrate,Pasteurize,,,,,,,,,,,,,,,,,,,,,,,,,,,,2026-02-16T23:15:56.486Z,,,,,,
recJ6RZGvH1zEJxAX,Agar Plate 90x15mm,,,Retired,,,2025-12-22T20:03:14.000Z,,,plate,,Lion’s Mane,Fungaia,,,,,,,,,,,,0.25,,,0.25,,,,,,Plate_Inoculated,,2025-12-22T20:52:16.856Z,,,,,PLATEGRP-1766433793108,,,,
recJEyfoMR3viESIm,Peat Moss,1,3,Retired,,,2025-11-17T18:18:34.000Z,2026-02-17,,casing,Pasteurize,,,,,,,,,,,,,,,,,,0,0,,,,,,,,,2025-11-17T18:18:33.861Z,,,,,,
recJHgvS6PNgfr0a0,Agar Plate 90x15mm,,,Fridge,,,2026-03-27T20:47:17.000Z,,,plate,,Blue Oyster,Fungaia,,,,,,,,,Fungaia,,,0.25,,,0.25,,,,,,Plate_Inoculated,,2026-04-12T20:55:14.605Z,,,,,PLATEGRP-1774644436147,,,,
recJNY2EifD2wVHm8,Small Masters Mix 75/25,1,2.8333333333333335,Consumed,"[""rec7e4hlqnmOcy303"",""recy8SzUO4C3HFbVv"",""recHoe3zDVz0tAujd"",""recyrJIedCf6gQ5Re"",""recg03wqUVkkJVJ42"",""recrYd5SYKVcBbt5o"",""rec6YWY70rN1F2VDs""]",,2026-04-02T17:58:24.000Z,2026-07-02,,fruiting_block,,Turkey Tail,Fungaia,,,,,,,,,,,,,,,,,,,,,Bulk_Created,,,,2026-04-02T17:58:23.485Z,,,,,,,
recJOAtYBn5kT4qkM,Agar Plate 90x15mm,,,Fridge,,,2025-10-31T19:54:34.000Z,,,plate,,Pink Oyster,Fungaia,,,,,,,,,,,,4,,,4,0,0,,,,Plate_Inoculated,,2025-12-12T18:41:54.129Z,,,,,PLATEGRP-1761940473597,,,,
recJSQi95tyNZzLoP,Large Masters Mix 75/25,1,8.5,Fruiting,"[""reck1kQVfHKXdOWCi"",""recdWseXRpDcB6wbU"",""recpH4DOqL2Tddo4d""]",,2025-11-21T17:03:03.000Z,2026-02-21,,fruiting_block,,Red Reishi,,,,,2,95.08,,,,,,,,,,,0,1,,,,Bulk_Created,,,,2025-11-21T17:03:02.166Z,,,,,,,
recJUwzR0n7DflVdO,Coco Verm Gypsum,1,2.5,Consumed,,,2025-12-29T19:44:28.000Z,2026-03-29,,substrate,Pasteurize,,,,,,,,,,,,,,,,,,,,,,,,,,,,2025-12-29T19:44:27.969Z,,,,,,
recJYtgDRXxOdobpE,Liquid Culture Flask,1,300,Retired,,,2025-12-12T18:17:29.000Z,2026-06-06,,lc_flask,Sterilize,,,,,,,,,,,,,,,,,,0,0,,,,,,,,,2025-12-06T18:17:00.000Z,,,,,,
recJcnZp52ld7dvEF,Coco Verm Gypsum,1,5,Consumed,,,2026-02-16T23:15:58.000Z,2026-05-16,,substrate,Pasteurize,,,,,,,,,,,,,,,,,,,,,,,,,,,,2026-02-16T23:15:57.425Z,,,,,,
recJcyWJZBZxURwqA,Small Masters Mix 75/25,1,4.833333333333333,Retired,"[""recvt58p4y1vMMeZU"",""recFgZoVVTSSOk1pJ"",""recuEdbkAt7jSmseH"",""recp3aCN5YiWXtRyp""]",,2025-12-13T19:09:18.000Z,2026-03-13,,fruiting_block,,Pink Oyster,,,,,,,,,,,,,,,,,0,0,,,,Bulk_Created,,,,2025-12-13T19:09:17.030Z,,,,,,,
recJj9y4KrEDR2ANN,Large Masters Mix 50/50,1,8.5,Retired,"[""receCGAfb2ERBsrWk"",""recu8GP0DMRMDddEL"",""recPSo62n6C3p0I1o""]",,2026-01-17T18:38:58.000Z,2026-04-17,,fruiting_block,,Lion’s Mane,,,,,2,236.69,,,,,,,,,,,0,1,,,,Bulk_Created,,,,2026-01-17T18:38:57.824Z,,,,2026-04-24T11:16:26.422Z,,,
recJjqkS9shuFz0jB,Liquid Culture Syringe,1,,Fridge,,,2026-03-27T20:20:25.000Z,,,lc_syringe,,,,,,,,,,,Purchased,Fungaia,,2026-03-17,10,,,2.5,,,,,,LC_Syringe_Received,,,,,,,,,,,
recJvQEVUfs2mgMcN,Agar Plate 90x15mm,,,Retired,,,2025-12-22T20:03:14.000Z,,,plate,,Bronze Reishi,Fungaia,,,,,,,,,,,,0.25,,,0.25,,,,,,Plate_Inoculated,,2025-12-22T20:46:06.807Z,,,,,PLATEGRP-1766433793108,,,,
recJz6Ijz8HWzHkMv,Large Masters Mix 50/50,1,8.5,Fruiting,"[""recsOdz06rm8TKQ63"",""recU0u2qIZ8yWxb5i"",""rechMavJ2BvKlkN3U""]",,2025-10-31T18:14:18.000Z,2025-11-18,,fruiting_block,,Red Reishi,,,,,1,1,Test,,,,,,,,,,0,1,,,,Bulk_Created,,,,2025-08-18T18:14:00.000Z,,,,,,,
recJz8yt01j49RSHr,Masters Mix 75/25,1,2.5,Sterilized,,,2026-05-05T22:22:15.000Z,2026-08-05,,substrate,Sterilize,,,,,,,,,,,,,,,,,,,,,,,,,,,,2026-05-05T22:22:14.543Z,,,,,,
recK8jiydCzqZ2VhT,Coco Verm Gypsum,1,5,Retired,,Ray,2025-10-07T16:17:54.000Z,2026-01-07,,substrate,Pasteurize,,,,,,,,,,,,,,,,,,0,0,,,,,,,,,2025-10-07T16:17:00.000Z,,,,,,
recK9t05vyj7ZKNRt,Liquid Culture Syringe,1,,Fridge,,,2026-03-27T20:19:36.000Z,,,lc_syringe,,,,,,,,,,,Purchased,Fungaia,,2026-03-17,10,,,6,,,,,,LC_Syringe_Received,,,,,,,,,,,
recKOs8e4g5Hs0Rt4,Agar Plate 90x15mm,,,Fridge,,,2025-10-31T19:54:34.000Z,,,plate,,Blue Oyster,Fungaia,,,,,,,,,,,,2,,,2,0,0,,,,Plate_Inoculated,,2025-12-12T18:42:05.611Z,,,,,PLATEGRP-1761940473597,,,,
recKPIwrwiMpRuO9H,Masters Mix 75/25,1,7.5,Consumed,,Robert,2026-02-28T18:29:54.000Z,2026-05-28,,substrate,Sterilize,,,,,,,,,,,,,,,,,,,,,,,,,,,,2026-02-28T18:29:00.000Z,,,,,,
recKYgqgMwBXfMOPK,Coco Verm Gypsum,1,2.5,Consumed,,,2026-01-15T13:54:00.000Z,2026-04-15,,substrate,Pasteurize,,,,,,,,,,,,,,,,,,,,,,,,,,,,2026-01-15T13:53:00.000Z,,,,,,
recKhyC763sXlV2R3,Wild Bird Seed,1,2,Fridge,,,2026-01-04T20:27:20.000Z,2026-04-10,,grain,Sterilize,Lion’s Mane,Fungaia,,,,,,,,,,,,5,,,5,,,,,,Grain_Inoculated,,2026-01-10T20:49:31.022Z,,,2026-01-04T20:27:19.381Z,,,,,,
recKjWj4Nd2LLnCjL,Agar Plate 90x15mm,,,Sterilized,,,2026-03-27T20:47:54.000Z,,,plate,,,,,,,,,,,,,,,,,,,,,,,,,,,,,,,PLATEGRP-1774644474103,,,,
recKqALM1PGxR0MSv,Masters Mix 75/25,1,2.5,Consumed,,,2025-11-06T17:06:46.000Z,2026-01-04,,substrate,Sterilize,,,,,,,,,,,,,,,,,,0,0,,,,,,,,,2025-10-04T16:06:00.000Z,,,,,,
recKrpRuqxlLYYrmo,Untracked Source,,,Inoculated,,,2025-11-17T20:42:00.000Z,,,untracked_source,,,,,,,,,,,,,,,,,,,0,0,,,,,,,,,,,,,,,
recKvicmbjbq2wuSb,Peat Moss,1,3,Retired,,,2025-11-17T18:18:34.000Z,2026-02-17,,casing,Pasteurize,,,,,,,,,,,,,,,,,,0,0,,,,,,,,,2025-11-17T18:18:33.861Z,,,,,,
recL5IGecHGn2eCqj,Coco Verm Gypsum,1,2.5,Consumed,,,2025-12-29T19:44:28.000Z,2026-03-29,,substrate,Pasteurize,,,,,,,,,,,,,,,,,,,,,,,,,,,,2025-12-29T19:44:27.969Z,,,,,,
recLE9aZyRq9LMjgH,Coco Verm Gypsum,1,5,Consumed,,Robert,2026-03-10T18:23:51.000Z,2026-06-10,,substrate,Pasteurize,,,,,,,,,,,,,,,,,,,,,,,,,,,,2026-03-10T18:23:50.693Z,,,,,,
recLQImzx09x2PvpV,Liquid Culture Flask,1,300,Retired,,,2025-12-12T18:17:29.000Z,2026-06-06,,lc_flask,Sterilize,,,,,,,,,,,,,,,,,,0,0,,,,,,,,,2025-12-06T18:17:00.000Z,,,,,,
recLZGMLBTzDNmwDi,Wild Bird Seed,1,2,Consumed,,,2025-12-18T16:45:54.000Z,2026-04-02,,grain,Sterilize,Lion’s Mane,Fungaia,,3,Side,,,,,,,,,5,,,5,,,,,,Grain_Inoculated,,2026-01-02T19:39:44.230Z,,,2025-12-18T16:45:53.270Z,,,,,,
recLZIJGpPDd9Rt2H,Agar Plate 90x15mm,,,Fridge,,,2026-03-27T20:47:17.000Z,,,plate,,Chestnut,Fungaia,,,,,,,,,Fungaia,,,2.5,,,2.5,,,,,,Plate_Inoculated,,2026-03-30T16:19:16.700Z,,,,,PLATEGRP-1774644436147,,,,
recLdmxlgaxQAFgjd,Small Masters Mix 75/25,1,2.8333333333333335,Consumed,"[""recbpnsqYnzoqmmck"",""rec2A8uwuuVkSVZOr"",""recIOm9zD5t299O8n"",""recYaz120duwL1KfC"",""recYtgV461KCmHnEF"",""rectkiXBbNNAZqVYD"",""recMbqgRxWgMj5xpp""]",,2026-04-02T17:57:20.000Z,2026-07-02,,fruiting_block,,Lion’s Mane,Fungaia,,,,,,,,,,,,,,,,,,,,,Bulk_Created,,,,2026-04-02T17:57:19.849Z,,,,,,,
recLeH3kMgAfewjly,Agar Plate 90x15mm,,,Fridge,,,2026-03-27T20:47:17.000Z,,,plate,,Pink Oyster,Fungaia,,,,,,,,,Fungaia,,,2.5,,,2.5,,,,,,Plate_Inoculated,,2026-03-30T16:20:01.898Z,,,,,PLATEGRP-1774644436147,,,,
recLfz2MTnUpwMa6m,Coco Verm Gypsum,1,2.5,Pasteurized,,,2026-04-22T12:28:53.000Z,2026-07-22,,substrate,Sterilize,,,,,,,,,,,,,,,,,,,,,,,,,,,,2026-04-22T12:28:52.942Z,,,,,,
recLhmYzDGiCICNZt,Agar Plate 90x15mm,,,Colonizing,,,2026-03-27T20:47:28.000Z,,,plate,,Black Pearl King Oyster,MYYCO,,,,,,,,,MYYCO,,,2.5,,,2.5,,,,,,Plate_Inoculated,,2026-03-30T18:58:44.967Z,,,,,PLATEGRP-1774644448064,,,,
recLkMzwuJuaxpcNU,Liquid Culture Flask,1,500,Fridge,,,2025-09-29T15:52:21.000Z,2026-02-28,,lc_flask,Sterilize,Red Reishi,,,,,,,,1,,,,,500,,,473,0,0,,,,LC_Flask_Inoculated,,2025-08-31T16:02:00.000Z,,,2025-05-01T15:52:00.000Z,,,,,,
recLoXkq9vU3mIoq5,Wild Bird Seed,1,2,Fridge,,,2026-03-24T13:17:24.000Z,2026-06-30,,grain,Sterilize,Blue Oyster,Fungaia,,,,,,,,,Fungaia,,,4.5,,,4.5,,,,,,Grain_Inoculated,,2026-03-30T16:21:06.497Z,,,2026-03-24T13:17:23.986Z,,,,,,
recLqDqRajgeaLD6L,Masters Mix 75/25,1,7.5,Consumed,,,2025-11-06T17:42:41.000Z,2025-12-01,,substrate,Sterilize,,,,,,,,,,,,,,,,,,0,0,,,,,,,,,2025-09-01T16:42:00.000Z,,,,,,
recLvpHmEQNY2aYvJ,Agar Plate 90x15mm,,,Colonizing,,,2026-03-27T20:47:28.000Z,,,plate,,Chestnut,Fungaia,,,,,,,,,Fungaia,,,0.25,,,0.25,,,,,,Plate_Inoculated,,2026-04-12T20:55:58.463Z,,,,,PLATEGRP-1774644448064,,,,
recLzmMqnN9yD0wUJ,Wild Bird Seed,1,2,Retired,,,2026-03-24T13:17:24.000Z,2026-06-30,,grain,Sterilize,Pink Oyster,Fungaia,,,,,,,,,Fungaia,,,4.5,,,4.5,,,,,,Grain_Inoculated,,2026-03-30T16:20:01.898Z,,,2026-03-24T13:17:23.986Z,,,2026-04-18T11:58:35.505Z,,,
recM3DnRKo72Ciu5e,Wild Bird Seed,1,2,Consumed,,,2026-01-04T20:27:20.000Z,2026-04-10,,grain,Sterilize,Chestnut,Fungaia,,2,Top,,,,,,,,,5,,,5,,,,,,Grain_Inoculated,,2026-01-10T20:50:13.715Z,,,2026-01-04T20:27:19.381Z,,,,,,
recM3z4XCNdQSG11v,Agar Plate 90x15mm,,,Sterilized,,,2026-03-27T20:47:54.000Z,,,plate,,,,,,,,,,,,,,,,,,,,,,,,,,,,,,,PLATEGRP-1774644474103,,,,
recMD8eNDhbhv7rbh,Small Masters Mix 75/25,1,4.75,Fruiting,"[""recCcv3VMVqlLQg0S"",""recAuHoaUyTsfQ95r""]",,2025-11-06T20:26:01.000Z,2026-02-06,,fruiting_block,,Blue Oyster,,,,,,,,,,,,,,,,,0,0,,,,Bulk_Created,,,,2025-11-06T20:26:00.909Z,,,,,,,
recMEeCShXUtn5X0h,Large Masters Mix 75/25,1,8.166666666666666,Retired,"[""rectVokN12BS9watD"",""rectTnDY491kV646M"",""recF9RNTM5EfNuZ9r"",""recFRszDHicC7eAEH""]",,2025-10-31T18:23:54.000Z,2025-12-18,,fruiting_block,,Turkey Tail,,,,,3,59.34,,,,,,,,,,,0,1,,,,Bulk_Created,,,,2025-09-18T18:23:00.000Z,,,,2026-02-16T22:17:19.627Z,,,
recMEgqz98jsAlcdw,Coco Verm Gypsum,1,5,Consumed,,,2025-11-12T19:14:50.000Z,2026-02-12,,substrate,Pasteurize,,,,,,,,,,,,,,,,,,0,0,,,,,,,,,2025-11-12T19:14:00.000Z,,,,,,
recMHiNVtMz34E6Af,Coco Verm Gypsum,1,2.5,Consumed,,,2025-12-09T20:02:22.000Z,2026-03-09,,substrate,Pasteurize,,,,,,,,,,,,,,,,,,0,0,,,,,,,,,2025-12-09T19:58:00.000Z,,,,,,
recMJl07J6vDuBjY8,Masters Mix 75/25,1,7.5,Sterilized,,,2026-05-05T22:23:50.000Z,2026-08-05,,substrate,Sterilize,,,,,,,,,,,,,,,,,,,,,,,,,,,,2026-05-05T22:23:00.000Z,,,,,,
recMJxSK6MXMdQUeL,Peat Moss,1,3,Sterilized,,,2026-04-09T20:39:00.000Z,2026-07-09,,casing,Sterilize,,,,,,,,,,,,,,,,,,,,,,,,,,,,2026-04-09T20:38:59.422Z,,,,,,
recMKHrggWz7aL0ab,Coco Verm Gypsum,1,5,Consumed,,,2026-02-16T23:15:57.000Z,2026-05-16,,substrate,Pasteurize,,,,,,,,,,,,,,,,,,,,,,,,,,,,2026-02-16T23:15:56.486Z,,,,,,
recMKcIVofp56WeFt,Coco Verm Gypsum,1,2.5,Consumed,,,2026-01-15T13:54:00.000Z,2026-04-15,,substrate,Pasteurize,,,,,,,,,,,,,,,,,,,,,,,,,,,,2026-01-15T13:53:00.000Z,,,,,,
recMPbvQjXqntAF2K,Peat Moss,1,3,Sterilized,,,2026-04-09T20:39:00.000Z,2026-07-09,,casing,Sterilize,,,,,,,,,,,,,,,,,,,,,,,,,,,,2026-04-09T20:38:59.422Z,,,,,,
recMRFYrZ46Urk8ar,Coco Verm Gypsum,1,5,Consumed,,,2025-12-09T20:03:25.000Z,2026-03-09,,substrate,Pasteurize,,,,,,,,,,,,,,,,,,0,0,,,,,,,,,2025-12-09T20:03:00.000Z,,,,,,
recMV7ZsA7SVmNgEL,Wild Bird Seed,1,2,Sterilized,,Robert,2026-04-24T20:23:02.000Z,2026-07-24,,grain,Sterilize,,,,,,,,,,,,,,,,,,,,,,,,,,,,2026-04-24T07:30:00.000Z,,,,,,
recMVKuKZWs4GN7U3,Agar Plate 90x15mm,1,,Fridge,,,2025-10-31T19:35:27.000Z,,,plate,,,,,,,,,Thickspores Melmek actually,,,,,,0,,,0,0,0,,,,Plate_Inoculated,,2025-11-18T17:45:05.917Z,,,,,PLATEGRP-1761939326708,,,,
recMVjTjKtHrt4S4V,Coco Verm Gypsum,1,5,Consumed,,,2025-09-29T16:56:18.000Z,2025-12-29,,substrate,Sterilize,,,,,,,,,,,,,,,,,,0,0,,,,,,,,,2025-09-29T16:56:17.617Z,,,,,,
recMWmMAomB9DcFaY,Masters Mix 75/25,1,2.5,Sterilized,,,2026-05-05T22:22:15.000Z,2026-08-05,,substrate,Sterilize,,,,,,,,,,,,,,,,,,,,,,,,,,,,2026-05-05T22:22:14.543Z,,,,,,
recMbqgRxWgMj5xpp,Masters Mix 75/25,1,2.5,Consumed,,,2026-01-16T15:44:35.000Z,2026-04-16,,substrate,Sterilize,,,,,,,,,,,,,,,,,,,,,,,,,,,,2026-01-16T15:44:00.000Z,,,,,,
recMcqLriZi6AcBX7,Agar Plate 90x15mm,,,Retired,,,2025-12-22T20:03:14.000Z,,,plate,,Lion’s Mane,Fungaia,,,,,,,,,,,,0.25,,,0.25,,,,,,Plate_Inoculated,,2025-12-22T20:52:16.856Z,,,,,PLATEGRP-1766433793108,,,,
recMf9fRXX4d06atV,Wild Bird Seed,1,2,Sterilized,,Robert,2026-04-24T20:23:02.000Z,2026-07-24,,grain,Sterilize,,,,,,,,,,,,,,,,,,,,,,,,,,,,2026-04-24T07:30:00.000Z,,,,,,
recMqKbL6z0HWF3J1,Wild Bird Seed,1,2,Retired,,,2026-03-24T13:17:26.000Z,2026-06-24,,grain,Sterilize,,,,,,,,,,,,,,,,,,,,,,,,,,,,2026-03-24T13:17:23.986Z,,,,,,
recMsBXMBTwvu0jcB,Small Masters Mix 75/25,1,4.75,Retired,"[""rec0gVNHkrGiqWLjC"",""rec7aDJzMmUPhvuYM""]",,2025-11-06T20:25:29.000Z,2026-02-06,,fruiting_block,,Lion’s Mane,,,,,,,,,,,,,,,,,0,0,,,,Bulk_Created,,,,2025-11-06T20:25:28.038Z,,,,,,,
recMtSQI7fMdBtGsK,Large Masters Mix 75/25,1,8.333333333333334,Fruiting,"[""recyW79VRH9BmQXHe"",""rec3AnYfbAfmcBXNd"",""recFEKo3IBiG6mLXl"",""reczkd235gVQ1N7Vt""]",,2026-01-01T21:14:44.000Z,2026-04-01,,fruiting_block,,Lion’s Mane,,,,,4,94.34,,,,,,,,,,,0,1,,,,Bulk_Created,,,,2026-01-01T21:14:43.681Z,,,,,,,
recN4u4TOleG3vkDp,Coco Verm Gypsum,1,2.5,Consumed,,,2025-12-29T19:44:28.000Z,2026-03-29,,substrate,Pasteurize,,,,,,,,,,,,,,,,,,,,,,,,,,,,2025-12-29T19:44:27.969Z,,,,,,
recN67yHqzqvf9OEM,Agar Plate 90x15mm,,,Fridge,,,2026-03-27T20:47:17.000Z,,,plate,,Turkey Tail,Fungaia,,,,,,,,,Fungaia,,,2.5,,,2.5,,,,,,Plate_Inoculated,,2026-03-30T16:22:11.240Z,,,,,PLATEGRP-1774644436147,,,,
recN72GLG8lX1hVq0,Agar Plate 90x15mm,,,Fridge,,,2026-03-27T20:47:17.000Z,,,plate,,Bronze Reishi,Fungaia,,,,,,,,,Fungaia,,,0.25,,,0.25,,,,,,Plate_Inoculated,,2026-04-12T20:54:25.968Z,,,,,PLATEGRP-1774644436147,,,,
recN8TNAG1yKmuhv8,Masters Mix 50/50,1,7.5,Consumed,,,2026-01-16T16:17:34.000Z,2026-04-16,,substrate,Sterilize,,,,,,,,,,,,,,,,,,,,,,,,,,,,2026-01-16T16:17:00.000Z,,,,,,
recNDYavtetW88UqV,Masters Mix 75/25,1,2.5,Sterilized,,,2026-05-05T22:22:15.000Z,2026-08-05,,substrate,Sterilize,,,,,,,,,,,,,,,,,,,,,,,,,,,,2026-05-05T22:22:14.543Z,,,,,,
recNHjuDRMNjoIkZa,Peat Moss,1,3,Retired,,,2025-11-17T18:18:34.000Z,2026-02-17,,casing,Pasteurize,,,,,,,,,,,,,,,,,,0,0,,,,,,,,,2025-11-17T18:18:33.861Z,,,,,,
recNJbBrrFStbALHa,Coco Verm Gypsum,1,5,Consumed,,,2026-02-16T23:15:58.000Z,2026-05-16,,substrate,Pasteurize,,,,,,,,,,,,,,,,,,,,,,,,,,,,2026-02-16T23:15:57.425Z,,,,,,
recNT6eQZEBEcTv23,Peat Moss,1,3,Retired,,,2025-11-17T18:18:34.000Z,2026-02-17,,casing,Pasteurize,,,,,,,,,,,,,,,,,,0,0,,,,,,,,,2025-11-17T18:18:33.861Z,,,,,,
recNWWZRU4wPNhN31,Coco Verm Gypsum,1,5,Consumed,,Ray,2025-10-07T16:17:54.000Z,2026-01-07,,substrate,Pasteurize,,,,,,,,,,,,,,,,,,0,0,,,,,,,,,2025-10-07T16:17:00.000Z,,,,,,
recNcXqkL3VvpnaGY,Coco Verm Gypsum,1,5,Consumed,,,2025-09-29T16:56:18.000Z,2025-12-29,,substrate,Sterilize,,,,,,,,,,,,,,,,,,0,0,,,,,,,,,2025-09-29T16:56:17.617Z,,,,,,
recNiOOqOrHbHmzWm,Wild Bird Seed,1,2,Sterilized,,Robert,2026-04-24T20:23:04.000Z,2026-07-24,,grain,Sterilize,,,,,,,,,,,,,,,,,,,,,,,,,,,,2026-04-24T07:30:00.000Z,,,,,,
recNkV6S8nLd9wSf3,Small Masters Mix 75/25,1,4.75,Retired,"[""recimtO1msdb9b2PB"",""recBEGln2YGrhsb83""]",,2025-11-06T20:26:41.000Z,2026-02-06,,fruiting_block,,Turkey Tail,,,,,,,,,,,,,,,,,0,0,,,,Bulk_Created,,,,2025-11-06T20:26:40.975Z,,,,,,,
recNnsDi1gzPvG2A8,Coco Verm Gypsum,1,2.5,Consumed,,,2026-01-03T18:00:46.000Z,2026-04-03,,substrate,Pasteurize,,,,,,,,,,,,,,,,,,,,,,,,,,,,2026-01-03T18:00:45.573Z,,,,,,
recNpvu9GXIG94wJA,Masters Mix 75/25,1,7.5,Consumed,,,2025-12-16T16:43:38.000Z,2026-03-16,,substrate,Sterilize,,,,,,,,,,,,,,,,,,,,,,,,,,,,2025-12-16T16:43:00.000Z,,,,,,
recNraH7ahjRQeAUJ,Masters Mix 75/25,1,7.5,Consumed,,,2025-12-13T13:17:20.000Z,2026-03-13,,substrate,Sterilize,,,,,,,,,,,,,,,,,,0,0,,,,,,,,,2025-12-13T13:17:00.000Z,,,,,,
recNwENHu6ByPLtmd,Coco Verm Gypsum,1,2.5,Consumed,,,2026-01-15T13:54:00.000Z,2026-04-15,,substrate,Pasteurize,,,,,,,,,,,,,,,,,,,,,,,,,,,,2026-01-15T13:53:00.000Z,,,,,,
recNy9QSQ9gujHYUd,Masters Mix 75/25,1,7.5,Sterilized,,,2026-05-05T22:23:50.000Z,2026-08-05,,substrate,Sterilize,,,,,,,,,,,,,,,,,,,,,,,,,,,,2026-05-05T22:23:00.000Z,,,,,,
recNz6tYfz4p527Og,Coco Verm Gypsum,1,2.5,Consumed,,,2025-12-09T20:02:22.000Z,2026-03-09,,substrate,Pasteurize,,,,,,,,,,,,,,,,,,0,0,,,,,,,,,2025-12-09T19:58:00.000Z,,,,,,
recO0DBv2H8FFTexr,Coco Verm Gypsum,1,5,Consumed,,,2025-12-29T19:46:47.000Z,2026-03-29,,substrate,Pasteurize,,,,,,,,,,,,,,,,,,,,,,,,,,,,2025-12-29T19:46:46.420Z,,,,,,
recO5ZYeboHccgx0F,Wild Bird Seed,1,2.5,Consumed,,,2025-11-21T17:16:30.000Z,2025-11-30,,grain,Sterilize,Turkey Tail,,,2,Side,,,,,,,,,5.5,,,5.5,0,0,,,,Grain_Inoculated,,2025-08-31T16:16:00.000Z,,,2025-11-21T17:16:00.000Z,,,,,,
recOIoxgmPY3BSneJ,Coco Verm Gypsum,1,5,Consumed,,,2025-09-29T16:56:18.000Z,2025-12-29,,substrate,Sterilize,,,,,,,,,,,,,,,,,,0,0,,,,,,,,,2025-09-29T16:56:17.617Z,,,,,,
recOMVrdHgbF1xDpy,Large Masters Mix 75/25,1,8.75,Retired,"[""recXWGFV4xqGk0kQk"",""rec5frySpofQpKD9y"",""recr7wbS5aEgCQ1rM""]",,2026-01-07T18:15:33.000Z,2026-04-07,,fruiting_block,,Turkey Tail,,,,,,,,,,,,,,,,,,,,,,Bulk_Created,,,,2026-01-07T18:15:32.974Z,,,,,,,
recOU4hpo0SJ88iJ0,Large Masters Mix 75/25,1,8.5,Retired,"[""rec678cVZMUHUUeEg"",""recABvpmWN0SzpjI2"",""recoR4SVsOUHJtbke""]",,2025-10-31T19:13:00.000Z,2025-12-18,,fruiting_block,,Lion’s Mane,,,,,4,45.3,,,,,,,,,,,0,4,,,,Bulk_Created,,,,2025-09-18T19:12:00.000Z,,,,,,,
recOjWAgWkXQBJbLU,Coco Verm Gypsum,1,2.5,Consumed,,,2025-11-06T17:10:42.000Z,2025-12-29,,substrate,Sterilize,,,,,,,,,,,,,,,,,,0,0,,,,,,,,,2025-09-29T16:10:00.000Z,,,,,,
recOkdrnS9AWtiVtc,Agar Plate 90x15mm,,,Fridge,,,2025-12-22T20:03:14.000Z,,,plate,,Blue Oyster,Fungaia,,,,,,,,,,,,0.25,,,0.25,,,,,,Plate_Inoculated,,2025-12-22T20:50:18.126Z,,,,,PLATEGRP-1766433793108,,,,
recOttOwiJVMomq3g,Masters Mix 75/25,1,2.5,Sterilized,,,2026-05-05T22:22:15.000Z,2026-08-05,,substrate,Sterilize,,,,,,,,,,,,,,,,,,,,,,,,,,,,2026-05-05T22:22:14.543Z,,,,,,
recOvb6rcSlAlMGQ1,Peat Moss,1,3,Retired,,,2025-11-17T18:18:34.000Z,2026-02-17,,casing,Pasteurize,,,,,,,,,,,,,,,,,,0,0,,,,,,,,,2025-11-17T18:18:33.861Z,,,,,,
recP1dMqFMmN1wrMq,Coco Verm Gypsum,1,5,Consumed,,,2025-12-29T19:46:47.000Z,2026-03-29,,substrate,Pasteurize,,,,,,,,,,,,,,,,,,,,,,,,,,,,2025-12-29T19:46:46.420Z,,,,,,
recP1lNRuoo0NgkJk,Agar Plate 90x15mm,,,Sterilized,,,2026-03-27T20:47:46.000Z,,,plate,,,,,,,,,,,,,,,,,,,,,,,,,,,,,,,PLATEGRP-1774644465501,,,,
recP28SZes0LccG8h,Coco Verm Gypsum,1,5,Consumed,,,2026-04-22T12:29:05.000Z,2026-07-22,,substrate,Sterilize,,,,,,,,,,,,,,,,,,,,,,,,,,,,2026-04-22T12:29:05.101Z,,,,,,
recPC5g8giZxWEbFz,Fruiting Block,1,8.75,Fruiting,"[""recQtOuFfFdoKqwnJ"",""reckSdVEFsRyEl1Ld"",""recrpfiXccOqQ3De5""]",,2026-01-16T17:30:49.000Z,2026-04-16,,fruiting_block,,Bronze Reishi,,,,,2,110.48,,,,,,,,,,,0,1,,,,Bulk_Created,,,,2026-01-16T17:30:48.998Z,,,,,,,
recPSo62n6C3p0I1o,Masters Mix 50/50,1,7.5,Consumed,,,2026-01-16T16:17:34.000Z,2026-04-16,,substrate,Sterilize,,,,,,,,,,,,,,,,,,,,,,,,,,,,2026-01-16T16:17:00.000Z,,,,,,
recPTsQJpYoB97qcb,Fruiting Block,1,8.5,Fruiting,"[""recu9VqZoAoNwVvSy"",""recquGFzd9Gbf2G1y"",""recrRHFaiRcIUI2jZ""]",,2026-02-25T21:46:04.000Z,2026-05-25,,fruiting_block,,Chestnut,,,,,1,500,,,,,,,,,,,2,,,,,Bulk_Created,,,,2026-02-25T21:46:03.811Z,,,,,,,
recPdgIZS97CGlWqf,Agar Plate 90x15mm,,,Fridge,,,2025-12-22T20:03:14.000Z,,,plate,,Blue Oyster,Fungaia,,,,,,,,,,,,0.25,,,0.25,,,,,,Plate_Inoculated,,2025-12-22T20:50:18.126Z,,,,,PLATEGRP-1766433793108,,,,
recPe0kJ3RyxRRorH,Large Masters Mix 75/25,1,8.5,Fruiting,"[""recM3DnRKo72Ciu5e"",""recHiKvZ9Aqn67nya"",""rec7JfVopN8Ex6zg3""]",,2026-02-25T21:46:45.000Z,2026-05-25,,fruiting_block,,Chestnut,,,,,1,589.5,,,,,,,,,,,,2,,,,Bulk_Created,,,,2026-02-25T21:46:44.946Z,,,,,,,
recPfFbkyrTFAeto6,Coco Verm Gypsum,1,2.5,Pasteurized,,,2026-04-22T12:28:53.000Z,2026-07-22,,substrate,Sterilize,,,,,,,,,,,,,,,,,,,,,,,,,,,,2026-04-22T12:28:52.942Z,,,,,,
recPipaDRCARBPlfD,Large Masters Mix 50/50,1,9.5,Retired,"[""rec6vEiNx3mSz8WQt"",""recktJzTitivlf1u6""]",,2026-02-11T20:49:47.000Z,2026-05-11,,fruiting_block,,Lion’s Mane,,,,,3,111.52,,,,,,,,,,,0,1,,,,Bulk_Created,,,,2026-02-11T20:49:46.443Z,,,,2026-04-15T19:54:12.118Z,,,
recPlSRmRAulYP6Yx,Agar Plate 90x15mm,,,Retired,,,2025-12-22T20:03:14.000Z,,,plate,,Turkey Tail,Fungaia,,,,,,,,,,,,0.25,,,0.25,,,,,,Plate_Inoculated,,2025-12-22T20:54:33.729Z,,,,,PLATEGRP-1766433793108,,,,
recPoJoR63yJxIfTJ,Coco Verm Gypsum,1,2.5,Consumed,,,2025-12-29T19:44:28.000Z,2026-03-29,,substrate,Pasteurize,,,,,,,,,,,,,,,,,,,,,,,,,,,,2025-12-29T19:44:27.969Z,,,,,,
recPvM388KhFU75We,Masters Mix 75/25,1,7.5,Consumed,,,2026-01-17T13:36:05.000Z,2026-04-17,,substrate,Sterilize,,,,,,,,,,,,,,,,,,,,,,,,,,,,2026-01-17T13:36:00.000Z,,,,,,
recQ5YKK1hRUK3AEy,Wild Bird Seed,1,2.5,Consumed,,,2025-11-21T17:16:30.000Z,2025-11-30,,grain,Sterilize,Red Reishi,,,2,Top,,,,,,,,,5.5,,,5.5,0,0,,,,Grain_Inoculated,,2025-08-31T16:02:00.000Z,,,2025-11-21T17:16:00.000Z,,,,,,
recQ9KetW87x4rVuQ,Agar Plate 90x15mm,,,Sterilized,,,2026-03-27T20:47:46.000Z,,,plate,,,,,,,,,,,,,,,,,,,,,,,,,,,,,,,PLATEGRP-1774644465501,,,,
recQ9SGpY567ktlX9,Organic Wheat/Millet,1,5,Consumed,,,2025-09-29T18:28:45.000Z,2025-11-01,,grain,Sterilize,,,,,,,,,,,,,,,,,,0,0,,,,,,,,,2025-08-01T18:28:00.000Z,,,,,,
recQIP33t5ptMd1sx,Wild Bird Seed,1,2,Fridge,,,2026-01-04T20:27:20.000Z,2026-04-10,,grain,Sterilize,Lion’s Mane,Fungaia,,,,,,,,,,,,5,,,5,,,,,,Grain_Inoculated,,2026-01-10T20:49:31.022Z,,,2026-01-04T20:27:19.381Z,,,,,,
recQL0ZbJVV9OYuyn,Wild Bird Seed,1,2,Retired,,,2026-03-24T13:17:26.000Z,2026-06-24,,grain,Sterilize,,,,,,,,,,,,,,,,,,,,,,,,,,,,2026-03-24T13:17:23.986Z,,,,,,
recQLtlq0AuEcdtQY,Coco Verm Gypsum,1,2.5,Consumed,,,2025-12-29T19:44:28.000Z,2026-03-29,,substrate,Pasteurize,,,,,,,,,,,,,,,,,,,,,,,,,,,,2025-12-29T19:44:27.969Z,,,,,,
recQOaFteyKXFffBQ,Coco Verm Gypsum,1,2.5,Pasteurized,,,2026-04-22T12:28:53.000Z,2026-07-22,,substrate,Sterilize,,,,,,,,,,,,,,,,,,,,,,,,,,,,2026-04-22T12:28:52.942Z,,,,,,
recQaJdS3RpJRvmN2,Coco Verm Gypsum,1,2.5,Pasteurized,,Robert,2026-03-10T18:23:36.000Z,2026-06-10,,substrate,Pasteurize,,,,,,,,,,,,,,,,,,,,,,,,,,,,2026-03-10T18:23:35.316Z,,,,,,
recQtOuFfFdoKqwnJ,Wild Bird Seed,1,2.5,Consumed,,,2025-11-21T17:16:32.000Z,2026-03-22,,grain,Sterilize,Bronze Reishi,Fungaia,,2,Top,,,,,,,,,5.5,,,5.5,0,0,,,,Grain_Inoculated,,2025-12-22T20:48:11.133Z,,,2025-11-21T17:16:00.000Z,,,,,,
recQuNvBmhyc8cZbf,Agar Plate 90x15mm,,,Fridge,,,2025-12-22T20:03:14.000Z,,,plate,,Chestnut,Fungaia,,,,,,,,,,,,0.25,,,0.25,,,,,,Plate_Inoculated,,2025-12-22T20:08:39.571Z,,,,,PLATEGRP-1766433793108,,,,
recQwQmEYPJFidwC9,Masters Mix 75/25,1,7.5,Consumed,,,2025-10-31T18:22:12.000Z,2025-11-01,,substrate,Sterilize,,,,,,,,,,,,,,,,,,0,0,,,,,,,,,2025-08-01T18:22:00.000Z,,,,,,
recQxSBFB1wA1hodF,Agar Plate 90x15mm,,,Fridge,,,2026-03-27T20:47:38.000Z,,,plate,,Cordyceps,Fungaia,,,,,,,,,Fungaia,,,0.25,,,0.25,,,,,,Plate_Inoculated,,2026-04-12T20:57:31.389Z,,,,,PLATEGRP-1774644457723,,,,
recR0880D14z0xtmW,Wild Bird Seed,1,2,Fridge,,,2025-12-18T16:45:55.000Z,2026-04-02,,grain,Sterilize,Chestnut,Fungaia,,,,,,,,,,,,5,,,5,,,,,,Grain_Inoculated,,2026-01-02T20:39:38.418Z,,,2025-12-18T16:45:53.270Z,,,,,,
recR8tYddQXweh3Rj,Agar Plate 90x15mm,,,Sterilized,,,2026-03-27T20:47:46.000Z,,,plate,,,,,,,,,,,,,,,,,,,,,,,,,,,,,,,PLATEGRP-1774644465501,,,,
recR9W2v4Ptt9Zsxf,Coco Verm Gypsum,1,5,Consumed,,,2026-02-16T23:15:57.000Z,2026-05-16,,substrate,Pasteurize,,,,,,,,,,,,,,,,,,,,,,,,,,,,2026-02-16T23:15:56.486Z,,,,,,
recRCIXuZEw6w9uxV,Peat Moss,1,3,Retired,,,2025-11-17T18:18:34.000Z,2026-02-17,,casing,Pasteurize,,,,,,,,,,,,,,,,,,0,0,,,,,,,,,2025-11-17T18:18:33.861Z,,,,,,
recRCUQLNBW8lhUEz,Large Masters Mix 75/25,1,8.75,Fruiting,"[""recD2cmwtN62S55iq"",""recSiAPSUCQyMrdRd"",""rec9GzYrjM9TscbjB""]",,2026-02-28T18:33:35.000Z,2026-05-28,,fruiting_block,,Lion’s Mane,,,,,2,159.67,,,,,,,,,,,,1,,,,Bulk_Created,,,,2026-02-28T18:33:35.051Z,,,,,,,
recRWC9kYFuUrzQWR,Wild Bird Seed,1,2.5,Retired,,,2025-11-21T17:16:30.000Z,2026-03-11,,grain,Sterilize,Lion’s Mane,,,,,,,,,,,,,5.5,,,5.5,0,0,,,,Grain_Inoculated,,2025-12-11T19:48:19.793Z,,,2025-11-21T17:16:00.000Z,,,2026-03-01T23:53:26.916Z,,,
recRWmwB96k2i90WP,Coco Verm Gypsum,1,5,Consumed,,,2025-11-12T19:14:50.000Z,2026-02-12,,substrate,Pasteurize,,,,,,,,,,,,,,,,,,0,0,,,,,,,,,2025-11-12T19:14:00.000Z,,,,,,
recRjNkThOPUgWOnZ,Masters Mix 75/25,1,7.5,Consumed,,,2025-11-06T17:42:41.000Z,2025-12-01,,substrate,Sterilize,,,,,,,,,,,,,,,,,,0,0,,,,,,,,,2025-09-01T16:42:00.000Z,,,,,,
recRmLFQsd4J5qmLb,Masters Mix 75/25,1,7.5,Consumed,,,2025-12-13T13:17:20.000Z,2026-03-13,,substrate,Sterilize,,,,,,,,,,,,,,,,,,0,0,,,,,,,,,2025-12-13T13:17:00.000Z,,,,,,
recRut2SCEfW48ubq,Coco Verm Gypsum,1,5,Consumed,,,2026-02-16T23:15:57.000Z,2026-05-16,,substrate,Pasteurize,,,,,,,,,,,,,,,,,,,,,,,,,,,,2026-02-16T23:15:56.486Z,,,,,,
recRyRmIGEwRoGpFf,Masters Mix 75/25,1,2.5,Sterilized,,,2026-05-05T22:22:15.000Z,2026-08-05,,substrate,Sterilize,,,,,,,,,,,,,,,,,,,,,,,,,,,,2026-05-05T22:22:14.543Z,,,,,,
recS7JQ8P6W2gM4qD,Organic Wheat/Millet,1,5,Consumed,,,2025-09-29T18:28:45.000Z,2025-11-01,,grain,Sterilize,,,,,,,,,,,,,,,,,,0,0,,,,,,,,,2025-08-01T18:28:00.000Z,,,,,,
recSF3Jaw2jmdabRB,Wild Bird Seed,1,2,Fridge,,,2026-01-04T20:27:20.000Z,2026-04-10,,grain,Sterilize,Bronze Reishi,Fungaia,,,,,,,,,,,,5,,,5,,,,,,Grain_Inoculated,,2026-01-10T20:48:33.094Z,,,2026-01-04T20:27:19.381Z,,,,,,
recSIXV7577HSR0HF,Wild Bird Seed,1,2,Sterilized,,Robert,2026-04-24T20:23:02.000Z,2026-07-24,,grain,Sterilize,,,,,,,,,,,,,,,,,,,,,,,,,,,,2026-04-24T07:30:00.000Z,,,,,,
recSTTMXDiDxB7XaV,Coco Verm Gypsum,1,5,Consumed,,,2026-01-03T18:06:19.000Z,2026-04-03,,substrate,Pasteurize,,,,,,,,,,,,,,,,,,,,,,,,,,,,2026-01-03T18:06:18.361Z,,,,,,
recSVdnhP5h21kLTM,Large Masters Mix 75/25,1,8.5,Retired,"[""recXmQOenxUHE0AmV"",""receW1Gwneoxu0gQ0"",""reciSeMTMAp8vW4ZP""]",,2025-11-13T18:01:08.000Z,2026-02-13,,fruiting_block,,Turkey Tail,,,,,,,,,,,,,,,,,0,0,,,,Bulk_Created,,,,2025-11-13T18:01:07.417Z,,,,,,,
recSZmbOFxUlB8oKB,Agar Plate 90x15mm,,,Sterilized,,,2026-03-27T20:47:54.000Z,,,plate,,,,,,,,,,,,,,,,,,,,,,,,,,,,,,,PLATEGRP-1774644474103,,,,
recScYv36VeqV2h6M,Large Masters Mix 75/25,1,8.5,Fruiting,"[""recpVumNCaJIjL0hb"",""reccMQJYQBflZNtkj"",""recNpvu9GXIG94wJA""]",,2026-01-16T17:29:41.000Z,2026-04-16,,fruiting_block,,Branched Oyster,,,,,2,662.62,,,,,,,,,,,0,3,,,,Bulk_Created,,,,2026-01-16T17:29:40.485Z,,,,,,,
recSiAPSUCQyMrdRd,Masters Mix 75/25,1,7.5,Consumed,,Robert,2026-02-28T18:29:54.000Z,2026-05-28,,substrate,Sterilize,,,,,,,,,,,,,,,,,,,,,,,,,,,,2026-02-28T18:29:00.000Z,,,,,,
recSkHgEIMH8cerFW,Masters Mix 75/25,1,7.5,Consumed,,,2025-10-31T18:22:12.000Z,2025-11-01,,substrate,Sterilize,,,,,,,,,,,,,,,,,,0,0,,,,,,,,,2025-08-01T18:22:00.000Z,,,,,,
recSmIUlzP7RMCCcB,Small Masters Mix 75/25,1,4.75,Retired,"[""recaoQQurVVaDMOxL"",""rec47IMaITWjZXJ6K""]",,2025-11-06T20:24:34.000Z,2026-02-06,,fruiting_block,,Red Reishi,,,,,,,,,,,,,,,,,0,0,,,,Bulk_Created,,,,2025-11-06T20:24:33.075Z,,,,,,,
recSpT0PsEpSeTdeI,Coco Verm Gypsum,1,2.5,Consumed,,,2025-12-29T19:44:28.000Z,2026-03-29,,substrate,Pasteurize,,,,,,,,,,,,,,,,,,,,,,,,,,,,2025-12-29T19:44:27.969Z,,,,,,
recStsQvEPjSpVfH6,Coco Verm Gypsum,1,5,Consumed,,,2026-02-16T23:15:58.000Z,2026-05-16,,substrate,Pasteurize,,,,,,,,,,,,,,,,,,,,,,,,,,,,2026-02-16T23:15:57.425Z,,,,,,
recSxIEFkkN75oHht,Coco Verm Gypsum,1,2.5,Pasteurized,,,2026-04-22T12:28:53.000Z,2026-07-22,,substrate,Sterilize,,,,,,,,,,,,,,,,,,,,,,,,,,,,2026-04-22T12:28:52.942Z,,,,,,
recSyCuS9hYno43si,Wild Bird Seed,1,2,Fridge,,,2026-01-04T20:27:20.000Z,2026-04-25,,grain,Sterilize,Lion’s Mane,Fungaia,,,,,,,,,,,,5,,,5,,,,,,Grain_Inoculated,,2026-01-25T17:36:32.583Z,,,2026-01-04T20:27:19.381Z,,,,,,
recSyt4fdN3skhaZi,Coco Verm Gypsum,1,2.5,Pasteurized,,,2026-04-22T12:28:53.000Z,2026-07-22,,substrate,Sterilize,,,,,,,,,,,,,,,,,,,,,,,,,,,,2026-04-22T12:28:52.942Z,,,,,,
recSzM0rFJ3aM8SFu,Coco Verm Gypsum,1,5,Consumed,,,2025-11-12T19:14:50.000Z,2026-02-12,,substrate,Pasteurize,,,,,,,,,,,,,,,,,,0,0,,,,,,,,,2025-11-12T19:14:00.000Z,,,,,,
recTADQNVIzCfxzU7,Organic Wheat/Millet,1,5,Retired,,,2025-09-29T18:28:45.000Z,2025-11-01,,grain,Sterilize,,,,,,,,,,,,,,,,,,0,0,,,,,,,,,2025-08-01T18:28:00.000Z,,,,,,
recTQDadzcgtU1twr,Coco Verm Gypsum,1,5,Consumed,,,2025-11-12T19:15:55.000Z,2026-02-12,,substrate,Pasteurize,,,,,,,,,,,,,,,,,,0,0,,,,,,,,,2025-11-12T19:15:00.000Z,,,,,,
recTeMJRo9smvEopz,Wild Bird Seed,1,2,Fridge,,,2026-01-04T20:27:20.000Z,2026-04-25,,grain,Sterilize,Turkey Tail,Fungaia,,,,,,,,,,,,5,,,5,,,,,,Grain_Inoculated,,2026-01-25T17:35:32.380Z,,,2026-01-04T20:27:19.381Z,,,,,,
recTgfeVSu1FnSAuA,Large Masters Mix 75/25,1,8.75,Fruiting,"[""recD2cmwtN62S55iq"",""recSiAPSUCQyMrdRd"",""rec9GzYrjM9TscbjB""]",,2026-02-28T18:33:35.000Z,2026-05-28,,fruiting_block,,Lion’s Mane,,,,,1,336.78,,,,,,,,,,,1,,,,,Bulk_Created,,,,2026-02-28T18:33:35.051Z,,,,,,,
recTnhQJFWxAhLBBm,Coco Verm Gypsum,1,5,Consumed,,,2025-12-29T19:46:47.000Z,2026-03-29,,substrate,Pasteurize,,,,,,,,,,,,,,,,,,,,,,,,,,,,2025-12-29T19:46:46.420Z,,,,,,
recTp2QEELEteLyl3,Small Masters Mix 75/25,1,3.1666666666666665,Fruiting,"[""recLZGMLBTzDNmwDi"",""recFpFGSIZusQu3w7"",""reclKZK1MSjW4BO1C"",""reca8T8D2Ciq1mRwJ""]",,2026-02-11T20:50:47.000Z,2026-05-11,,fruiting_block,,Lion’s Mane,,,,,,,,,,,,,,,,,,,,,,Bulk_Created,,,,2026-02-11T20:50:47.086Z,,,,,,,
recTpL0IIdiDR3bFt,Large Masters Mix 75/25,1,8.5,Retired,"[""rec6nu5Fk7mhsXHA7"",""recxxRSXM61buPiuM"",""reco7ImN6Mqw2VCpE""]",,2025-11-06T17:44:13.000Z,2025-12-18,,fruiting_block,,Lion’s Mane,,,,,2,133.24,,,,,,,,,,,0,2,,,,Bulk_Created,,,,2025-09-18T16:43:00.000Z,,,,,,,
recTpUSLyilzSM2al,Masters Mix 75/25,1,2.5,Sterilized,,,2026-05-05T22:22:15.000Z,2026-08-05,,substrate,Sterilize,,,,,,,,,,,,,,,,,,,,,,,,,,,,2026-05-05T22:22:14.543Z,,,,,,
recTqovAGpSJK94Pe,Coco Verm Gypsum,1,5,Consumed,,Robert,2026-03-10T18:23:51.000Z,2026-06-10,,substrate,Pasteurize,,,,,,,,,,,,,,,,,,,,,,,,,,,,2026-03-10T18:23:50.693Z,,,,,,
recU0u2qIZ8yWxb5i,Masters Mix 50/50,1,7.5,Consumed,,,2025-10-31T18:12:51.000Z,2025-11-01,,substrate,Sterilize,,,,,,,,,,,,,,,,,,0,0,,,,,,,,,2025-08-01T18:12:00.000Z,,,,,,
recU36UOlbTpt2x73,Wild Bird Seed,1,2,Sterilized,,Robert,2026-04-24T20:23:02.000Z,2026-07-24,,grain,Sterilize,,,,,,,,,,,,,,,,,,,,,,,,,,,,2026-04-24T07:30:00.000Z,,,,,,
recU5KcMnjrR6PUa2,Coco Verm Gypsum,1,5,Consumed,,,2026-01-03T18:06:19.000Z,2026-04-03,,substrate,Pasteurize,,,,,,,,,,,,,,,,,,,,,,,,,,,,2026-01-03T18:06:18.361Z,,,,,,
recUDqhCr8diCbSev,Masters Mix 75/25,1,7.5,Sterilized,,Robert,2026-02-28T18:29:54.000Z,2026-05-28,,substrate,Sterilize,,,,,,,,,,,,,,,,,,,,,,,,,,,,2026-02-28T18:29:00.000Z,,,,,,
recUL6wmGl8LaTx5w,Organic Wheat/Millet,1,2,Retired,,,2025-10-06T13:52:07.000Z,2026-02-10,,grain,Sterilize,Lion’s Mane,MYYCO,3,,,,,,,,,,,5,,,5,0,0,,,,Grain_Inoculated,,2025-11-10T17:22:07.927Z,,,2025-10-06T13:51:00.000Z,,,,,,
recUORMBSy1w6F7kE,Wild Bird Seed,1,2.5,Fridge,,,2025-11-21T17:16:32.000Z,2026-03-22,,grain,Sterilize,Chestnut,Fungaia,,,,,,,,,,,,5.5,,,5.5,0,0,,,,Grain_Inoculated,,2025-12-22T20:07:38.378Z,,,2025-11-21T17:16:00.000Z,,,,,,
recUTA9o8pytLVpJN,Coco Verm Gypsum,1,5,Consumed,,,2026-01-15T13:54:17.000Z,2026-04-15,,substrate,Pasteurize,,,,,,,,,,,,,,,,,,,,,,,,,,,,2026-01-15T13:54:00.000Z,,,,,,
recUfZnjUT6W50wvV,Masters Mix 75/25,1,2.5,Consumed,,,2025-10-04T22:52:20.000Z,2026-01-04,,substrate,Sterilize,,,,,,,,,,,,,,,,,,0,0,,,,,,,,,2025-10-04T22:52:20.076Z,,,,,,
recUnhrTIXUGHxcVW,Small Masters Mix 75/25,1,2.8333333333333335,Consumed,"[""rec7e4hlqnmOcy303"",""recy8SzUO4C3HFbVv"",""recHoe3zDVz0tAujd"",""recyrJIedCf6gQ5Re"",""recg03wqUVkkJVJ42"",""recrYd5SYKVcBbt5o"",""rec6YWY70rN1F2VDs""]",,2026-04-02T17:58:24.000Z,2026-07-02,,fruiting_block,,Turkey Tail,Fungaia,,,,,,,,,,,,,,,,,,,,,Bulk_Created,,,,2026-04-02T17:58:23.485Z,,,,,,,
recUo81Oh7LfrU24C,Large Masters Mix 75/25,1,8.5,Fruiting,"[""recaziyk9yW28fBhn"",""rec4L5JI6AMilBrle"",""recRmLFQsd4J5qmLb""]",,2026-01-07T18:16:46.000Z,2026-04-07,,fruiting_block,,Bronze Reishi,,,,,,,,,,,,,,,,,,,,,,Bulk_Created,,,,2026-01-07T18:16:45.408Z,,,,,,,
recUre8PkL7bbDMEL,Coco Verm Gypsum,1,5,Consumed,,Ray,2025-10-07T16:17:54.000Z,2026-01-07,,substrate,Pasteurize,,,,,,,,,,,,,,,,,,0,0,,,,,,,,,2025-10-07T16:17:00.000Z,,,,,,
recUsoZI4bdZ1NfBf,Masters Mix 75/25,1,2.5,Consumed,,,2025-10-04T22:52:20.000Z,2026-01-04,,substrate,Sterilize,,,,,,,,,,,,,,,,,,0,0,,,,,,,,,2025-10-04T22:52:20.076Z,,,,,,
recUvH1q3bKPoM4E0,Coco Verm Gypsum,1,5,Retired,,,2026-02-16T23:15:57.000Z,2026-05-16,,substrate,Pasteurize,,,,,,,,,,,,,,,,,,,,,,,,,,,,2026-02-16T23:15:56.486Z,,,,,,
recUxLCbgyM9Fr9Zq,Small Masters Mix 75/25,1,4.833333333333333,Fruiting,"[""recqyOytv8GmngJzs"",""recHIwJN2rAyL4slE"",""reciOBH39m4RTwp5K"",""recZCEEylYykgXBL0""]",,2025-12-13T19:04:46.000Z,2026-03-13,,fruiting_block,,Branched Oyster,,,,,1,177.86,,,,,,,,,,,0,1,,,,Bulk_Created,,,,2025-12-13T19:04:45.627Z,,,,,,,
recUzBrGVoNG2zxTA,Peat Moss,1,2.5,Retired,,,2025-10-13T19:26:42.000Z,2025-12-01,,casing,Pasteurize,,,,,,,,,,,,,,,,,,0,0,,,,,,,,,2025-09-01T19:26:00.000Z,,,,,,
recV0fkHpiBJFFmol,Small Masters Mix 75/25,1,1.6666666666666667,Fruiting,"[""rechP7fXl9hiMAEit"",""recGnWGF3f92zXBrN"",""recvQYPEs7URQGP0M"",""reclq4McHJH7t1NRT""]",,2026-04-06T20:45:21.000Z,2026-07-06,,fruiting_block,,Blue Oyster,Fungaia,,,,1,139.92,,,,,,,,,,,,1,,,,Bulk_Created,,,,2026-04-06T20:45:20.854Z,,,,,,,
recV384WJZghfbJ9q,Wild Bird Seed,1,2,Sterilized,,Robert,2026-04-24T20:23:02.000Z,2026-07-24,,grain,Sterilize,,,,,,,,,,,,,,,,,,,,,,,,,,,,2026-04-24T07:30:00.000Z,,,,,,
recV82OHyOGrx2iyZ,Small Masters Mix 75/25,1,1.6666666666666667,Fruiting,"[""rechP7fXl9hiMAEit"",""recGnWGF3f92zXBrN"",""recvQYPEs7URQGP0M"",""reclq4McHJH7t1NRT""]",,2026-04-06T20:45:21.000Z,2026-07-06,,fruiting_block,,Blue Oyster,Fungaia,,,,1,160.84,,,,,,,,,,,,1,,,,Bulk_Created,,,,2026-04-06T20:45:20.854Z,,,,,,,
recVBKgBnREfVbOs2,Large Masters Mix 75/25,1,8.5,Fruiting,"[""recHj3iZDX3ngOFyW"",""recHMatXNouj5gs2f"",""rec4ys88jD9Y19m53""]",,2025-11-21T17:00:49.000Z,2026-02-21,,fruiting_block,,Blue Oyster,,,,,3,140.7,,,,,,,,,,,0,1,,,,Bulk_Created,,,,2025-11-21T17:00:48.435Z,,,,,,,
recVFqaZBbXcqLtak,Wild Bird Seed,1,2,Fridge,,,2026-03-24T13:17:24.000Z,2026-06-30,,grain,Sterilize,Turkey Tail,Fungaia,,,,,,,,,Fungaia,,,4.5,,,4.5,,,,,,Grain_Inoculated,,2026-03-30T16:22:11.240Z,,,2026-03-24T13:17:23.986Z,,,,,,
recVN6rZgoYhU7EmS,Agar Plate 90x15mm,,,Sterilized,,,2026-03-27T20:47:54.000Z,,,plate,,,,,,,,,,,,,,,,,,,,,,,,,,,,,,,PLATEGRP-1774644474103,,,,
recVR9CAFSbfphfEE,Coco Verm Gypsum,1,2.5,Consumed,,,2025-12-09T20:02:22.000Z,2026-03-09,,substrate,Pasteurize,,,,,,,,,,,,,,,,,,0,0,,,,,,,,,2025-12-09T19:58:00.000Z,,,,,,
recVTWv89gZbcf1Zb,Masters Mix 75/25,1,2.5,Consumed,,,2025-11-11T17:33:45.000Z,2026-01-01,,substrate,Sterilize,,,,,,,,,,,,,,,,,,0,0,,,,,,,,,2025-10-01T16:29:00.000Z,,,,,,
recVbZLT9VewzfzUy,Liquid Culture Flask,1,500,Retired,,,2025-09-29T15:52:21.000Z,2026-02-28,,lc_flask,Sterilize,Lion’s Mane,,,,,,,,,,,,,500,,,473,0,0,,,,LC_Flask_Inoculated,,2025-08-31T16:03:00.000Z,,,2025-05-01T15:52:00.000Z,,,2026-03-23T23:56:13.772Z,,,
recVfgWULaVgFmt9F,Organic Wheat/Millet,1,2,Retired,,,2025-10-06T13:52:07.000Z,2026-02-10,,grain,Sterilize,Lion’s Mane,MYYCO,3,,,,,,,,,,,5,,,5,0,0,,,,Grain_Inoculated,,2025-11-10T17:22:34.387Z,,,2025-10-06T13:51:00.000Z,,,,,,
recVmJ4C36kVJSSSS,Coco Verm Gypsum,1,2.5,Pasteurized,,,2026-04-22T12:28:53.000Z,2026-07-22,,substrate,Sterilize,,,,,,,,,,,,,,,,,,,,,,,,,,,,2026-04-22T12:28:52.942Z,,,,,,
recVyPe4gzIEULJan,Wild Bird Seed,1,2,Fridge,,,2026-03-24T13:17:24.000Z,2026-06-30,,grain,Sterilize,Bronze Reishi,Fungaia,,,,,,,,,Fungaia,,,4.5,,,4.5,,,,,,Grain_Inoculated,,2026-03-30T16:16:45.123Z,,,2026-03-24T13:17:23.986Z,,,,,,
recW0T9Ck1plL1jRU,Peat Moss,1,3,Retired,,,2025-11-17T18:18:34.000Z,2026-02-17,,casing,Pasteurize,,,,,,,,,,,,,,,,,,0,0,,,,,,,,,2025-11-17T18:18:33.861Z,,,,,,
recWG6xa2OxVnoUHZ,Coco Verm Gypsum,1,2.5,Consumed,,,2025-12-09T20:02:22.000Z,2026-03-09,,substrate,Pasteurize,,,,,,,,,,,,,,,,,,0,0,,,,,,,,,2025-12-09T19:58:00.000Z,,,,,,
recWKqW8F8pXNrP2Y,Coco Verm Gypsum,1,5,Consumed,,,2026-01-03T18:06:19.000Z,2026-04-03,,substrate,Pasteurize,,,,,,,,,,,,,,,,,,,,,,,,,,,,2026-01-03T18:06:18.361Z,,,,,,
recWKzq1OghcSXNl6,Small Masters Mix 75/25,1,2.8333333333333335,Consumed,"[""rec7e4hlqnmOcy303"",""recy8SzUO4C3HFbVv"",""recHoe3zDVz0tAujd"",""recyrJIedCf6gQ5Re"",""recg03wqUVkkJVJ42"",""recrYd5SYKVcBbt5o"",""rec6YWY70rN1F2VDs""]",,2026-04-02T17:58:24.000Z,2026-07-02,,fruiting_block,,Turkey Tail,Fungaia,,,,,,,,,,,,,,,,,,,,,Bulk_Created,,,,2026-04-02T17:58:23.485Z,,,,,,,
recWLtJVVspp0PrT7,Coco Verm Gypsum,1,5,Retired,,,2025-09-29T16:56:18.000Z,2025-12-29,,substrate,Sterilize,,,,,,,,,,,,,,,,,,0,0,,,,,,,,,2025-09-29T16:56:17.617Z,,,,,,
recWSo0rXnx4UYVLc,Wild Bird Seed,1,2.5,Consumed,,,2025-11-21T17:16:30.000Z,2025-11-30,,grain,Sterilize,Red Reishi,,,2,Top,,,,,,,,,5.5,,,5.5,0,0,,,,Grain_Inoculated,,2025-08-31T16:02:00.000Z,,,2025-11-21T17:16:00.000Z,,,,,,
recWV6uXs5zuCzG1U,Coco Verm Gypsum,1,5,Consumed,,,2025-12-09T20:03:25.000Z,2026-03-09,,substrate,Pasteurize,,,,,,,,,,,,,,,,,,0,0,,,,,,,,,2025-12-09T20:03:00.000Z,,,,,,
recWaoWzOyTVelcfZ,Agar Plate 90x15mm,1,,Fridge,,,2025-10-31T19:35:27.000Z,,,plate,,,,,,,,,Thickspores Cambodian actually,,,,,,0,,,0,0,0,,,,Plate_Inoculated,,2025-11-18T17:45:05.917Z,,,,,PLATEGRP-1761939326708,,,,
recWdmBdUPUbr0bcO,Wild Bird Seed,1,2,Consumed,,,2025-12-18T16:45:54.000Z,2026-03-22,,grain,Sterilize,Blue Oyster,Fungaia,,2,Side,,,,,,,,,5,,,5,,,,,,Grain_Inoculated,,2025-12-22T20:50:58.125Z,,,2025-12-18T16:45:53.270Z,,,,,,
recWjEtSaoTxOJ9ql,Liquid Culture Flask,1,300,Fridge,,,2025-12-12T18:17:29.000Z,2026-06-12,,lc_flask,Sterilize,Pearl Oyster,Fungaia,,,,,,,5,,,,,302,,,243,0,0,,,,LC_Flask_Inoculated,,2025-12-12T18:40:44.807Z,,,2025-12-06T18:17:00.000Z,,,,,,
recWwgGMfhtnOeABw,Large Masters Mix 75/25,1,8.5,Fruiting,"[""recyqYL44TqqBy1EY"",""recqNWxKXKlnPlFdh"",""recPvM388KhFU75We""]",,2026-02-28T18:31:44.000Z,2026-05-28,,fruiting_block,,Pearl Oyster,,,,,1,323.67,,,,,,,,,,,,2,,,,Bulk_Created,,,,2026-02-28T18:31:44.075Z,,,,,,,
recX0egyGTWWeJohj,Organic Wheat/Millet,1,5,Retired,,,2025-10-01T20:38:51.000Z,2026-01-01,,grain,Sterilize,,,,,,,,,,,,,,,,,,0,0,,,,,,,,,2025-10-01T20:38:00.000Z,,,,,,
recX3kNcSiSV9GQDl,Coco Verm Gypsum,1,5,Consumed,,,2026-01-03T18:06:19.000Z,2026-04-03,,substrate,Pasteurize,,,,,,,,,,,,,,,,,,,,,,,,,,,,2026-01-03T18:06:18.361Z,,,,,,
recX5zTxVMOPWVkWp,Coco Verm Gypsum,1,2.5,Consumed,,,2025-11-06T17:10:42.000Z,2025-12-29,,substrate,Sterilize,,,,,,,,,,,,,,,,,,0,0,,,,,,,,,2025-09-29T16:10:00.000Z,,,,,,
recX8QIPisq3KTlWc,Wild Bird Seed,1,2,Sterilized,,Robert,2026-04-24T20:23:02.000Z,2026-07-24,,grain,Sterilize,,,,,,,,,,,,,,,,,,,,,,,,,,,,2026-04-24T07:30:00.000Z,,,,,,
recXMeLaCrGmdNEQN,Organic Wheat/Millet,1,2,Consumed,,,2025-09-29T16:30:44.000Z,2025-08-01,,grain,Sterilize,,,,,,,,,,,,,,,,,,0,0,,,,,,,,,2025-05-01T16:30:00.000Z,,,,,,
recXNSKE2d3kAaZT1,Wild Bird Seed,1,2.5,Retired,,,2025-11-21T17:16:30.000Z,2026-03-22,,grain,Sterilize,Red Reishi,Fungaia,,,,,,,,,,,,5.5,,,5.5,0,0,,,,Grain_Inoculated,,2025-12-22T20:05:42.015Z,,,2025-11-21T17:16:00.000Z,,,,,,
recXPzxtHRdIY4fin,Agar Plate 90x15mm,,,Sterilized,,,2026-03-27T20:47:46.000Z,,,plate,,,,,,,,,,,,,,,,,,,,,,,,,,,,,,,PLATEGRP-1774644465501,,,,
recXWGFV4xqGk0kQk,Wild Bird Seed,1,2.5,Consumed,,,2025-11-21T17:16:30.000Z,2025-11-30,,grain,Sterilize,Turkey Tail,,,2,Side,,,,,,,,,5.5,,,5.5,0,0,,,,Grain_Inoculated,,2025-08-31T16:16:00.000Z,,,2025-11-21T17:16:00.000Z,,,,,,
recXWrJcsCzpa6erZ,Coco Verm Gypsum,1,5,Consumed,,,2025-12-09T20:03:25.000Z,2026-03-09,,substrate,Pasteurize,,,,,,,,,,,,,,,,,,0,0,,,,,,,,,2025-12-09T20:03:00.000Z,,,,,,
recXdj8NKMxv0D0U4,Coco Verm Gypsum,1,5,Consumed,,,2025-12-29T19:46:47.000Z,2026-03-29,,substrate,Pasteurize,,,,,,,,,,,,,,,,,,,,,,,,,,,,2025-12-29T19:46:46.420Z,,,,,,
recXgokm67TkbtSGv,Liquid Culture Syringe,1,,Fridge,,,2025-12-12T18:36:06.000Z,,,lc_syringe,,Bronze Reishi,Fungaia,,,,,,,,Purchased,Fungaia,May25,2025-05-24,10,,,2,0,0,,,,LC_Syringe_Received,,,,,,,,,,,
recXgyvVjhhbfoNmk,Coco Verm Gypsum,1,2.5,Consumed,,,2026-01-15T13:54:00.000Z,2026-04-15,,substrate,Pasteurize,,,,,,,,,,,,,,,,,,,,,,,,,,,,2026-01-15T13:53:00.000Z,,,,,,
recXixSeVeJ0qvSKm,Wild Bird Seed,1,2,Fridge,,,2026-03-24T13:17:24.000Z,2026-07-12,,grain,Sterilize,Red Reishi,Fungaia,,,,,,,,,Fungaia,,,5,,,5,,,,,,Grain_Inoculated,,2026-04-12T20:53:04.883Z,,,2026-03-24T13:17:23.986Z,,,,,,
recXmQOenxUHE0AmV,Organic Wheat/Millet,1,2,Consumed,,,2025-09-29T16:30:44.000Z,2025-12-13,,grain,Sterilize,Turkey Tail,,2,2,Side,,,,,,,,,,,,,0,0,,,,Grain_Inoculated,2025-09-13T15:56:00.000Z,2025-09-13T15:56:00.000Z,,,2025-05-01T16:30:00.000Z,,,,,,
recXsu5j1s0Xq9QJm,Wild Bird Seed,1,2.5,Retired,,,2025-11-21T17:16:30.000Z,2026-03-11,,grain,Sterilize,Lion’s Mane,,,,,,,,,,,,,5.5,,,5.5,0,0,,,,Grain_Inoculated,,2025-12-11T19:48:19.793Z,,,2025-11-21T17:16:00.000Z,,,2026-03-01T23:54:03.413Z,,,
recY4HfOKcEdgjIJO,Small Masters Mix 75/25,1,2.8333333333333335,Consumed,"[""recbpnsqYnzoqmmck"",""rec2A8uwuuVkSVZOr"",""recIOm9zD5t299O8n"",""recYaz120duwL1KfC"",""recYtgV461KCmHnEF"",""rectkiXBbNNAZqVYD"",""recMbqgRxWgMj5xpp""]",,2026-04-02T17:57:20.000Z,2026-07-02,,fruiting_block,,Lion’s Mane,Fungaia,,,,,,,,,,,,,,,,,,,,,Bulk_Created,,,,2026-04-02T17:57:19.849Z,,,,,,,
recY9O00qJ94Q0sap,Coco Verm Gypsum,1,2.5,Consumed,,,2025-12-29T19:44:28.000Z,2026-03-29,,substrate,Pasteurize,,,,,,,,,,,,,,,,,,,,,,,,,,,,2025-12-29T19:44:27.969Z,,,,,,
recYElMmAVWesoJLn,Wild Bird Seed,1,2,Consumed,,,2025-12-13T18:31:13.000Z,2025-10-25,,grain,Sterilize,Turkey Tail,,,2,Side,,,,,,,,,5,,,5,0,0,,,,Grain_Inoculated,,2025-07-25T17:47:00.000Z,,,2025-05-24T17:31:00.000Z,,,,,,
recYIEaSeNv7Wjcpv,Liquid Culture Flask,1,500,Fridge,,,2026-03-30T16:15:35.000Z,2026-09-30,,lc_flask,Sterilize,Blue Oyster,Fungaia,,,,,,,,,Fungaia,,,502.5,,,499,,,,,,LC_Flask_Inoculated,,2026-03-30T16:21:06.497Z,,,2026-03-30T16:15:34.671Z,,,,,,
recYNImjfMUgtYqoI,Coco Verm Gypsum,1,2.5,Consumed,,,2025-12-09T20:02:22.000Z,2026-03-09,,substrate,Pasteurize,,,,,,,,,,,,,,,,,,0,0,,,,,,,,,2025-12-09T19:58:00.000Z,,,,,,
recYQLTlRxuxyyyR1,Coco Verm Gypsum,1,5,Consumed,,,2026-01-03T18:06:19.000Z,2026-04-03,,substrate,Pasteurize,,,,,,,,,,,,,,,,,,,,,,,,,,,,2026-01-03T18:06:18.361Z,,,,,,
recYRpi7vYmdRXQKe,Liquid Culture Flask,1,300,Retired,,Ray,2025-10-08T11:17:59.000Z,2026-04-10,,lc_flask,Sterilize,Lion’s Mane,MYYCO,1,,,,,,,,,,,300,,,282,0,0,,,,LC_Flask_Inoculated,2025-10-10T15:42:00.000Z,,,,2025-10-08T11:17:00.000Z,,,,,,
recYTbpbFDec1H0VJ,Coco Verm Gypsum,1,2.5,Consumed,,,2025-12-29T19:44:28.000Z,2026-03-29,,substrate,Pasteurize,,,,,,,,,,,,,,,,,,,,,,,,,,,,2025-12-29T19:44:27.969Z,,,,,,
recYWNToc4VtBYeKF,Masters Mix 75/25,1,2.5,Sterilized,,,2026-05-05T22:22:15.000Z,2026-08-05,,substrate,Sterilize,,,,,,,,,,,,,,,,,,,,,,,,,,,,2026-05-05T22:22:14.543Z,,,,,,
recYXtMfXaB46DlTf,Peat Moss,1,2.5,Retired,,,2025-10-13T19:26:42.000Z,2025-12-01,,casing,Pasteurize,,,,,,,,,,,,,,,,,,0,0,,,,,,,,,2025-09-01T19:26:00.000Z,,,,,,
recYZffDz54KavAyJ,Liquid Culture Flask,1,300,Fridge,,,2025-12-12T18:17:29.000Z,2026-06-12,,lc_flask,Sterilize,Turkey Tail,Fungaia,,,,,,,5,,,,,302,,,233.5,0,0,,,,LC_Flask_Inoculated,,2025-12-12T18:40:25.132Z,,,2025-12-06T18:17:00.000Z,,,,,,
recYaz120duwL1KfC,Masters Mix 75/25,1,2.5,Consumed,,,2025-12-13T13:17:03.000Z,2026-03-13,,substrate,Sterilize,,,,,,,,,,,,,,,,,,0,0,,,,,,,,,2025-12-13T13:16:00.000Z,,,,,,
recYmA0e8xl30gR2g,Liquid Culture Flask,1,500,Fridge,,,2026-03-30T16:15:35.000Z,2026-09-30,,lc_flask,Sterilize,Pink Oyster,Fungaia,,,,,,,,,Fungaia,,,502.5,,,499.4,,,,,,LC_Flask_Inoculated,,2026-03-30T16:20:01.898Z,,,2026-03-30T16:15:34.671Z,,,,,,
recYtgV461KCmHnEF,Masters Mix 75/25,1,2.5,Consumed,,,2026-01-16T15:44:35.000Z,2026-04-16,,substrate,Sterilize,,,,,,,,,,,,,,,,,,,,,,,,,,,,2026-01-16T15:44:00.000Z,,,,,,
recYzUhO2Vmecd6ZY,Agar Plate 90x15mm,,,Fridge,,,2025-12-22T20:03:14.000Z,,,plate,,Red Reishi,Fungaia,,,,,,,,,,,,0.25,,,0.25,,,,,,Plate_Inoculated,,2025-12-22T20:06:39.530Z,,,,,PLATEGRP-1766433793108,,,,
recZ1VAUiN0Q7KqY2,Liquid Culture Syringe,1,,Fridge,,,2025-12-12T18:37:22.000Z,,,lc_syringe,,Pearl Oyster,Fungaia,,,,,,,,Purchased,Fungaia,May25,2025-05-24,10,,,6,0,0,,,,LC_Syringe_Received,,,,,,,,,,,
recZBLsiYstYmydo8,Small Masters Mix 75/25,1,4.833333333333333,Fruiting,"[""recGkPZ8IAtmgps7G"",""rec4IeY1rSxh4e4YX"",""recVTWv89gZbcf1Zb"",""reczVzE3jd7deNF7q""]",,2025-12-13T19:07:16.000Z,2026-03-13,,fruiting_block,,Bronze Reishi,,,,,,,,,,,,,,,,,0,0,,,,Bulk_Created,,,,2025-12-13T19:07:15.107Z,,,,,,,
recZCEEylYykgXBL0,Masters Mix 75/25,1,2.5,Consumed,,,2025-11-10T23:46:12.000Z,2026-02-10,,substrate,Sterilize,,,,,,,,,,,,,,,,,,0,0,,,,,,,,,2025-11-10T23:46:00.000Z,,,,,,
recZXveRucAwj9nNR,Liquid Culture Flask,1,300,Retired,,,2025-12-12T18:17:29.000Z,2026-06-06,,lc_flask,Sterilize,,,,,,,,,,,,,,,,,,0,0,,,,,,,,,2025-12-06T18:17:00.000Z,,,,,,
recZYypJ5RdlpdoLo,Large Masters Mix 75/25,1,8.5,Retired,"[""recm59TLkELKPYfRn"",""recIxqGhc0NqkNI5a"",""recb64d1ujNEHYXzD""]",,2025-11-13T17:56:49.000Z,2026-02-13,,fruiting_block,,Red Reishi,,,,,2,165.63,,,,,,,,,,,0,1,,,,Bulk_Created,,,,2025-11-13T17:56:48.517Z,,,,2026-05-05T22:25:41.687Z,,,
recZZPAoVEKrztm9A,Coco Verm Gypsum,1,2.5,Consumed,,,2025-12-09T20:02:22.000Z,2026-03-09,,substrate,Pasteurize,,,,,,,,,,,,,,,,,,0,0,,,,,,,,,2025-12-09T19:58:00.000Z,,,,,,
recZfYhWVWMcapWWU,Organic Wheat/Millet,1,2,Consumed,,,2025-10-06T13:52:07.000Z,2026-01-06,,grain,Sterilize,,,,,,,,,,,,,,,,,,0,0,,,,,,,,,2025-10-06T13:51:00.000Z,,,,,,
recZjB7HPE6l2APSB,Coco Verm Gypsum,1,5,Consumed,,,2026-01-03T18:06:19.000Z,2026-04-03,,substrate,Pasteurize,,,,,,,,,,,,,,,,,,,,,,,,,,,,2026-01-03T18:06:18.361Z,,,,,,
recZoGrnWqS5G7rno,Peat Moss,1,3,Retired,,,2025-11-17T18:18:34.000Z,2026-02-17,,casing,Pasteurize,,,,,,,,,,,,,,,,,,0,0,,,,,,,,,2025-11-17T18:18:33.861Z,,,,,,
recZs07ldlAixJqUB,Large Masters Mix 75/25,1,8.5,Fruiting,"[""reche2q0Onokkt6Bl"",""recKPIwrwiMpRuO9H"",""recq4uo3VEkVkjcy5""]",,2026-02-28T18:32:24.000Z,2026-05-28,,fruiting_block,,Pearl Oyster,,,,,2,304.28,,,,,,,,,,,,2,,,,Bulk_Created,,,,2026-02-28T18:32:23.573Z,,,,,,,
recZwLANMicnL1IKN,Large Masters Mix 50/50,1,8.5,Retired,"[""receCGAfb2ERBsrWk"",""recu8GP0DMRMDddEL"",""recPSo62n6C3p0I1o""]",,2026-01-17T18:38:58.000Z,2026-04-17,,fruiting_block,,Lion’s Mane,,,,,1,244.8,,,,,,,,,,,0,1,,,,Bulk_Created,,,,2026-01-17T18:38:57.824Z,,,,2026-04-02T16:56:39.242Z,,,
reca0QPhT47odARZW,Coco Verm Gypsum,1,5,Consumed,,,2026-01-15T13:54:17.000Z,2026-04-15,,substrate,Pasteurize,,,,,,,,,,,,,,,,,,,,,,,,,,,,2026-01-15T13:54:00.000Z,,,,,,
reca65kQ3ecrZbwQb,Large Masters Mix 75/25,1,8.5,Fruiting,"[""rec2p0dsmchHxAUxv"",""reccRiIuV9oQDYC0P"",""recdke6rptRunjIm4""]",,2025-11-13T17:57:57.000Z,2026-02-13,,fruiting_block,,Blue Oyster,,,,,3,119.2,,,,,,,,,,,0,1,,,,Bulk_Created,,,,2025-11-13T17:57:56.601Z,,,,,,,
reca8T8D2Ciq1mRwJ,Masters Mix 75/25,1,2.5,Consumed,,,2025-12-13T13:17:03.000Z,2026-03-13,,substrate,Sterilize,,,,,,,,,,,,,,,,,,0,0,,,,,,,,,2025-12-13T13:16:00.000Z,,,,,,
recaRbDKtjxr4yhUw,Organic Wheat/Millet,1,5,Retired,,,2025-10-01T20:38:51.000Z,2026-01-01,,grain,Sterilize,,,,,,,,,,,,,,,,,,0,0,,,,,,,,,2025-10-01T20:38:00.000Z,,,,,,
recaSaVPpfJMIdus7,Coco Verm Gypsum,1,5,Consumed,,,2025-11-12T19:14:50.000Z,2026-02-12,,substrate,Pasteurize,,,,,,,,,,,,,,,,,,0,0,,,,,,,,,2025-11-12T19:14:00.000Z,,,,,,
recaW2PWZkcUXKKi3,Coco Verm Gypsum,1,5,Retired,,,2026-02-16T23:15:58.000Z,2026-05-16,,substrate,Pasteurize,,,,,,,,,,,,,,,,,,,,,,,,,,,,2026-02-16T23:15:57.425Z,,,,,,
recaW8ljuwclLkxeN,Liquid Culture Flask,1,300,Fridge,,,2025-12-12T18:17:29.000Z,2026-06-12,,lc_flask,Sterilize,Lion’s Mane,Fungaia,,,,,,,5,,,,,302,,,206.5,0,0,,,,LC_Flask_Inoculated,,2025-12-12T18:44:26.064Z,,,2025-12-06T18:17:00.000Z,,,,,,
recabB7gPQLCZ2P6l,Agar Plate 90x15mm,,,Fridge,,,2026-03-27T20:47:17.000Z,,,plate,,Bronze Reishi,Fungaia,,,,,,,,,Fungaia,,,2.5,,,2.5,,,,,,Plate_Inoculated,,2026-03-30T16:16:45.123Z,,,,,PLATEGRP-1774644436147,,,,
recabsawPoHm9rFGK,Liquid Culture Flask,1,300,Retired,,Ray,2025-10-08T11:17:59.000Z,2026-04-10,,lc_flask,Sterilize,Chestnut,MYYCO,1,,,,,,,,,,,300,,,298,0,0,,,,LC_Flask_Inoculated,2025-10-10T15:43:00.000Z,,,,2025-10-08T11:17:00.000Z,,,,,,
recafVRXyGU22xG4A,Agar Plate 90x15mm,,,Sterilized,,,2026-03-27T20:47:54.000Z,,,plate,,,,,,,,,,,,,,,,,,,,,,,,,,,,,,,PLATEGRP-1774644474103,,,,
recafdOd06wZKseml,Agar Plate 90x15mm,,,Retired,,,2025-12-22T20:03:14.000Z,,,plate,,Bronze Reishi,Fungaia,,,,,,,,,,,,0.25,,,0.25,,,,,,Plate_Inoculated,,2025-12-22T20:46:06.807Z,,,,,PLATEGRP-1766433793108,,,,
recahStLZXY3BkpEt,Wild Bird Seed,1,2,Sterilized,,Robert,2026-04-24T20:23:02.000Z,2026-07-24,,grain,Sterilize,,,,,,,,,,,,,,,,,,,,,,,,,,,,2026-04-24T07:30:00.000Z,,,,,,
recai4mqib8HpKLWI,Coco Verm Gypsum,1,5,Consumed,,,2025-12-29T19:46:47.000Z,2026-03-29,,substrate,Pasteurize,,,,,,,,,,,,,,,,,,,,,,,,,,,,2025-12-29T19:46:46.420Z,,,,,,
recaoQQurVVaDMOxL,Organic Wheat/Millet,1,2,Consumed,,,2025-09-29T16:30:44.000Z,2025-12-13,,grain,Sterilize,Red Reishi,,2,2,Side,,,,,,,,,,,,,0,0,,,,Grain_Inoculated,2025-09-13T16:00:00.000Z,2025-09-13T16:00:00.000Z,,,2025-05-01T16:30:00.000Z,,,,,,
recau44Kj691P0Av4,Coco Verm Gypsum,1,5,Consumed,,,2025-09-29T16:56:18.000Z,2025-12-29,,substrate,Sterilize,,,,,,,,,,,,,,,,,,0,0,,,,,,,,,2025-09-29T16:56:17.617Z,,,,,,
recaziyk9yW28fBhn,Wild Bird Seed,1,2,Consumed,,,2025-12-13T18:31:13.000Z,2025-11-18,,grain,Sterilize,Bronze Reishi,Fungaia,,2,Top,,,,,,,,,4,,,4,0,0,,,,Grain_Inoculated,,2025-08-18T17:47:00.000Z,,,2025-05-24T17:31:00.000Z,,,,,,
recb64d1ujNEHYXzD,Masters Mix 75/25,1,7.5,Consumed,,,2025-11-06T17:04:16.000Z,2026-02-06,,substrate,Sterilize,,,,,,,,,,,,,,,,,,0,0,,,,,,,,,2025-11-06T17:04:00.000Z,,,,,,
recb6ZdtFbK8QnmRb,Coco Verm Gypsum,1,5,Retired,,,2026-02-16T23:15:58.000Z,2026-05-16,,substrate,Pasteurize,,,,,,,,,,,,,,,,,,,,,,,,,,,,2026-02-16T23:15:57.425Z,,,,,,
recb9Nur5JH3LjYgv,Coco Verm Gypsum,1,5,Consumed,,,2025-11-12T19:14:50.000Z,2026-02-12,,substrate,Pasteurize,,,,,,,,,,,,,,,,,,0,0,,,,,,,,,2025-11-12T19:14:00.000Z,,,,,,
recbCBnfqJcCCkE55,Agar Plate 90x15mm,,,Fridge,,,2026-03-27T20:47:17.000Z,,,plate,,Red Reishi,Fungaia,,,,,,,,,Fungaia,,,0.25,,,0.25,,,,,,Plate_Inoculated,,2026-04-12T20:53:35.184Z,,,,,PLATEGRP-1774644436147,,,,
recbOTrcQRP3IkldG,Coco Verm Gypsum,1,5,Consumed,,,2026-01-03T18:06:19.000Z,2026-04-03,,substrate,Pasteurize,,,,,,,,,,,,,,,,,,,,,,,,,,,,2026-01-03T18:06:18.361Z,,,,,,
recbcFPZylSXs4EgI,Small Masters Mix 75/25,1,2.8333333333333335,Consumed,"[""recbpnsqYnzoqmmck"",""rec2A8uwuuVkSVZOr"",""recIOm9zD5t299O8n"",""recYaz120duwL1KfC"",""recYtgV461KCmHnEF"",""rectkiXBbNNAZqVYD"",""recMbqgRxWgMj5xpp""]",,2026-04-02T17:57:20.000Z,2026-07-02,,fruiting_block,,Lion’s Mane,Fungaia,,,,,,,,,,,,,,,,,,,,,Bulk_Created,,,,2026-04-02T17:57:19.849Z,,,,,,,
recbexzYQLlJBTfqq,Agar Flask,1,400,Consumed,,,2026-03-27T20:45:12.000Z,,,agar_flask,Sterilize,,,,,,,,,,,,,,,,,,,,,,,,,,,,2026-03-23T20:45:00.000Z,15,PLATEGRP-1774644474103,,,,
recbmSecWfTr6r06n,Organic Wheat/Millet,1,2,Consumed,,,2025-10-06T13:52:07.000Z,2026-01-06,,grain,Sterilize,,,,,,,,,,,,,,,,,,0,0,,,,,,,,,2025-10-06T13:51:00.000Z,,,,,,
recboX8LEwgNVq6yK,Coco Verm Gypsum,1,5,Consumed,,,2025-11-12T19:14:50.000Z,2026-02-12,,substrate,Pasteurize,,,,,,,,,,,,,,,,,,0,0,,,,,,,,,2025-11-12T19:14:00.000Z,,,,,,
recbpnsqYnzoqmmck,Wild Bird Seed,1,2,Consumed,,,2026-01-04T20:27:20.000Z,2026-04-25,,grain,Sterilize,Lion’s Mane,Fungaia,,6,Side,,,,,,,,,5,,,5,,,,,,Grain_Inoculated,,2026-01-25T17:36:32.583Z,,,2026-01-04T20:27:19.381Z,,,,,,
recbq71hCdjx29Aj6,Wild Bird Seed,1,2,Sterilized,,Robert,2026-04-24T20:23:04.000Z,2026-07-24,,grain,Sterilize,,,,,,,,,,,,,,,,,,,,,,,,,,,,2026-04-24T07:30:00.000Z,,,,,,
recbriIzypF6Yyflp,Coco Verm Gypsum,1,5,Consumed,,Robert,2026-03-10T18:23:51.000Z,2026-06-10,,substrate,Pasteurize,,,,,,,,,,,,,,,,,,,,,,,,,,,,2026-03-10T18:23:50.693Z,,,,,,
recbts1INAJgT81m9,Coco Verm Gypsum,1,2.5,Pasteurized,,,2026-04-22T12:28:53.000Z,2026-07-22,,substrate,Sterilize,,,,,,,,,,,,,,,,,,,,,,,,,,,,2026-04-22T12:28:52.942Z,,,,,,
recbymCyGU3fzEwuq,Masters Mix 50/50,1,7.5,Consumed,,,2026-01-16T16:17:34.000Z,2026-04-16,,substrate,Sterilize,,,,,,,,,,,,,,,,,,,,,,,,,,,,2026-01-16T16:17:00.000Z,,,,,,
recc7vI3poMFfk7N2,Coco Verm Gypsum,1,5,Consumed,,,2025-09-29T16:56:18.000Z,2025-12-29,,substrate,Sterilize,,,,,,,,,,,,,,,,,,0,0,,,,,,,,,2025-09-29T16:56:17.617Z,,,,,,
recc7wtSvk0qbVTK7,Coco Verm Gypsum,1,2.5,Consumed,,,2025-12-29T19:44:28.000Z,2026-03-29,,substrate,Pasteurize,,,,,,,,,,,,,,,,,,,,,,,,,,,,2025-12-29T19:44:27.969Z,,,,,,
reccCKP8wr1spThd0,Organic Wheat/Millet,1,5,Retired,,,2025-09-29T18:28:45.000Z,2025-11-01,,grain,Sterilize,,,,,,,,,,,,,,,,,,0,0,,,,,,,,,2025-08-01T18:28:00.000Z,,,,,,
reccMQJYQBflZNtkj,Masters Mix 75/25,1,7.5,Consumed,,,2025-12-16T16:43:38.000Z,2026-03-16,,substrate,Sterilize,,,,,,,,,,,,,,,,,,,,,,,,,,,,2025-12-16T16:43:00.000Z,,,,,,
reccNKmQ81Gw9tdqs,Wild Bird Seed,1,2,Fridge,,,2026-01-04T20:27:20.000Z,2026-04-10,,grain,Sterilize,Chestnut,Fungaia,,,,,,,,,,,,5,,,5,,,,,,Grain_Inoculated,,2026-01-10T20:50:13.715Z,,,2026-01-04T20:27:19.381Z,,,,,,
reccRiIuV9oQDYC0P,Masters Mix 75/25,1,7.5,Consumed,,,2025-11-06T17:04:16.000Z,2026-02-06,,substrate,Sterilize,,,,,,,,,,,,,,,,,,0,0,,,,,,,,,2025-11-06T17:04:00.000Z,,,,,,
reccVO7VtLlgeqE2h,Large Masters Mix 50/50,1,8.5,Retired,"[""recoOOXTzmJnIYJUQ"",""recH7irpIL441tuMR"",""recyHVBcvqEgLiJMV""]",,2026-01-17T18:38:13.000Z,2026-04-17,,fruiting_block,,Turkey Tail,,,,,,,,,,,,,,,,,,,,,,Bulk_Created,,,,2026-01-17T18:38:13.117Z,,,,2026-05-09T12:42:31.507Z,,,
reccYdzriRA9vsWOB,Wild Bird Seed,1,2,Sterilized,,Robert,2026-04-24T20:23:02.000Z,2026-07-24,,grain,Sterilize,,,,,,,,,,,,,,,,,,,,,,,,,,,,2026-04-24T07:30:00.000Z,,,,,,
reccpxS1qoNaA7LZS,Masters Mix 75/25,1,2.5,Sterilized,,,2026-05-05T22:22:15.000Z,2026-08-05,,substrate,Sterilize,,,,,,,,,,,,,,,,,,,,,,,,,,,,2026-05-05T22:22:14.543Z,,,,,,
reccqbKCHQk5B18Vz,Large Masters Mix 75/25,1,8.5,Retired,"[""rectHUAe7BPV4zpCM"",""recBS706EdhphdHF9"",""recjPDNRcLr01Vpfn""]",,2026-02-28T18:31:00.000Z,2026-05-28,,fruiting_block,,Turkey Tail,,,,,,,,,,,,,,,,,,,,,,Bulk_Created,,,,2026-02-28T18:30:59.431Z,,,,2026-05-09T12:43:27.078Z,,,
reccykUEpT88tMTH6,Wild Bird Seed,1,2,Retired,,,2025-12-18T16:45:54.000Z,2026-03-31,,grain,Sterilize,Pink Oyster,Fungaia,,,,,,,,,,,,5,,,5,,,,,,Grain_Inoculated,,2025-12-31T17:19:23.913Z,,,2025-12-18T16:45:53.270Z,,,2026-03-01T23:53:36.476Z,,,
recdAipvaLrQKT3Sw,Coco Verm Gypsum,1,5,Consumed,,,2026-01-03T18:06:19.000Z,2026-04-03,,substrate,Pasteurize,,,,,,,,,,,,,,,,,,,,,,,,,,,,2026-01-03T18:06:18.361Z,,,,,,
recdAqMzgsqhmfC1F,Coco Verm Gypsum,1,5,Consumed,,,2025-12-09T20:03:25.000Z,2026-03-09,,substrate,Pasteurize,,,,,,,,,,,,,,,,,,0,0,,,,,,,,,2025-12-09T20:03:00.000Z,,,,,,
recdEYY9oRCEaX9h9,Small Masters Mix 75/25,1,2.8333333333333335,Consumed,"[""recbpnsqYnzoqmmck"",""rec2A8uwuuVkSVZOr"",""recIOm9zD5t299O8n"",""recYaz120duwL1KfC"",""recYtgV461KCmHnEF"",""rectkiXBbNNAZqVYD"",""recMbqgRxWgMj5xpp""]",,2026-04-02T17:57:20.000Z,2026-07-02,,fruiting_block,,Lion’s Mane,Fungaia,,,,,,,,,,,,,,,,,,,,,Bulk_Created,,,,2026-04-02T17:57:19.849Z,,,,,,,
recdGEeNWbuEtbLL5,Organic Wheat/Millet,1,2,Consumed,,,2025-10-10T15:52:26.000Z,2025-12-13,,grain,Sterilize,Lion’s Mane,,3,2,Side,,,,,,,,,,,,,0,0,,,,Grain_Inoculated,2025-09-13T17:27:00.000Z,2025-09-13T17:27:00.000Z,,,2025-08-01T15:52:00.000Z,,,,,,
recdLf5ea1bQWuMy4,Organic Wheat/Millet,1,2,Consumed,,,2025-09-29T16:30:44.000Z,2025-12-13,,grain,Sterilize,Turkey Tail,,2,2,Side,,,,,,,,,,,,,0,0,,,,Grain_Inoculated,2025-09-13T16:12:00.000Z,2025-09-13T16:12:00.000Z,,,2025-05-01T16:30:00.000Z,,,,,,
recdOwo3Jb2RxBaPA,Coco Verm Gypsum,1,2.5,Pasteurized,,,2026-04-22T12:28:53.000Z,2026-07-22,,substrate,Sterilize,,,,,,,,,,,,,,,,,,,,,,,,,,,,2026-04-22T12:28:52.942Z,,,,,,
recdRwM8p6kHGDgcl,Agar Plate 90x15mm,,,Retired,,,2025-12-22T20:03:14.000Z,,,plate,,,,,,,,,,,,,,,,,,,,,,,,,,,,,,,PLATEGRP-1766433793108,,,,
recdWseXRpDcB6wbU,Masters Mix 75/25,1,7.5,Consumed,,,2025-11-10T23:46:10.000Z,2026-02-10,,substrate,Sterilize,,,,,,,,,,,,,,,,,,0,0,,,,,,,,,2025-11-10T23:45:00.000Z,,,,,,
recdYyZTipBAVcK4T,Peat Moss,1,3,Sterilized,,,2026-04-09T20:39:00.000Z,2026-07-09,,casing,Sterilize,,,,,,,,,,,,,,,,,,,,,,,,,,,,2026-04-09T20:38:59.422Z,,,,,,
recdke6rptRunjIm4,Masters Mix 75/25,1,7.5,Consumed,,,2025-11-06T17:04:16.000Z,2026-02-06,,substrate,Sterilize,,,,,,,,,,,,,,,,,,0,0,,,,,,,,,2025-11-06T17:04:00.000Z,,,,,,
recdlYrtNqcvh5TKX,Coco Verm Gypsum,1,5,Consumed,,Robert,2026-03-10T18:23:51.000Z,2026-06-10,,substrate,Pasteurize,,,,,,,,,,,,,,,,,,,,,,,,,,,,2026-03-10T18:23:50.693Z,,,,,,
recdn5A62uH9BKS6k,Masters Mix 75/25,1,7.5,Consumed,,,2025-10-31T18:22:12.000Z,2025-11-01,,substrate,Sterilize,,,,,,,,,,,,,,,,,,0,0,,,,,,,,,2025-08-01T18:22:00.000Z,,,,,,
receCGAfb2ERBsrWk,Wild Bird Seed,1,2,Consumed,,,2025-12-18T16:45:54.000Z,2026-03-22,,grain,Sterilize,Lion’s Mane,Fungaia,,2,Side,,,,,,,,,5,,,5,,,,,,Grain_Inoculated,,2025-12-22T20:53:08.633Z,,,2025-12-18T16:45:53.270Z,,,,,,
receER88nYKrLQXU4,Liquid Culture Flask,1,500,Fridge,,,2026-03-30T16:15:35.000Z,2026-09-30,,lc_flask,Sterilize,Chestnut,Fungaia,,,,,,,,,Fungaia,,,502.5,,,499,,,,,,LC_Flask_Inoculated,,2026-03-30T16:19:16.700Z,,,2026-03-30T16:15:34.671Z,,,,,,
receGwfYp3p99UDXM,Peat Moss,1,3,Retired,,,2025-11-17T18:18:34.000Z,2026-02-17,,casing,Pasteurize,,,,,,,,,,,,,,,,,,0,0,,,,,,,,,2025-11-17T18:18:33.861Z,,,,,,
receISOrAM0TcEa6E,Organic Wheat/Millet,1,5,Retired,,,2025-09-29T18:28:45.000Z,2025-11-01,,grain,Sterilize,,,,,,,,,,,,,,,,,,0,0,,,,,,,,,2025-08-01T18:28:00.000Z,,,,,,
receKay3AhY8AX38d,Organic Wheat/Millet,1,5,Retired,,,2025-09-29T18:28:45.000Z,2025-11-01,,grain,Sterilize,,,,,,,,,,,,,,,,,,0,0,,,,,,,,,2025-08-01T18:28:00.000Z,,,,,,
receKmO521AEeaYuU,Wild Bird Seed,1,2,Consumed,,,2025-12-18T16:45:54.000Z,2026-03-22,,grain,Sterilize,Lion’s Mane,Fungaia,,2,Side,,,,,,,,,5,,,5,,,,,,Grain_Inoculated,,2025-12-22T20:53:08.633Z,,,2025-12-18T16:45:53.270Z,,,,,,
receKsMVYjaL62j1M,Masters Mix 75/25,1,2.5,Sterilized,,,2026-05-05T22:22:15.000Z,2026-08-05,,substrate,Sterilize,,,,,,,,,,,,,,,,,,,,,,,,,,,,2026-05-05T22:22:14.543Z,,,,,,
receL0vTHMoY5B30M,Masters Mix 75/25,1,2.5,Sterilized,,,2026-05-05T22:22:15.000Z,2026-08-05,,substrate,Sterilize,,,,,,,,,,,,,,,,,,,,,,,,,,,,2026-05-05T22:22:14.543Z,,,,,,
receLd3bUmwkhWXzo,Coco Verm Gypsum,1,2.5,Consumed,,,2025-12-29T19:44:28.000Z,2026-03-29,,substrate,Pasteurize,,,,,,,,,,,,,,,,,,,,,,,,,,,,2025-12-29T19:44:27.969Z,,,,,,
receOaP89aOJHfNbM,Coco Verm Gypsum,1,5,Consumed,,Ray,2025-10-07T16:17:54.000Z,2026-01-07,,substrate,Pasteurize,,,,,,,,,,,,,,,,,,0,0,,,,,,,,,2025-10-07T16:17:00.000Z,,,,,,
receTxaB3ycV0zAfY,Liquid Culture Flask,1,500,Fridge,,,2026-03-30T17:39:51.000Z,2026-09-30,,lc_flask,Sterilize,Black Pearl King Oyster,MYYCO,,,,,,,,,MYYCO,,,502.5,,,499.4,,,,,,LC_Flask_Inoculated,,2026-03-30T18:58:44.967Z,,,2026-03-30T17:39:50.874Z,,,,,,
receVIoiOjaG1acgp,Large Masters Mix 75/25,1,8.5,Retired,"[""recAwatR0dGptz8cd"",""recj0sicjHMaamZaZ"",""recNraH7ahjRQeAUJ""]",,2026-01-01T21:17:52.000Z,2026-04-01,,fruiting_block,,Branched Oyster,,,,,3,198.02,,,,,,,,,,,,1,,,,Bulk_Created,,,,2026-01-01T21:17:51.937Z,,,,2026-04-15T19:54:45.818Z,,,
receW1Gwneoxu0gQ0,Masters Mix 75/25,1,7.5,Consumed,,,2025-11-06T17:04:16.000Z,2026-02-06,,substrate,Sterilize,,,,,,,,,,,,,,,,,,0,0,,,,,,,,,2025-11-06T17:04:00.000Z,,,,,,
recefSoDg8E4ZrRKW,Liquid Culture Syringe,1,,Fridge,,,2026-03-27T20:18:04.000Z,,,lc_syringe,,,,,,,,,,,Purchased,Fungaia,,2026-03-17,10,,,2.5,,,,,,LC_Syringe_Received,,,,,,,,,,,
recei60L0VQ7IECPI,Liquid Culture Flask,1,300,Retired,,Ray,2025-10-08T11:17:59.000Z,2026-04-10,,lc_flask,Sterilize,Chestnut,MYYCO,1,,,,,,,,,,,300,,,301,0,0,,,,LC_Flask_Inoculated,2025-10-10T15:43:00.000Z,,,,2025-10-08T11:17:00.000Z,,,2026-03-23T23:55:53.732Z,,,
recejzoeypY7acBtb,Large Masters Mix 50/50,1,8.5,Fruiting,"[""recsOdz06rm8TKQ63"",""recU0u2qIZ8yWxb5i"",""rechMavJ2BvKlkN3U""]",,2025-10-31T18:14:18.000Z,2025-11-18,,fruiting_block,,Red Reishi,,,,,,,,,,,,,,,,,0,0,,,,Bulk_Created,,,,2025-08-18T18:14:00.000Z,,,,,,,
recemSvu9sx45u6uG,Coco Verm Gypsum,1,2.5,Pasteurized,,,2026-04-22T12:28:53.000Z,2026-07-22,,substrate,Sterilize,,,,,,,,,,,,,,,,,,,,,,,,,,,,2026-04-22T12:28:52.942Z,,,,,,
recexUEwgW7H7Tn98,Coco Verm Gypsum,1,5,Consumed,,Ray,2025-10-07T16:17:54.000Z,2026-01-07,,substrate,Pasteurize,,,,,,,,,,,,,,,,,,0,0,,,,,,,,,2025-10-07T16:17:00.000Z,,,,,,
recf15kvdjW2C5ePF,Peat Moss,1,3,Retired,,,2025-11-17T18:18:34.000Z,2026-02-17,,casing,Pasteurize,,,,,,,,,,,,,,,,,,0,0,,,,,,,,,2025-11-17T18:18:33.861Z,,,,,,
recf78QHDAJVibt2m,Coco Verm Gypsum,1,5,Consumed,,,2026-04-22T12:29:05.000Z,2026-07-22,,substrate,Sterilize,,,,,,,,,,,,,,,,,,,,,,,,,,,,2026-04-22T12:29:05.101Z,,,,,,
recf9jzuiq6eQ6Erq,Masters Mix 75/25,1,2.5,Sterilized,,,2026-05-05T22:22:15.000Z,2026-08-05,,substrate,Sterilize,,,,,,,,,,,,,,,,,,,,,,,,,,,,2026-05-05T22:22:14.543Z,,,,,,
recfA0RHzqRK4zwrj,Coco Verm Gypsum,1,5,Consumed,,,2026-01-03T18:06:19.000Z,2026-04-03,,substrate,Pasteurize,,,,,,,,,,,,,,,,,,,,,,,,,,,,2026-01-03T18:06:18.361Z,,,,,,
recfGPOZJ9R0N6QWZ,Wild Bird Seed,1,2,Sterilized,,Robert,2026-04-24T20:23:02.000Z,2026-07-24,,grain,Sterilize,,,,,,,,,,,,,,,,,,,,,,,,,,,,2026-04-24T07:30:00.000Z,,,,,,
recfHdH0R4fA3Iwty,Organic Wheat/Millet,1,2,Retired,,,2025-11-11T17:34:05.000Z,2026-02-21,,grain,Sterilize,Lion’s Mane,,,,,,,,,,,,,5,,,5,0,0,,,,Grain_Inoculated,,2025-11-21T18:55:32.045Z,,,2025-10-06T16:33:00.000Z,,,2026-03-01T23:53:12.414Z,,,
recfO2l8wFyWowJLw,Agar Plate 90x15mm,,,Fridge,,,2026-03-27T20:47:17.000Z,,,plate,,Red Reishi,Fungaia,,,,,,,,,Fungaia,,,0.25,,,0.25,,,,,,Plate_Inoculated,,2026-04-12T20:53:35.184Z,,,,,PLATEGRP-1774644436147,,,,
recfQBS4IfwojqxJm,Masters Mix 50/50,1,7.5,Sterilized,,Robert,2026-03-05T17:21:05.000Z,2026-06-05,,substrate,Sterilize,,,,,,,,,,,,,,,,,,,,,,,,,,,,2026-03-05T17:21:04.594Z,,,,,,
recfQBTVsDRzmEG0T,Coco Verm Gypsum,1,2.5,Consumed,,,2025-12-29T19:44:28.000Z,2026-03-29,,substrate,Pasteurize,,,,,,,,,,,,,,,,,,,,,,,,,,,,2025-12-29T19:44:27.969Z,,,,,,
recfRSFGMiNHgzBVE,Wild Bird Seed,1,2,Fridge,,,2025-12-18T16:45:54.000Z,2026-03-22,,grain,Sterilize,Turkey Tail,Fungaia,,,,,,,,,,,,5,,,5,,,,,,Grain_Inoculated,,2025-12-22T20:55:36.439Z,,,2025-12-18T16:45:53.270Z,,,,,,
recfbfYDnPBFZZhO4,Coco Verm Gypsum,1,5,Consumed,,,2026-04-22T12:29:05.000Z,2026-07-22,,substrate,Sterilize,,,,,,,,,,,,,,,,,,,,,,,,,,,,2026-04-22T12:29:05.101Z,,,,,,
recfdh3IMlGLGzjQx,Agar Flask,1,500,Consumed,,,2025-11-02T23:42:13.000Z,,,agar_flask,Sterilize,,,,,,,,,,,,,,,,,,0,0,,,,,,,,,2025-11-02T23:42:00.000Z,,,,,,
recflofAblWGLAYo4,Wild Bird Seed,1,2,Colonizing,,,2026-03-24T13:17:24.000Z,2026-07-12,,grain,Sterilize,Chestnut,Fungaia,,,,,,,,,Fungaia,,,5,,,5,,,,,,Grain_Inoculated,,2026-04-12T20:55:36.408Z,,,2026-03-24T13:17:23.986Z,,,,,,
recfqT1Eo4wU2M5LV,Agar Plate 90x15mm,,,Sterilized,,,2026-03-27T20:47:54.000Z,,,plate,,,,,,,,,,,,,,,,,,,,,,,,,,,,,,,PLATEGRP-1774644474103,,,,
recfr1CGriU06CLPU,Wild Bird Seed,1,2,Sterilized,,Robert,2026-04-24T20:23:02.000Z,2026-07-24,,grain,Sterilize,,,,,,,,,,,,,,,,,,,,,,,,,,,,2026-04-24T07:30:00.000Z,,,,,,
recfx8CI8CSRvkS4A,Liquid Culture Syringe,,,Consumed,,,2025-09-29T15:42:40.000Z,,,lc_syringe,,Lion’s Mane,MYYCO,,,,,,,,Purchased,MYYCO,,2025-08-20,10,,,6,0,0,,,,,,,,,,,,,,,
recfxPTrAXEJzvEs6,Coco Verm Gypsum,1,2.5,Consumed,,,2026-01-15T13:54:00.000Z,2026-04-15,,substrate,Pasteurize,,,,,,,,,,,,,,,,,,,,,,,,,,,,2026-01-15T13:53:00.000Z,,,,,,
recfyEWJARq1T2xJw,Organic Wheat/Millet,1,5,Retired,,,2025-09-29T18:28:45.000Z,2025-11-01,,grain,Sterilize,,,,,,,,,,,,,,,,,,0,0,,,,,,,,,2025-08-01T18:28:00.000Z,,,,,,
recg03wqUVkkJVJ42,Masters Mix 75/25,1,2.5,Consumed,,,2026-01-17T13:35:51.000Z,2026-04-17,,substrate,Sterilize,,,,,,,,,,,,,,,,,,,,,,,,,,,,2026-01-17T13:35:00.000Z,,,,,,
recg1bgudx8P6LNRd,Large Masters Mix 75/25,1,8.5,Retired,"[""recWdmBdUPUbr0bcO"",""recgr0YT0tZZsvAev"",""recAgSq8eOOmrSGMj""]",,2026-01-07T18:16:08.000Z,2026-04-07,,fruiting_block,,Blue Oyster,,,,,3,67.39,,,,,,,,,,,0,1,,,,Bulk_Created,,,,2026-01-07T18:16:07.408Z,,,,2026-04-15T20:43:26.531Z,,,
recgBZxhpKhFfd5zv,Wild Bird Seed,1,2,Consumed,,,2025-12-18T16:45:54.000Z,2026-03-22,,grain,Sterilize,Blue Oyster,Fungaia,,2,Side,,,,,,,,,5,,,5,,,,,,Grain_Inoculated,,2025-12-22T20:50:58.125Z,,,2025-12-18T16:45:53.270Z,,,,,,
recgDZAdrwyTEjx0w,Liquid Culture Syringe,1,,Fridge,,,2025-12-12T18:36:41.000Z,,,lc_syringe,,Lion’s Mane,Fungaia,,,,,,,,Purchased,Fungaia,May25,2025-05-24,10,,,6,0,0,,,,LC_Syringe_Received,,,,,,,,,,,
recgO9sF5PYG2dk5P,Masters Mix 75/25,1,7.5,Consumed,,,2025-10-31T18:22:12.000Z,2025-11-01,,substrate,Sterilize,,,,,,,,,,,,,,,,,,0,0,,,,,,,,,2025-08-01T18:22:00.000Z,,,,,,
recgWMysdYiUFE1Zx,Wild Bird Seed,1,2.5,Fridge,,,2025-11-21T17:16:32.000Z,2026-03-22,,grain,Sterilize,Bronze Reishi,Fungaia,,,,,,,,,,,,5.5,,,5.5,0,0,,,,Grain_Inoculated,,2025-12-22T20:48:11.133Z,,,2025-11-21T17:16:00.000Z,,,,,,
recgdtbBAwcD0eRWH,Masters Mix 50/50,1,7.5,Sterilized,,Robert,2026-03-05T17:21:05.000Z,2026-06-05,,substrate,Sterilize,,,,,,,,,,,,,,,,,,,,,,,,,,,,2026-03-05T17:21:04.594Z,,,,,,
recgeW212tDB3GZJB,Wild Bird Seed,1,2,Sterilized,,Robert,2026-04-24T20:23:02.000Z,2026-07-24,,grain,Sterilize,,,,,,,,,,,,,,,,,,,,,,,,,,,,2026-04-24T07:30:00.000Z,,,,,,
recgfa0qoC6DmS7OO,Wild Bird Seed,1,2,Fridge,,,2025-12-18T16:45:55.000Z,2026-04-10,,grain,Sterilize,Bronze Reishi,Fungaia,,,,,,,,,,,,5,,,5,,,,,,Grain_Inoculated,,2026-01-10T20:48:33.094Z,,,2025-12-18T16:45:53.270Z,,,,,,
recgmgib4amu53C68,Coco Verm Gypsum,1,5,Consumed,,,2025-12-29T19:46:47.000Z,2026-03-29,,substrate,Pasteurize,,,,,,,,,,,,,,,,,,,,,,,,,,,,2025-12-29T19:46:46.420Z,,,,,,
recgr0YT0tZZsvAev,Masters Mix 75/25,1,7.5,Consumed,,,2025-12-13T13:17:20.000Z,2026-03-13,,substrate,Sterilize,,,,,,,,,,,,,,,,,,0,0,,,,,,,,,2025-12-13T13:17:00.000Z,,,,,,
recgvDQzW5yZ9fwHj,Coco Verm Gypsum,1,5,Retired,,,2025-09-29T16:56:18.000Z,2025-12-29,,substrate,Sterilize,,,,,,,,,,,,,,,,,,0,0,,,,,,,,,2025-09-29T16:56:17.617Z,,,,,,
recgxwVI5Hg9rBsW9,Organic Wheat/Millet,1,5,Retired,,,2025-10-06T13:54:02.000Z,2026-01-06,,grain,Sterilize,,,,,,,,,,,,,,,,,,0,0,,,,,,,,,2025-10-06T13:53:00.000Z,,,,,,
recgz0ZXaq3ig8PNb,Agar Plate 90x15mm,,,Colonizing,,,2026-03-27T20:47:28.000Z,,,plate,,Chestnut,Fungaia,,,,,,,,,Fungaia,,,0.25,,,0.25,,,,,,Plate_Inoculated,,2026-04-12T20:55:58.463Z,,,,,PLATEGRP-1774644448064,,,,
rech0qZ2yxBuRp6PG,Wild Bird Seed,1,2,Colonizing,,Robert,2026-04-24T20:23:02.000Z,2026-07-24,,grain,Sterilize,Black Pearl King Oyster,MYYCO,,,,,,,,,MYYCO,,,5,,,5,,,,,,Grain_Inoculated,,2026-04-24T20:27:54.898Z,,,2026-04-24T07:30:00.000Z,,,,,,
rech3RPqvq9d5HZ0p,Large Masters Mix 75/25,1,8.5,Fruiting,"[""reche2q0Onokkt6Bl"",""recKPIwrwiMpRuO9H"",""recq4uo3VEkVkjcy5""]",,2026-02-28T18:32:24.000Z,2026-05-28,,fruiting_block,,Pearl Oyster,,,,,1,310.94,,,,,,,,,,,,2,,,,Bulk_Created,,,,2026-02-28T18:32:23.573Z,,,,,,,
rechEqGT0Er5reU5r,Masters Mix 75/25,1,2.5,Consumed,,,2025-10-04T22:52:20.000Z,2026-01-04,,substrate,Sterilize,,,,,,,,,,,,,,,,,,0,0,,,,,,,,,2025-10-04T22:52:20.076Z,,,,,,
rechG3eanvCwgs6mO,Peat Moss,1,3,Retired,,,2025-11-17T18:18:34.000Z,2026-02-17,,casing,Pasteurize,,,,,,,,,,,,,,,,,,0,0,,,,,,,,,2025-11-17T18:18:33.861Z,,,,,,
rechMavJ2BvKlkN3U,Masters Mix 50/50,1,7.5,Consumed,,,2025-10-31T18:12:51.000Z,2025-11-01,,substrate,Sterilize,,,,,,,,,,,,,,,,,,0,0,,,,,,,,,2025-08-01T18:12:00.000Z,,,,,,
rechP7fXl9hiMAEit,Wild Bird Seed,1,2.5,Consumed,,,2025-11-21T17:16:32.000Z,2026-03-22,,grain,Sterilize,Blue Oyster,Fungaia,,6,Side,,,,,,,,,5.5,,,5.5,0,0,,,,Grain_Inoculated,,2025-12-22T20:50:58.125Z,,,2025-11-21T17:16:00.000Z,,,,,,
rechQQL5EDBWzMDPZ,Masters Mix 75/25,1,7.5,Sterilized,,,2026-05-05T22:23:50.000Z,2026-08-05,,substrate,Sterilize,,,,,,,,,,,,,,,,,,,,,,,,,,,,2026-05-05T22:23:00.000Z,,,,,,
rechSrebZXj07M8qZ,Coco Verm Gypsum,1,2.5,Consumed,,,2025-12-09T20:02:22.000Z,2026-03-09,,substrate,Pasteurize,,,,,,,,,,,,,,,,,,0,0,,,,,,,,,2025-12-09T19:58:00.000Z,,,,,,
rechbs2NKwVgksDBN,Wild Bird Seed,1,2,Fridge,,,2026-01-04T20:27:20.000Z,2026-04-25,,grain,Sterilize,Turkey Tail,Fungaia,,,,,,,,,,,,5,,,5,,,,,,Grain_Inoculated,,2026-01-25T17:35:32.380Z,,,2026-01-04T20:27:19.381Z,,,,,,
reche2q0Onokkt6Bl,Wild Bird Seed,1,2,Consumed,,,2025-12-18T16:45:54.000Z,2026-03-31,,grain,Sterilize,Pearl Oyster,Fungaia,,2,Side,,,,,,,,,5,,,5,,,,,,Grain_Inoculated,,2025-12-31T17:25:40.045Z,,,2025-12-18T16:45:53.270Z,,,,,,
recheZ3SvqNJRaUb3,Organic Wheat/Millet,1,5,Retired,,,2025-09-29T18:28:45.000Z,2025-11-01,,grain,Sterilize,,,,,,,,,,,,,,,,,,0,0,,,,,,,,,2025-08-01T18:28:00.000Z,,,,,,
rechjPIIATEMkdb6t,Organic Wheat/Millet,1,5,Retired,,,2025-10-06T13:54:02.000Z,2026-01-06,,grain,Sterilize,,,,,,,,,,,,,,,,,,0,0,,,,,,,,,2025-10-06T13:53:00.000Z,,,,,,
rechlLYeVFb0K2Okq,Coco Verm Gypsum,1,5,Retired,,,2026-02-16T23:15:58.000Z,2026-05-16,,substrate,Pasteurize,,,,,,,,,,,,,,,,,,,,,,,,,,,,2026-02-16T23:15:57.425Z,,,,,,
rechzWnqBQML0PbNQ,Coco Verm Gypsum,1,5,Retired,,,2026-02-16T23:15:58.000Z,2026-05-16,,substrate,Pasteurize,,,,,,,,,,,,,,,,,,,,,,,,,,,,2026-02-16T23:15:57.425Z,,,,,,
reci4XzRLD2wExb1p,Coco Verm Gypsum,1,2.5,Consumed,,,2025-12-29T19:44:28.000Z,2026-03-29,,substrate,Pasteurize,,,,,,,,,,,,,,,,,,,,,,,,,,,,2025-12-29T19:44:27.969Z,,,,,,
reciGeOXcFnSH8O4Q,Large Masters Mix 75/25,1,8.5,Retired,"[""rec6nu5Fk7mhsXHA7"",""recxxRSXM61buPiuM"",""reco7ImN6Mqw2VCpE""]",,2025-11-06T17:44:13.000Z,2025-12-18,,fruiting_block,,Lion’s Mane,,,,,4,76.3,,,,,,,,,,,0,4,,,,Bulk_Created,,,,2025-09-18T16:43:00.000Z,,,,,,,
reciI7JRp8I3ZbuY9,Liquid Culture Flask,1,500,Sterilized,,,2026-03-30T17:39:51.000Z,,,lc_flask,Sterilize,,,,,,,,,,,,,,,,,,,,,,,,,,,,2026-03-30T17:39:50.874Z,,,,,,
reciOBH39m4RTwp5K,Masters Mix 75/25,1,2.5,Consumed,,,2025-10-04T22:52:20.000Z,2026-01-04,,substrate,Sterilize,,,,,,,,,,,,,,,,,,0,0,,,,,,,,,2025-10-04T22:52:20.076Z,,,,,,
reciSeMTMAp8vW4ZP,Masters Mix 75/25,1,7.5,Consumed,,,2025-11-06T17:04:16.000Z,2026-02-06,,substrate,Sterilize,,,,,,,,,,,,,,,,,,0,0,,,,,,,,,2025-11-06T17:04:00.000Z,,,,,,
reciU4mkgIJc6FKss,Masters Mix 75/25,1,2.5,Sterilized,,,2026-05-05T22:22:15.000Z,2026-08-05,,substrate,Sterilize,,,,,,,,,,,,,,,,,,,,,,,,,,,,2026-05-05T22:22:14.543Z,,,,,,
reciUJtZMXpe0OeOW,Coco Verm Gypsum,1,5,Consumed,,,2025-11-12T19:15:55.000Z,2026-02-12,,substrate,Pasteurize,,,,,,,,,,,,,,,,,,0,0,,,,,,,,,2025-11-12T19:15:00.000Z,,,,,,
reciaWCZX1huqggxW,Liquid Culture Flask,1,300,Fridge,,,2025-12-12T18:17:29.000Z,2026-06-12,,lc_flask,Sterilize,Bronze Reishi,Fungaia,,,,,,,5,,,,,302,,,233.5,0,0,,,,LC_Flask_Inoculated,,2025-12-12T18:41:18.666Z,,,2025-12-06T18:17:00.000Z,,,,,,
recibcn1EmC9JAjSS,Large Masters Mix 50/50,1,8.5,Retired,"[""recoOOXTzmJnIYJUQ"",""recH7irpIL441tuMR"",""recyHVBcvqEgLiJMV""]",,2026-01-17T18:38:13.000Z,2026-04-17,,fruiting_block,,Turkey Tail,,,,,,,,,,,,,,,,,,,,,,Bulk_Created,,,,2026-01-17T18:38:13.117Z,,,,2026-04-02T17:04:46.963Z,,,
recidM7u8CrDb1qTi,Liquid Culture Syringe,1,,Fridge,,,2025-12-12T18:37:42.000Z,,,lc_syringe,,Turkey Tail,Fungaia,,,,,,,,Purchased,Fungaia,May25,2025-05-24,10,,,6,0,0,,,,LC_Syringe_Received,,,,,,,,,,,
reciemFpMEjIynC1E,Organic Wheat/Millet,1,2,Consumed,,,2025-10-06T13:52:07.000Z,2026-01-06,,grain,Sterilize,,,,,,,,,,,,,,,,,,0,0,,,,,,,,,2025-10-06T13:51:00.000Z,,,,,,
recieujbql84la5qM,Peat Moss,1,2.5,Retired,,,2025-10-13T19:26:42.000Z,2025-12-01,,casing,Pasteurize,,,,,,,,,,,,,,,,,,0,0,,,,,,,,,2025-09-01T19:26:00.000Z,,,,,,
recimtO1msdb9b2PB,Organic Wheat/Millet,1,2,Consumed,,,2025-09-29T16:30:44.000Z,2025-12-13,,grain,Sterilize,Turkey Tail,,2,2,Side,,,,,,,,,,,,,0,0,,,,Grain_Inoculated,2025-09-13T16:13:00.000Z,2025-09-13T16:13:00.000Z,,,2025-05-01T16:30:00.000Z,,,,,,
recipueRRGe6NqfwS,Large Masters Mix 75/25,1,8.5,Retired,"[""reclBdQ5I4z5eRZFG"",""reclTShfjIAxkgH6I"",""recwn1oAaIs5v1lU1""]",,2025-11-21T16:57:50.000Z,2026-02-21,,fruiting_block,,Lion’s Mane,,,,,2,195.3,,,,,,,,,,,0,1,,,,Bulk_Created,,,,2025-11-21T16:57:49.742Z,,,,,,,
reciqVCXZpJTPytFt,Wild Bird Seed,1,2,Fridge,,,2026-01-04T20:27:20.000Z,2026-04-10,,grain,Sterilize,Chestnut,Fungaia,,,,,,,,,,,,5,,,5,,,,,,Grain_Inoculated,,2026-01-10T20:50:13.715Z,,,2026-01-04T20:27:19.381Z,,,,,,
recireqPbJLK3aaoQ,Agar Flask,1,500,Consumed,,Ray,2025-10-31T19:34:57.000Z,,,agar_flask,Sterilize,,,,,,,,,,,,,,,,,,0,0,,,,,,,,,2025-10-30T19:34:00.000Z,19,,,,,
recj0sicjHMaamZaZ,Masters Mix 75/25,1,7.5,Consumed,,,2025-12-13T13:17:20.000Z,2026-03-13,,substrate,Sterilize,,,,,,,,,,,,,,,,,,0,0,,,,,,,,,2025-12-13T13:17:00.000Z,,,,,,
recj3KxovQnbEeB52,Wild Bird Seed,1,2.5,Fridge,,,2025-11-21T17:16:30.000Z,2026-03-22,,grain,Sterilize,Chestnut,Fungaia,,,,,,,,,,,,5.5,,,5.5,0,0,,,,Grain_Inoculated,,2025-12-22T20:07:38.378Z,,,2025-11-21T17:16:00.000Z,,,,,,
recj5bAcimbL0Bl5Q,Coco Verm Gypsum,1,2.5,Consumed,,,2026-01-15T13:54:00.000Z,2026-04-15,,substrate,Pasteurize,,,,,,,,,,,,,,,,,,,,,,,,,,,,2026-01-15T13:53:00.000Z,,,,,,
recjCVf8MDdpI3xXD,Agar Plate 90x15mm,,,Colonizing,,,2026-03-27T20:47:17.000Z,,,plate,,Lion’s Mane,MYYCO,,,,,,,,,MYYCO,,,2.5,,,2.5,,,,,,Plate_Inoculated,,2026-03-30T18:59:41.129Z,,,,,PLATEGRP-1774644436147,,,,
recjMVTTRqTJcgDAQ,Agar Plate 90x15mm,,,Fridge,,,2026-03-27T20:47:17.000Z,,,plate,,Cordyceps,Fungaia,,,,,,,,,Fungaia,,,2,,,2,,,,,,Plate_Inoculated,,2026-03-30T16:23:42.106Z,,,,,PLATEGRP-1774644436147,,,,
recjPDNRcLr01Vpfn,Masters Mix 75/25,1,7.5,Consumed,,Robert,2026-02-28T18:29:54.000Z,2026-05-28,,substrate,Sterilize,,,,,,,,,,,,,,,,,,,,,,,,,,,,2026-02-28T18:29:00.000Z,,,,,,
recjZ3tnT12sVN8z3,Large Masters Mix 75/25,1,8.5,Retired,"[""recuz1O1f44Csiapn"",""recQwQmEYPJFidwC9"",""reckYYZFXfEfu6Obd""]",,2025-10-31T18:47:27.000Z,2025-12-18,,fruiting_block,,Blue Oyster,,,,,2,193,"Early by a day for 1st flush
Not freeezing second flush. It’s fine just out of space ",,,,,,,,,,0,2,,,,Bulk_Created,,,,2025-09-18T18:47:00.000Z,,,,,,,
recjdgnIpBghPptO3,Wild Bird Seed,1,2,Sterilized,,Robert,2026-04-24T20:23:02.000Z,2026-07-24,,grain,Sterilize,,,,,,,,,,,,,,,,,,,,,,,,,,,,2026-04-24T07:30:00.000Z,,,,,,
recjmXrfLOMmR175F,Coco Verm Gypsum,1,5,Consumed,,Robert,2026-03-10T18:23:51.000Z,2026-06-10,,substrate,Pasteurize,,,,,,,,,,,,,,,,,,,,,,,,,,,,2026-03-10T18:23:50.693Z,,,,,,
recjp6z9VTvhoVtGy,Liquid Culture Flask,1,300,Retired,,Ray,2025-10-08T11:17:59.000Z,2026-04-10,,lc_flask,Sterilize,Turkey Tail,MYYCO,1,,,,,,,,,,,300,,,298,0,0,,,,LC_Flask_Inoculated,2025-10-10T15:44:00.000Z,,,,2025-10-08T11:17:00.000Z,,,,,,
recjtXa6HIDnAfxo8,Wild Bird Seed,1,2,Fridge,,,2025-12-18T16:45:55.000Z,2026-04-02,,grain,Sterilize,Chestnut,Fungaia,,,,,,,,,,,,5,,,5,,,,,,Grain_Inoculated,,2026-01-02T20:39:38.418Z,,,2025-12-18T16:45:53.270Z,,,,,,
recjvuOtaS1aohLiW,Liquid Culture Syringe,1,,Fridge,,,2026-03-27T20:18:15.000Z,,,lc_syringe,,,,,,,,,,,Purchased,Fungaia,,2026-03-17,10,,,2.5,,,,,,LC_Syringe_Received,,,,,,,,,,,
recjyR91zusKsxFMi,Agar Plate 90x15mm,1,,Retired,,,2025-10-31T19:35:27.000Z,,,plate,,,,,,,,,This is a fruiting body clone of Albino Melmac from LOT-251023-ISmV,,,,,,0,,,0,0,0,,,,Plate_Inoculated,,2025-11-18T16:41:00.000Z,,,,,PLATEGRP-1761939326708,,,,
reck1kQVfHKXdOWCi,Organic Wheat/Millet,1,2,Consumed,,,2025-09-29T16:30:44.000Z,2025-12-13,,grain,Sterilize,Red Reishi,,2,2,Side,,,,,,,,,,,,,0,0,,,,Grain_Inoculated,2025-09-13T16:14:00.000Z,2025-09-13T16:14:00.000Z,,,2025-05-01T16:30:00.000Z,,,,,,
reck2LZi08mFmuz1p,Large Masters Mix 75/25,1,8.5,Fruiting,"[""recBCPOYW3sNIBW1v"",""recsshF9dIWKoeLdr"",""recGHILLo2SQorGSB""]",,2026-02-28T18:33:00.000Z,2026-05-28,,fruiting_block,,Lion’s Mane,,,,,2,262.9,,,,,,,,,,,,1,,,,Bulk_Created,,,,2026-02-28T18:33:00.079Z,,,,,,,
reck3slfrlR0UXLQO,Large Masters Mix 75/25,1,8.5,Retired,"[""recHj3iZDX3ngOFyW"",""recHMatXNouj5gs2f"",""rec4ys88jD9Y19m53""]",,2025-11-21T17:00:49.000Z,2026-02-21,,fruiting_block,,Blue Oyster,,,,,2,230.3,,,,,,,,,,,0,1,,,,Bulk_Created,,,,2025-11-21T17:00:48.435Z,,,,,,,
reckKSiETeHI4tWHS,Large Masters Mix 75/25,1,8.5,Retired,"[""recdLf5ea1bQWuMy4"",""recyBhhjGTQCpqn4w"",""reczbdlDOxIfEqx7h""]",,2025-11-21T16:59:57.000Z,2026-02-21,,fruiting_block,,Turkey Tail,,,,,,,,,,,,,,,,,0,0,,,,Bulk_Created,,,,2025-11-21T16:59:56.106Z,,,,,,,
reckSdVEFsRyEl1Ld,Masters Mix 75/25,1,7.5,Consumed,,,2025-12-16T16:43:38.000Z,2026-03-16,,substrate,Sterilize,,,,,,,,,,,,,,,,,,,,,,,,,,,,2025-12-16T16:43:00.000Z,,,,,,
reckYYZFXfEfu6Obd,Masters Mix 75/25,1,7.5,Consumed,,,2025-10-31T18:22:12.000Z,2025-11-01,,substrate,Sterilize,,,,,,,,,,,,,,,,,,0,0,,,,,,,,,2025-08-01T18:22:00.000Z,,,,,,
reckcICWmf5zcbrA1,Coco Verm Gypsum,1,2.5,Consumed,,,2026-01-15T13:54:00.000Z,2026-04-15,,substrate,Pasteurize,,,,,,,,,,,,,,,,,,,,,,,,,,,,2026-01-15T13:53:00.000Z,,,,,,
reckgVV744mHVy1th,Large Masters Mix 50/50,1,8.75,Fruiting,"[""recWSo0rXnx4UYVLc"",""recN8TNAG1yKmuhv8"",""recbymCyGU3fzEwuq""]",,2026-01-17T18:37:19.000Z,2026-04-17,,fruiting_block,,Red Reishi,,,,,1,122.14,,,,,,,,,,,,1,,,,Bulk_Created,,,,2026-01-17T18:37:18.730Z,,,,,,,
reckjyyQEuyC49bjC,Masters Mix 75/25,1,7.5,Consumed,,,2025-12-16T16:38:22.000Z,2026-03-16,,substrate,Sterilize,,,,,,,,,,,,,,,,,,,,,,,,,,,,2025-12-16T16:38:00.000Z,,,,,,
recktJzTitivlf1u6,Masters Mix 50/50,1,7.5,Consumed,,,2026-01-16T16:17:34.000Z,2026-04-16,,substrate,Sterilize,,,,,,,,,,,,,,,,,,,,,,,,,,,,2026-01-16T16:17:00.000Z,,,,,,
reckukAElg5tR3Ulm,Wild Bird Seed,1,2,Sterilized,,Robert,2026-04-24T20:23:02.000Z,2026-07-24,,grain,Sterilize,,,,,,,,,,,,,,,,,,,,,,,,,,,,2026-04-24T07:30:00.000Z,,,,,,
recl3fMPOxkB1zgwF,Liquid Culture Syringe,1,,Fridge,,,2026-03-27T20:37:33.000Z,,,lc_syringe,,,,,,,,,,,Purchased,MYYCO,,2026-03-17,10,,,2.5,,,,,,LC_Syringe_Received,,,,,,,,,,,
reclBdQ5I4z5eRZFG,Organic Wheat/Millet,1,2,Consumed,,,2025-10-10T15:52:26.000Z,2025-12-13,,grain,Sterilize,Lion’s Mane,,3,2,Side,,,,,,,,,,,,,0,0,,,,Grain_Inoculated,2025-09-13T17:28:00.000Z,2025-09-13T17:28:00.000Z,,,2025-08-01T15:52:00.000Z,,,,,,
reclFAvDlpJO8azHu,Masters Mix 75/25,1,7.5,Sterilized,,Robert,2026-02-28T18:29:54.000Z,2026-05-28,,substrate,Sterilize,,,,,,,,,,,,,,,,,,,,,,,,,,,,2026-02-28T18:29:00.000Z,,,,,,
reclFWnKCe7FO4u0m,Coco Verm Gypsum,1,2.5,Consumed,,,2025-12-29T19:44:28.000Z,2026-03-29,,substrate,Pasteurize,,,,,,,,,,,,,,,,,,,,,,,,,,,,2025-12-29T19:44:27.969Z,,,,,,
reclHyowe5I6v68Zx,Coco Verm Gypsum,1,2.5,Consumed,,,2025-11-06T17:10:42.000Z,2025-12-29,,substrate,Sterilize,,,,,,,,,,,,,,,,,,0,0,,,,,,,,,2025-09-29T16:10:00.000Z,,,,,,
reclJI6bBCCUZ98xP,Masters Mix 75/25,1,7.5,Consumed,,,2025-11-10T23:46:10.000Z,2026-02-10,,substrate,Sterilize,,,,,,,,,,,,,,,,,,0,0,,,,,,,,,2025-11-10T23:45:00.000Z,,,,,,
reclKZK1MSjW4BO1C,Masters Mix 75/25,1,2.5,Consumed,,,2025-12-13T13:17:03.000Z,2026-03-13,,substrate,Sterilize,,,,,,,,,,,,,,,,,,0,0,,,,,,,,,2025-12-13T13:16:00.000Z,,,,,,
reclM6eOYx6Jc8oRA,Coco Verm Gypsum,1,5,Consumed,,,2025-11-12T19:14:50.000Z,2026-02-12,,substrate,Pasteurize,,,,,,,,,,,,,,,,,,0,0,,,,,,,,,2025-11-12T19:14:00.000Z,,,,,,
reclTShfjIAxkgH6I,Masters Mix 75/25,1,7.5,Consumed,,,2025-11-06T17:04:16.000Z,2026-02-06,,substrate,Sterilize,,,,,,,,,,,,,,,,,,0,0,,,,,,,,,2025-11-06T17:04:00.000Z,,,,,,
reclajvZPxheXYFSe,Coco Verm Gypsum,1,2.5,Consumed,,,2025-12-29T19:44:28.000Z,2026-03-29,,substrate,Pasteurize,,,,,,,,,,,,,,,,,,,,,,,,,,,,2025-12-29T19:44:27.969Z,,,,,,
recleYU8hoyQwl1Ta,Liquid Culture Syringe,1,,Fridge,,,2025-12-12T18:35:19.000Z,,,lc_syringe,,Pink Oyster,Fungaia,,,,,,,,Purchased,Fungaia,May25,2025-05-24,10,,,4,0,0,,,,LC_Syringe_Received,,,,,,,,,,,
reclnNMpP8Ui9JW2t,Wild Bird Seed,1,2,Sterilized,,Robert,2026-04-24T20:23:02.000Z,2026-07-24,,grain,Sterilize,,,,,,,,,,,,,,,,,,,,,,,,,,,,2026-04-24T07:30:00.000Z,,,,,,
reclq4McHJH7t1NRT,Masters Mix 75/25,1,2.5,Consumed,,,2026-01-17T13:35:51.000Z,2026-04-17,,substrate,Sterilize,,,,,,,,,,,,,,,,,,,,,,,,,,,,2026-01-17T13:35:00.000Z,,,,,,
reclqbdgtd9dk913O,Coco Verm Gypsum,1,2.5,Consumed,,,2025-11-06T17:10:42.000Z,2025-12-29,,substrate,Sterilize,,,,,,,,,,,,,,,,,,0,0,,,,,,,,,2025-09-29T16:10:00.000Z,,,,,,
reclrahfJlM1s4q79,Coco Verm Gypsum,1,5,Pasteurized,,,2026-04-22T12:29:05.000Z,2026-07-22,,substrate,Sterilize,,,,,,,,,,,,,,,,,,,,,,,,,,,,2026-04-22T12:29:05.101Z,,,,,,
reclrfpLTv3at0s8D,Masters Mix 75/25,1,7.5,Consumed,,,2025-10-31T18:22:12.000Z,2025-11-01,,substrate,Sterilize,,,,,,,,,,,,,,,,,,0,0,,,,,,,,,2025-08-01T18:22:00.000Z,,,,,,
reclsWDC2Bgu20CyY,Liquid Culture Syringe,,,Consumed,,,2025-09-29T15:42:55.000Z,,,lc_syringe,,Chestnut,MYYCO,,,,,,,,Purchased,MYYCO,,2025-08-20,10,,,6,0,0,,,,,,,,,,,,,,,
recm3iMu345ATmJDV,Liquid Culture Flask,1,300,Retired,,Ray,2025-10-08T11:17:59.000Z,2026-04-10,,lc_flask,Sterilize,Red Reishi,MYYCO,1,,,,,,,,,,,300,,,298,0,0,,,,LC_Flask_Inoculated,2025-10-10T15:44:00.000Z,,,,2025-10-08T11:17:00.000Z,,,,,,
recm59TLkELKPYfRn,Organic Wheat/Millet,1,2,Consumed,,,2025-09-29T16:30:44.000Z,2025-12-13,,grain,Sterilize,Red Reishi,,2,2,Side,,,,,,,,,,,,,0,0,,,,Grain_Inoculated,2025-09-13T16:14:00.000Z,2025-09-13T16:14:00.000Z,,,2025-05-01T16:30:00.000Z,,,,,,
recm7Hq18qZoBcCt9,Large Masters Mix 75/25,1,8.166666666666666,Retired,"[""rectVokN12BS9watD"",""rectTnDY491kV646M"",""recF9RNTM5EfNuZ9r"",""recFRszDHicC7eAEH""]",,2025-10-31T18:23:54.000Z,2025-12-18,,fruiting_block,,Turkey Tail,,,,,,,,,,,,,,,,,0,0,,,,Bulk_Created,,,,2025-09-18T18:23:00.000Z,,,,,,,
recmDNNSvHUE6eOp3,Wild Bird Seed,1,2,Sterilized,,Robert,2026-04-24T20:23:02.000Z,2026-07-24,,grain,Sterilize,,,,,,,,,,,,,,,,,,,,,,,,,,,,2026-04-24T07:30:00.000Z,,,,,,
recmEXTZrba7RfffN,Large Masters Mix 75/25,1,8.5,Retired,"[""recxfYWLv1zIeEv9o"",""reclrfpLTv3at0s8D"",""rec1pFqsMMe5a0Vbs""]",,2025-10-31T18:55:08.000Z,2025-12-18,,fruiting_block,,Chestnut,,,,,2,111,,,,,,,,,,,0,1,,,,Bulk_Created,,,,2025-09-18T18:54:00.000Z,,,,,,,
recmFku57yRtfqkub,Masters Mix 75/25,1,2.5,Sterilized,,,2026-05-05T22:22:15.000Z,2026-08-05,,substrate,Sterilize,,,,,,,,,,,,,,,,,,,,,,,,,,,,2026-05-05T22:22:14.543Z,,,,,,
recmINfvhpplSKb5A,Peat Moss,1,3,Retired,,,2025-11-17T18:18:34.000Z,2026-02-17,,casing,Pasteurize,,,,,,,,,,,,,,,,,,0,0,,,,,,,,,2025-11-17T18:18:33.861Z,,,,,,
recmfdkhVMDBHB50O,Large Masters Mix 75/25,1,8.5,Retired,"[""rec678cVZMUHUUeEg"",""recABvpmWN0SzpjI2"",""recoR4SVsOUHJtbke""]",,2025-10-31T19:13:00.000Z,2025-12-18,,fruiting_block,,Lion’s Mane,,,,,4,59.8,,,,,,,,,,,0,4,,,,Bulk_Created,,,,2025-09-18T19:12:00.000Z,,,,,,,
recmoNKT8WMOQEWKD,Wild Bird Seed,1,2,Fridge,,,2025-12-18T16:45:54.000Z,2026-03-31,,grain,Sterilize,Pearl Oyster,Fungaia,,,,,,,,,,,,5,,,5,,,,,,Grain_Inoculated,,2025-12-31T17:25:40.045Z,,,2025-12-18T16:45:53.270Z,,,,,,
recmrnFpdCSqQHDiL,Coco Verm Gypsum,1,2.5,Pasteurized,,,2026-02-16T23:15:40.000Z,2026-05-16,,substrate,Pasteurize,,,,,,,,,,,,,,,,,,,,,,,,,,,,2026-02-16T23:15:39.467Z,,,,,,
recmtTy7VbMjsFOLx,Agar Plate 90x15mm,1,,Retired,,,2025-10-31T19:35:27.000Z,,,plate,,,,,,,,,This is a fruiting body clone of Albino Melmac from LOT-251023-ISmV,,,,,,0,,,0,0,0,,,,Plate_Inoculated,,2025-11-18T16:41:00.000Z,,,,,PLATEGRP-1761939326708,,,,
recn6IXywzTEbPTb1,Organic Wheat/Millet,1,5,Retired,,,2025-10-01T20:38:51.000Z,2026-01-01,,grain,Sterilize,,,,,,,,,,,,,,,,,,0,0,,,,,,,,,2025-10-01T20:38:00.000Z,,,,,,
recn6SMfPV8FpDa8Y,Coco Verm Gypsum,1,5,Retired,,,2026-02-16T23:15:58.000Z,2026-05-16,,substrate,Pasteurize,,,,,,,,,,,,,,,,,,,,,,,,,,,,2026-02-16T23:15:57.425Z,,,,,,
recn6evogKO5MgWuW,Agar Plate 90x15mm,,,Colonizing,,,2026-03-27T20:47:46.000Z,,,plate,,Lion’s Mane,MYYCO,,,,,,,,,MYYCO,,,0.1,,,0.1,,,,,,Plate_Inoculated,,2026-04-24T20:30:55.521Z,,,,,PLATEGRP-1774644465501,,,,
recnOvqO3siM3Jd23,Coco Verm Gypsum,1,5,Consumed,,,2026-01-15T13:54:17.000Z,2026-04-15,,substrate,Pasteurize,,,,,,,,,,,,,,,,,,,,,,,,,,,,2026-01-15T13:54:00.000Z,,,,,,
recnRHteTCMhCvAwX,Masters Mix 75/25,1,7.5,Sterilized,,,2026-05-05T22:23:50.000Z,2026-08-05,,substrate,Sterilize,,,,,,,,,,,,,,,,,,,,,,,,,,,,2026-05-05T22:23:00.000Z,,,,,,
recnpBmDwhuVYzjRl,Masters Mix 75/25,1,7.5,Consumed,,,2025-12-16T16:38:22.000Z,2026-03-16,,substrate,Sterilize,,,,,,,,,,,,,,,,,,,,,,,,,,,,2025-12-16T16:38:00.000Z,,,,,,
recnpfOHQVWLBADmW,Agar Plate 90x15mm,,,Sterilized,,,2026-03-27T20:47:54.000Z,,,plate,,,,,,,,,,,,,,,,,,,,,,,,,,,,,,,PLATEGRP-1774644474103,,,,
reco7ImN6Mqw2VCpE,Masters Mix 75/25,1,7.5,Consumed,,,2025-11-06T17:42:41.000Z,2025-12-01,,substrate,Sterilize,,,,,,,,,,,,,,,,,,0,0,,,,,,,,,2025-09-01T16:42:00.000Z,,,,,,
recoAleIGvPuS8ir5,Masters Mix 75/25,1,2.5,Consumed,,,2025-11-06T17:06:46.000Z,2026-01-04,,substrate,Sterilize,,,,,,,,,,,,,,,,,,0,0,,,,,,,,,2025-10-04T16:06:00.000Z,,,,,,
recoGY77CygXTz4aD,Liquid Culture Syringe,,,Consumed,,,2025-09-29T15:44:04.000Z,,,lc_syringe,,Red Reishi,MYYCO,,,,,,,,Purchased,MYYCO,,2025-08-20,10,,,7,0,0,,,,,,,,,,,,,,,
recoOOXTzmJnIYJUQ,Wild Bird Seed,1,2,Consumed,,,2025-12-18T16:45:54.000Z,2026-03-22,,grain,Sterilize,Turkey Tail,Fungaia,,2,Side,,,,,,,,,5,,,5,,,,,,Grain_Inoculated,,2025-12-22T20:55:36.439Z,,,2025-12-18T16:45:53.270Z,,,,,,
recoR4SVsOUHJtbke,Masters Mix 75/25,1,7.5,Consumed,,,2025-10-31T18:22:12.000Z,2025-11-01,,substrate,Sterilize,,,,,,,,,,,,,,,,,,0,0,,,,,,,,,2025-08-01T18:22:00.000Z,,,,,,
recoYQgxzuSr0I5kY,Small Masters Mix 75/25,1,1.6666666666666667,Fruiting,"[""rechP7fXl9hiMAEit"",""recGnWGF3f92zXBrN"",""recvQYPEs7URQGP0M"",""reclq4McHJH7t1NRT""]",,2026-04-06T20:45:21.000Z,2026-07-06,,fruiting_block,,Blue Oyster,Fungaia,,,,1,109.05,,,,,,,,,,,1,,,,,Bulk_Created,,,,2026-04-06T20:45:20.854Z,,,,,,,
recod2DZyOP6318xs,Agar Plate 90x15mm,,,Sterilized,,,2026-03-27T20:47:54.000Z,,,plate,,,,,,,,,,,,,,,,,,,,,,,,,,,,,,,PLATEGRP-1774644474103,,,,
recodzAmi82PoGIml,Coco Verm Gypsum,1,5,Consumed,,Ray,2025-10-07T16:17:54.000Z,2026-01-07,,substrate,Pasteurize,,,,,,,,,,,,,,,,,,0,0,,,,,,,,,2025-10-07T16:17:00.000Z,,,,,,
recoe3TtkqKPN8p9V,Small Masters Mix 75/25,1,4.75,Fruiting,"[""recaoQQurVVaDMOxL"",""rec47IMaITWjZXJ6K""]",,2025-11-06T20:24:34.000Z,2026-02-06,,fruiting_block,,Red Reishi,,,,,,,,,,,,,,,,,0,0,,,,Bulk_Created,,,,2025-11-06T20:24:33.075Z,,,,,,,
recoepnZmFk5RWmHF,Coco Verm Gypsum,1,2.5,Consumed,,,2026-01-03T18:00:46.000Z,2026-04-03,,substrate,Pasteurize,,,,,,,,,,,,,,,,,,,,,,,,,,,,2026-01-03T18:00:45.573Z,,,,,,
recojQXdIcgCdS8Sb,Liquid Culture Flask,1,500,Fridge,,,2025-09-29T15:52:21.000Z,2026-02-28,,lc_flask,Sterilize,Turkey Tail,,,,,,,,1,,,,,500,,,472,0,0,,,,LC_Flask_Inoculated,,2025-08-31T16:16:00.000Z,,,2025-05-01T15:52:00.000Z,,,,,,
recoq3GtzlaJgRlTv,Masters Mix 75/25,1,7.5,Sterilized,,,2026-01-17T13:36:05.000Z,2026-04-17,,substrate,Sterilize,,,,,,,,,,,,,,,,,,,,,,,,,,,,2026-01-17T13:36:00.000Z,,,,,,
recorwgedwf5rchKh,Agar Plate 90x15mm,,,Fridge,,,2026-03-27T20:47:17.000Z,,,plate,,Blue Oyster,Fungaia,,,,,,,,,Fungaia,,,2.5,,,2.5,,,,,,Plate_Inoculated,,2026-03-30T16:21:06.497Z,,,,,PLATEGRP-1774644436147,,,,
recov6YyWJ7pgFPkH,Wild Bird Seed,1,2,Sterilized,,Robert,2026-04-24T20:23:02.000Z,2026-07-24,,grain,Sterilize,,,,,,,,,,,,,,,,,,,,,,,,,,,,2026-04-24T07:30:00.000Z,,,,,,
recp3aCN5YiWXtRyp,Masters Mix 75/25,1,2.5,Consumed,,,2025-12-13T13:17:03.000Z,2026-03-13,,substrate,Sterilize,,,,,,,,,,,,,,,,,,0,0,,,,,,,,,2025-12-13T13:16:00.000Z,,,,,,
recp4WulVPZlDF10M,Peat Moss,1,3,Retired,,,2025-11-17T18:18:34.000Z,2026-02-17,,casing,Pasteurize,,,,,,,,,,,,,,,,,,0,0,,,,,,,,,2025-11-17T18:18:33.861Z,,,,,,
recp7KLAsLcPgLVDJ,Masters Mix 75/25,1,2.5,Sterilized,,,2026-05-05T22:22:15.000Z,2026-08-05,,substrate,Sterilize,,,,,,,,,,,,,,,,,,,,,,,,,,,,2026-05-05T22:22:14.543Z,,,,,,
recpH4DOqL2Tddo4d,Masters Mix 75/25,1,7.5,Consumed,,,2025-11-10T23:46:10.000Z,2026-02-10,,substrate,Sterilize,,,,,,,,,,,,,,,,,,0,0,,,,,,,,,2025-11-10T23:45:00.000Z,,,,,,
recpIpknvzMyX9XUL,Peat Moss,1,3,Sterilized,,,2026-04-09T20:39:00.000Z,2026-07-09,,casing,Sterilize,,,,,,,,,,,,,,,,,,,,,,,,,,,,2026-04-09T20:38:59.422Z,,,,,,
recpLZQpMFvnUSUbR,Fruiting Block,1,8.5,Fruiting,"[""recu9VqZoAoNwVvSy"",""recquGFzd9Gbf2G1y"",""recrRHFaiRcIUI2jZ""]",,2026-02-25T21:46:04.000Z,2026-05-25,,fruiting_block,,Chestnut,,,,,,,,,,,,,,,,,,,,,,Bulk_Created,,,,2026-02-25T21:46:03.811Z,,,,,,,
recpPqQgwznVXQmlt,Large Masters Mix 75/25,1,8.5,Retired,"[""recdLf5ea1bQWuMy4"",""recyBhhjGTQCpqn4w"",""reczbdlDOxIfEqx7h""]",,2025-11-21T16:59:57.000Z,2026-02-21,,fruiting_block,,Turkey Tail,,,,,,,,,,,,,,,,,0,0,,,,Bulk_Created,,,,2025-11-21T16:59:56.106Z,,,,,,,
recpQa3TJH4AIg5HF,Wild Bird Seed,1,2,Sterilized,,Robert,2026-04-24T20:23:02.000Z,2026-07-24,,grain,Sterilize,,,,,,,,,,,,,,,,,,,,,,,,,,,,2026-04-24T07:30:00.000Z,,,,,,
recpSQBKPlGWgsSmS,Peat Moss,1,3,Retired,,,2025-11-17T18:18:34.000Z,2026-02-17,,casing,Pasteurize,,,,,,,,,,,,,,,,,,0,0,,,,,,,,,2025-11-17T18:18:33.861Z,,,,,,
recpVumNCaJIjL0hb,Wild Bird Seed,1,2,Consumed,,,2025-12-13T18:31:13.000Z,2025-10-25,,grain,Sterilize,Branched Oyster,Fungaia,,2,Side,,,,,,,,,5,,,5,0,0,,,,Grain_Inoculated,,2025-07-25T17:43:00.000Z,,,2025-05-24T17:31:00.000Z,,,,,,
recpbgiWv2EUEZYdv,Agar Plate 90x15mm,,,Colonizing,,,2026-03-27T20:47:17.000Z,,,plate,,Bronze Reishi,Fungaia,,,,,,,,,Fungaia,,,0.25,,,0.25,,,,,,Plate_Inoculated,,2026-04-12T20:54:25.968Z,,,,,PLATEGRP-1774644436147,,,,
recpfiq88qsKzJiGQ,Coco Verm Gypsum,1,5,Consumed,,,2025-12-09T20:03:25.000Z,2026-03-09,,substrate,Pasteurize,,,,,,,,,,,,,,,,,,0,0,,,,,,,,,2025-12-09T20:03:00.000Z,,,,,,
recplZMXJnHVIayxh,Small Masters Mix 75/25,1,4.75,Retired,"[""recimtO1msdb9b2PB"",""recBEGln2YGrhsb83""]",,2025-11-06T20:26:41.000Z,2026-02-06,,fruiting_block,,Turkey Tail,,,,,,,,,,,,,,,,,0,0,,,,Bulk_Created,,,,2025-11-06T20:26:40.975Z,,,,,,,
recpshV1uC0r1fr0Z,Large Masters Mix 75/25,1,8.5,Retired,"[""rec7HQLKz0t7JTIVS"",""recRjNkThOPUgWOnZ"",""recLqDqRajgeaLD6L""]",,2025-11-06T17:49:09.000Z,2025-12-18,,fruiting_block,,Chestnut,,,,,1,697,,,,,,,,,,,0,1,,,,Bulk_Created,,,,2025-09-18T16:48:00.000Z,,,,,,,
recpu6sdmMkIMkti1,Large Masters Mix 75/25,1,8.5,Retired,"[""recXmQOenxUHE0AmV"",""receW1Gwneoxu0gQ0"",""reciSeMTMAp8vW4ZP""]",,2025-11-13T18:01:08.000Z,2026-02-13,,fruiting_block,,Turkey Tail,,,,,,,,,,,,,,,,,0,0,,,,Bulk_Created,,,,2025-11-13T18:01:07.417Z,,,,,,,
recq1CMR76KmhYwwi,Wild Bird Seed,1,2,Fridge,,,2025-12-18T16:45:55.000Z,2026-04-02,,grain,Sterilize,Chestnut,Fungaia,,,,,,,,,,,,5,,,5,,,,,,Grain_Inoculated,,2026-01-02T20:39:38.418Z,,,2025-12-18T16:45:53.270Z,,,,,,
recq2YasfENhFrafB,Coco Verm Gypsum,1,2.5,Consumed,,,2025-12-09T20:02:22.000Z,2026-03-09,,substrate,Pasteurize,,,,,,,,,,,,,,,,,,0,0,,,,,,,,,2025-12-09T19:58:00.000Z,,,,,,
recq4uo3VEkVkjcy5,Masters Mix 75/25,1,7.5,Consumed,,Robert,2026-02-28T18:29:54.000Z,2026-05-28,,substrate,Sterilize,,,,,,,,,,,,,,,,,,,,,,,,,,,,2026-02-28T18:29:00.000Z,,,,,,
recq8BsQN97RXTRcB,Large Masters Mix 75/25,1,8.5,Retired,"[""recdGEeNWbuEtbLL5"",""recCLarR2vSfIjrYl"",""recCe6YMwtej6ZL56""]",,2025-11-13T17:55:45.000Z,2026-02-13,,fruiting_block,,Lion’s Mane,,,,,4,101.1,,,,,,,,,,,0,1,,,,Bulk_Created,,,,2025-11-13T17:55:43.675Z,,,,,,,
recqAix0Z1seldytF,Coco Verm Gypsum,1,5,Retired,,,2025-09-29T16:56:18.000Z,2025-12-29,,substrate,Sterilize,,,,,,,,,,,,,,,,,,0,0,,,,,,,,,2025-09-29T16:56:17.617Z,,,,,,
recqEAqOHeOv8ZNk5,Coco Verm Gypsum,1,2.5,Consumed,,,2025-11-06T17:10:42.000Z,2025-12-29,,substrate,Sterilize,,,,,,,,,,,,,,,,,,0,0,,,,,,,,,2025-09-29T16:10:00.000Z,,,,,,
recqJbk5VgiOy0Ub3,Wild Bird Seed,1,2,Retired,,,2025-12-18T16:45:54.000Z,2026-03-31,,grain,Sterilize,Pink Oyster,Fungaia,,,,,,,,,,,,5,,,5,,,,,,Grain_Inoculated,,2025-12-31T17:19:23.913Z,,,2025-12-18T16:45:53.270Z,,,2026-03-01T23:52:29.114Z,,,
recqNWxKXKlnPlFdh,Masters Mix 75/25,1,7.5,Consumed,,Robert,2026-02-28T18:29:54.000Z,2026-05-28,,substrate,Sterilize,,,,,,,,,,,,,,,,,,,,,,,,,,,,2026-02-28T18:29:00.000Z,,,,,,
recqTcDUaGisj7FYm,Large Masters Mix 75/25,1,8.5,Retired,"[""rec7HQLKz0t7JTIVS"",""recRjNkThOPUgWOnZ"",""recLqDqRajgeaLD6L""]",,2025-11-06T17:49:09.000Z,2025-12-18,,fruiting_block,,Chestnut,,,,,2,244.1,,,,,,,,,,,0,2,,,,Bulk_Created,,,,2025-09-18T16:48:00.000Z,,,,,,,
recqV2YP2xN7ZMpaY,Small Masters Mix 75/25,1,4.833333333333333,Fruiting,"[""recGkPZ8IAtmgps7G"",""rec4IeY1rSxh4e4YX"",""recVTWv89gZbcf1Zb"",""reczVzE3jd7deNF7q""]",,2025-12-13T19:07:16.000Z,2026-03-13,,fruiting_block,,Bronze Reishi,,,,,2,138.32,,,,,,,,,,,0,1,,,,Bulk_Created,,,,2025-12-13T19:07:15.107Z,,,,,,,
recqW57em6RYPCwpC,Masters Mix 75/25,1,7.5,Sterilized,,,2026-01-17T13:36:05.000Z,2026-04-17,,substrate,Sterilize,,,,,,,,,,,,,,,,,,,,,,,,,,,,2026-01-17T13:36:00.000Z,,,,,,
recqbm3Ixcwx2z7LC,Coco Verm Gypsum,1,5,Pasteurized,,,2026-04-22T12:29:05.000Z,2026-07-22,,substrate,Sterilize,,,,,,,,,,,,,,,,,,,,,,,,,,,,2026-04-22T12:29:05.101Z,,,,,,
recqg2CoxDfyTyOtT,Large Masters Mix 75/25,1,8.5,Retired,"[""recdGEeNWbuEtbLL5"",""recCLarR2vSfIjrYl"",""recCe6YMwtej6ZL56""]",,2025-11-13T17:55:45.000Z,2026-02-13,,fruiting_block,,Lion’s Mane,,,,,1,318.5,,,,,,,,,,,0,1,,,,Bulk_Created,,,,2025-11-13T17:55:43.675Z,,,,,,,
recqmd1EC8Yipb7ug,Organic Wheat/Millet,1,5,Retired,,,2025-09-29T18:28:45.000Z,2025-11-01,,grain,Sterilize,,,,,,,,,,,,,,,,,,0,0,,,,,,,,,2025-08-01T18:28:00.000Z,,,,,,
recquGFzd9Gbf2G1y,Masters Mix 50/50,1,7.5,Consumed,,,2026-01-16T16:17:34.000Z,2026-04-16,,substrate,Sterilize,,,,,,,,,,,,,,,,,,,,,,,,,,,,2026-01-16T16:17:00.000Z,,,,,,
recqva4mkZhsRxVXl,Coco Verm Gypsum,1,2.5,Consumed,,,2026-01-15T13:54:00.000Z,2026-04-15,,substrate,Pasteurize,,,,,,,,,,,,,,,,,,,,,,,,,,,,2026-01-15T13:53:00.000Z,,,,,,
recqyOytv8GmngJzs,Wild Bird Seed,1,2,Consumed,,,2025-12-13T18:31:13.000Z,2025-10-25,,grain,Sterilize,Branched Oyster,Fungaia,,3,Side,,,,,,,,,5,,,5,0,0,,,,Grain_Inoculated,,2025-07-25T17:43:00.000Z,,,2025-05-24T17:31:00.000Z,,,,,,
recqynKzKr71zpQBX,Coco Verm Gypsum,1,5,Retired,,,2026-02-16T23:15:58.000Z,2026-05-16,,substrate,Pasteurize,,,,,,,,,,,,,,,,,,,,,,,,,,,,2026-02-16T23:15:57.425Z,,,,,,
recr7Q1UIYDVCNnVl,Agar Plate 90x15mm,,,Fridge,,,2025-10-31T19:54:34.000Z,,,plate,,Pearl Oyster,Fungaia,,,,,,,,,,,,2,,,2,0,0,,,,Plate_Inoculated,,2025-12-12T18:40:44.807Z,,,,,PLATEGRP-1761940473597,,,,
recr7wbS5aEgCQ1rM,Masters Mix 75/25,1,7.5,Consumed,,,2025-12-13T13:17:20.000Z,2026-03-13,,substrate,Sterilize,,,,,,,,,,,,,,,,,,0,0,,,,,,,,,2025-12-13T13:17:00.000Z,,,,,,
recr9236mt5jjyAZc,Large Masters Mix 50/50,1,8.75,Fruiting,"[""recWSo0rXnx4UYVLc"",""recN8TNAG1yKmuhv8"",""recbymCyGU3fzEwuq""]",,2026-01-17T18:37:19.000Z,2026-04-17,,fruiting_block,,Red Reishi,,,,,,,,,,,,,,,,,,,,,,Bulk_Created,,,,2026-01-17T18:37:18.730Z,,,,,,,
recrEDP39w7ielnkB,Liquid Culture Flask,1,300,Retired,,Ray,2025-10-08T11:17:59.000Z,2026-04-08,,lc_flask,Sterilize,,,,,,,,,,,,,,,,,301,0,0,,,,,,,,,2025-10-08T11:17:00.000Z,,,,,,
recrRHFaiRcIUI2jZ,Masters Mix 75/25,1,7.5,Consumed,,,2026-01-17T13:36:05.000Z,2026-04-17,,substrate,Sterilize,,,,,,,,,,,,,,,,,,,,,,,,,,,,2026-01-17T13:36:00.000Z,,,,,,
recrRsojw3DlwQROb,Coco Verm Gypsum,1,2.5,Consumed,,,2026-01-15T13:54:00.000Z,2026-04-15,,substrate,Pasteurize,,,,,,,,,,,,,,,,,,,,,,,,,,,,2026-01-15T13:53:00.000Z,,,,,,
recrYXrhQijACT3Si,Liquid Culture Flask,1,500,Fridge,,,2025-09-29T15:52:21.000Z,2026-02-28,,lc_flask,Sterilize,Chestnut,MYYCO,2,,,,,,1,,,,,500,,,487,0,0,,,,LC_Flask_Inoculated,2025-08-31T16:17:00.000Z,2025-08-31T16:17:00.000Z,,,2025-05-01T15:52:00.000Z,,,,,,
recrYd5SYKVcBbt5o,Masters Mix 75/25,1,2.5,Consumed,,,2026-01-17T13:35:51.000Z,2026-04-17,,substrate,Sterilize,,,,,,,,,,,,,,,,,,,,,,,,,,,,2026-01-17T13:35:00.000Z,,,,,,
recrcVi27HjVqfMFN,Coco Verm Gypsum,1,2.5,Consumed,,,2026-01-15T13:54:00.000Z,2026-04-15,,substrate,Pasteurize,,,,,,,,,,,,,,,,,,,,,,,,,,,,2026-01-15T13:53:00.000Z,,,,,,
recrggVC6ZPmXwDTx,Liquid Culture Syringe,,,Consumed,,,2025-09-29T15:42:01.000Z,,,lc_syringe,,Blue Oyster,MYYCO,,,,,,,,Purchased,MYYCO,,2025-08-20,10,,,1,0,0,,,,,,,,,,,,,,,
recrgiJlYs1Bp5wbc,Wild Bird Seed,1,2.5,Fridge,,,2025-11-21T17:16:32.000Z,2026-03-22,,grain,Sterilize,Chestnut,Fungaia,,,,,,,,,,,,5.5,,,5.5,0,0,,,,Grain_Inoculated,,2025-12-22T20:07:38.378Z,,,2025-11-21T17:16:00.000Z,,,,,,
recrkpeHqUkN3oGre,Peat Moss,1,2.5,Retired,,,2025-10-13T19:26:42.000Z,2025-12-01,,casing,Pasteurize,,,,,,,,,,,,,,,,,,0,0,,,,,,,,,2025-09-01T19:26:00.000Z,,,,,,
recrkyWbwznqR7VCl,Coco Verm Gypsum,1,2.5,Pasteurized,,,2026-04-22T12:28:53.000Z,2026-07-22,,substrate,Sterilize,,,,,,,,,,,,,,,,,,,,,,,,,,,,2026-04-22T12:28:52.942Z,,,,,,
recrosFGqZyfwuE00,Coco Verm Gypsum,1,5,Consumed,,,2025-09-29T16:56:18.000Z,2025-12-29,,substrate,Sterilize,,,,,,,,,,,,,,,,,,0,0,,,,,,,,,2025-09-29T16:56:17.617Z,,,,,,
recrpfiXccOqQ3De5,Masters Mix 50/50,1,7.5,Consumed,,,2026-01-16T16:17:34.000Z,2026-04-16,,substrate,Sterilize,,,,,,,,,,,,,,,,,,,,,,,,,,,,2026-01-16T16:17:00.000Z,,,,,,
recs2NMz43eEo1jRb,Organic Wheat/Millet,1,2,Consumed,,,2025-10-01T20:38:37.000Z,2025-04-04,,grain,Sterilize,Red Reishi,,2,1,Top,,,,,,,,,4,,,4,0,0,,,,Grain_Inoculated,2025-01-04T18:49:00.000Z,2025-01-04T18:49:00.000Z,2025-08-18T18:06:00.000Z,,2025-10-01T20:38:00.000Z,,,,,,
recs4gwhBUyFKdekW,Fruiting Block,1,8.75,Fruiting,"[""recQtOuFfFdoKqwnJ"",""reckSdVEFsRyEl1Ld"",""recrpfiXccOqQ3De5""]",,2026-01-16T17:30:49.000Z,2026-04-16,,fruiting_block,,Bronze Reishi,,,,,1,226.32,,,,,,,,,,,,1,,,,Bulk_Created,,,,2026-01-16T17:30:48.998Z,,,,,,,
recs6Rr6dP16TspQl,Large Masters Mix 75/25,1,8.5,Retired,"[""recWdmBdUPUbr0bcO"",""recgr0YT0tZZsvAev"",""recAgSq8eOOmrSGMj""]",,2026-01-07T18:16:08.000Z,2026-04-07,,fruiting_block,,Blue Oyster,,,,,4,68.95,,,,,,,,,,,,1,,,,Bulk_Created,,,,2026-01-07T18:16:07.408Z,,,,2026-04-15T20:43:36.527Z,,,
recs9075dvQJ2mELm,Coco Verm Gypsum,1,5,Retired,,,2026-02-16T23:15:57.000Z,2026-05-16,,substrate,Pasteurize,,,,,,,,,,,,,,,,,,,,,,,,,,,,2026-02-16T23:15:56.486Z,,,,,,
recsAOQq1v0qV0lVA,Wild Bird Seed,1,2,Retired,,,2025-12-18T16:45:54.000Z,2026-03-31,,grain,Sterilize,Pink Oyster,Fungaia,,,,,,,,,,,,5,,,5,,,,,,Grain_Inoculated,,2025-12-31T17:19:23.913Z,,,2025-12-18T16:45:53.270Z,,,2026-03-01T23:53:54.572Z,,,
recsBUJCa8DzhkcKS,Wild Bird Seed,1,2,Sterilized,,Robert,2026-04-24T20:23:02.000Z,2026-07-24,,grain,Sterilize,,,,,,,,,,,,,,,,,,,,,,,,,,,,2026-04-24T07:30:00.000Z,,,,,,
recsGjSkvkwZJsD8o,Wild Bird Seed,1,2,Fridge,,,2026-03-24T13:17:24.000Z,2026-06-30,,grain,Sterilize,Red Reishi,Fungaia,,,,,,,,,Fungaia,,,4.5,,,4.5,,,,,,Grain_Inoculated,,2026-03-30T16:18:00.033Z,,,2026-03-24T13:17:23.986Z,,,,,,
recsJCoALrwVWC5J7,Coco Verm Gypsum,1,5,Pasteurized,,,2026-04-22T12:29:05.000Z,2026-07-22,,substrate,Sterilize,,,,,,,,,,,,,,,,,,,,,,,,,,,,2026-04-22T12:29:05.101Z,,,,,,
recsJnvJh21Jhg4sy,Wild Bird Seed,1,2.5,Retired,,,2025-11-21T17:16:30.000Z,2026-03-22,,grain,Sterilize,Red Reishi,Fungaia,,,,,,,,,,,,5.5,,,5.5,0,0,,,,Grain_Inoculated,,2025-12-22T20:05:42.015Z,,,2025-11-21T17:16:00.000Z,,,2026-03-27T23:59:38.708Z,,,
recsMDNntRjEDBo7V,Wild Bird Seed,1,2,Fridge,,,2025-12-18T16:45:54.000Z,2026-04-02,,grain,Sterilize,Lion’s Mane,Fungaia,,,,,,,,,,,,5,,,5,,,,,,Grain_Inoculated,,2026-01-02T19:39:44.230Z,,,2025-12-18T16:45:53.270Z,,,,,,
recsOdz06rm8TKQ63,Organic Wheat/Millet,1,2,Consumed,,,2025-10-01T20:38:37.000Z,2025-11-18,,grain,Sterilize,Red Reishi,MYYCO,3,2,Top,,,This is actually Bronze Reishi,,,,,,5,,,5,0,0,,,,Grain_Inoculated,2025-08-18T18:09:00.000Z,2025-08-18T18:09:00.000Z,2025-08-18T18:14:00.000Z,,2025-10-01T20:38:00.000Z,,,,,,
recsRsByLNjZCXnR6,Peat Moss,1,3,Retired,,,2025-11-17T18:18:34.000Z,2026-02-17,,casing,Pasteurize,,,,,,,,,,,,,,,,,,0,0,,,,,,,,,2025-11-17T18:18:33.861Z,,,,,,
recsSVjSB0VdvdEWS,Coco Verm Gypsum,1,2.5,Pasteurized,,,2026-04-22T12:28:53.000Z,2026-07-22,,substrate,Sterilize,,,,,,,,,,,,,,,,,,,,,,,,,,,,2026-04-22T12:28:52.942Z,,,,,,
recsTGZDOemz5bXYg,Liquid Culture Flask,1,300,Retired,,Ray,2025-10-08T11:17:59.000Z,2026-04-08,,lc_flask,Sterilize,,,,,,,,,,,,,,,,,,0,0,,,,,,,,,2025-10-08T11:17:00.000Z,,,,,,
recsTolYAvu368H1I,Coco Verm Gypsum,1,5,Retired,,,2026-02-16T23:15:57.000Z,2026-05-16,,substrate,Pasteurize,,,,,,,,,,,,,,,,,,,,,,,,,,,,2026-02-16T23:15:56.486Z,,,,,,
recsWGK6tQySmWo75,Masters Mix 75/25,1,7.5,Sterilized,,Robert,2026-02-28T18:29:54.000Z,2026-05-28,,substrate,Sterilize,,,,,,,,,,,,,,,,,,,,,,,,,,,,2026-02-28T18:29:00.000Z,,,,,,
recsZ00YXxe1QAivK,Peat Moss,1,3,Sterilized,,,2026-04-09T20:39:00.000Z,2026-07-09,,casing,Sterilize,,,,,,,,,,,,,,,,,,,,,,,,,,,,2026-04-09T20:38:59.422Z,,,,,,
recsetT0cUDMnDaTc,Wild Bird Seed,1,2,Sterilized,,Robert,2026-04-24T20:23:02.000Z,2026-07-24,,grain,Sterilize,,,,,,,,,,,,,,,,,,,,,,,,,,,,2026-04-24T07:30:00.000Z,,,,,,
recskL4xhysjtuTqx,Coco Verm Gypsum,1,2.5,Consumed,,,2025-11-06T17:10:42.000Z,2025-12-29,,substrate,Sterilize,,,,,,,,,,,,,,,,,,0,0,,,,,,,,,2025-09-29T16:10:00.000Z,,,,,,
recslACbevWvCaQGv,Large Masters Mix 75/25,1,8.5,Retired,"[""reclBdQ5I4z5eRZFG"",""reclTShfjIAxkgH6I"",""recwn1oAaIs5v1lU1""]",,2025-11-21T16:57:50.000Z,2026-02-21,,fruiting_block,,Lion’s Mane,,,,,1,114.4,,,,,,,,,,,0,1,,,,Bulk_Created,,,,2025-11-21T16:57:49.742Z,,,,,,,
recsqI2piXJAmH4q2,Coco Verm Gypsum,1,2.5,Consumed,,,2025-12-09T20:02:22.000Z,2026-03-09,,substrate,Pasteurize,,,,,,,,,,,,,,,,,,0,0,,,,,,,,,2025-12-09T19:58:00.000Z,,,,,,
recsshF9dIWKoeLdr,Masters Mix 75/25,1,7.5,Consumed,,Robert,2026-02-28T18:29:54.000Z,2026-05-28,,substrate,Sterilize,,,,,,,,,,,,,,,,,,,,,,,,,,,,2026-02-28T18:29:00.000Z,,,,,,
recsyMVFdi122TxTv,Large Masters Mix 75/25,1,7,Fruiting,"[""recs2NMz43eEo1jRb"",""recUfZnjUT6W50wvV"",""rechEqGT0Er5reU5r""]",,2025-10-31T18:06:53.000Z,2025-11-18,,fruiting_block,,Red Reishi,,,,,,,,,,,,,,,,,0,0,,,,Bulk_Created,,,,2025-08-18T18:06:00.000Z,,,,,,,
rect61J3BWfVh2J2m,Wild Bird Seed,1,2,Fridge,,,2025-12-18T16:45:55.000Z,2026-04-02,,grain,Sterilize,Chestnut,Fungaia,,,,,,,,,,,,5,,,5,,,,,,Grain_Inoculated,,2026-01-02T20:39:38.418Z,,,2025-12-18T16:45:53.270Z,,,,,,
rect7Hlv23YnHU7sb,Agar Plate 90x15mm,,,Sterilized,,,2026-03-27T20:47:46.000Z,,,plate,,,,,,,,,,,,,,,,,,,,,,,,,,,,,,,PLATEGRP-1774644465501,,,,
rect9v6eCh9hP1Rlv,Coco Verm Gypsum,1,5,Consumed,,,2026-04-22T12:29:05.000Z,2026-07-22,,substrate,Sterilize,,,,,,,,,,,,,,,,,,,,,,,,,,,,2026-04-22T12:29:05.101Z,,,,,,
rectHUAe7BPV4zpCM,Wild Bird Seed,1,2,Consumed,,,2026-01-04T20:27:20.000Z,2026-04-25,,grain,Sterilize,Turkey Tail,Fungaia,,2,Side,,,,,,,,,5,,,5,,,,,,Grain_Inoculated,,2026-01-25T17:35:32.380Z,,,2026-01-04T20:27:19.381Z,,,,,,
rectIUxhBQbMDTYRz,Coco Verm Gypsum,1,5,Retired,,,2026-02-16T23:15:57.000Z,2026-05-16,,substrate,Pasteurize,,,,,,,,,,,,,,,,,,,,,,,,,,,,2026-02-16T23:15:56.486Z,,,,,,
rectM4Is9eh4ilbXm,Coco Verm Gypsum,1,5,Retired,,,2026-02-16T23:15:57.000Z,2026-05-16,,substrate,Pasteurize,,,,,,,,,,,,,,,,,,,,,,,,,,,,2026-02-16T23:15:56.486Z,,,,,,
rectNMYIH97APuTFo,Liquid Culture Syringe,1,,Fridge,,,2025-12-12T18:35:48.000Z,,,lc_syringe,,Red Reishi,Fungaia,,,,,,,,Purchased,Fungaia,May25,2025-05-24,10,,,6,0,0,,,,LC_Syringe_Received,,,,,,,,,,,
rectTnDY491kV646M,Masters Mix 75/25,1,7.5,Consumed,,,2025-10-31T18:22:12.000Z,2025-11-01,,substrate,Sterilize,,,,,,,,,,,,,,,,,,0,0,,,,,,,,,2025-08-01T18:22:00.000Z,,,,,,
rectV8TtEqO3K2xYB,Masters Mix 75/25,1,2.5,Sterilized,,,2026-05-05T22:22:15.000Z,2026-08-05,,substrate,Sterilize,,,,,,,,,,,,,,,,,,,,,,,,,,,,2026-05-05T22:22:14.543Z,,,,,,
rectVokN12BS9watD,Organic Wheat/Millet,1,2,Consumed,,,2025-10-01T20:38:37.000Z,2025-11-15,,grain,Sterilize,Turkey Tail,MYYCO,3,3,Side,,,,,,,,,5,,,5,0,0,,,,Grain_Inoculated,2025-08-15T18:19:00.000Z,2025-08-15T18:19:00.000Z,2025-09-18T18:23:00.000Z,,2025-10-01T20:38:00.000Z,,,,,,
rectWySPrDBnZObg9,Organic Wheat/Millet,1,5,Retired,,,2025-10-01T20:38:51.000Z,2026-01-01,,grain,Sterilize,,,,,,,,,,,,,,,,,,0,0,,,,,,,,,2025-10-01T20:38:00.000Z,,,,,,
rectZ0EJtlNts95eI,Coco Verm Gypsum,1,5,Consumed,,Ray,2025-10-07T16:17:54.000Z,2026-01-07,,substrate,Pasteurize,,,,,,,,,,,,,,,,,,0,0,,,,,,,,,2025-10-07T16:17:00.000Z,,,,,,
rectkiXBbNNAZqVYD,Masters Mix 75/25,1,2.5,Consumed,,,2026-01-16T15:44:35.000Z,2026-04-16,,substrate,Sterilize,,,,,,,,,,,,,,,,,,,,,,,,,,,,2026-01-16T15:44:00.000Z,,,,,,
rectm4qP7ToZJX151,Coco Verm Gypsum,1,5,Retired,,,2025-09-29T16:56:18.000Z,2025-12-29,,substrate,Sterilize,,,,,,,,,,,,,,,,,,0,0,,,,,,,,,2025-09-29T16:56:17.617Z,,,,,,
rectvibIMlYW8HCG1,Liquid Culture Syringe,1,,Fridge,,,2026-03-27T20:38:11.000Z,,,lc_syringe,,,,,,,,,,,Purchased,MYYCO,,2026-03-17,10,,,2.5,,,,,,LC_Syringe_Received,,,,,,,,,,,
rectxI4B5hYudoJqy,Masters Mix 75/25,1,7.5,Sterilized,,Robert,2026-02-28T18:29:54.000Z,2026-05-28,,substrate,Sterilize,,,,,,,,,,,,,,,,,,,,,,,,,,,,2026-02-28T18:29:00.000Z,,,,,,
recu7QFfU6C9A4Mci,Organic Wheat/Millet,1,5,Retired,,,2025-09-29T18:28:45.000Z,2025-11-01,,grain,Sterilize,,,,,,,,,,,,,,,,,,0,0,,,,,,,,,2025-08-01T18:28:00.000Z,,,,,,
recu8GP0DMRMDddEL,Masters Mix 50/50,1,7.5,Consumed,,,2026-01-16T16:17:34.000Z,2026-04-16,,substrate,Sterilize,,,,,,,,,,,,,,,,,,,,,,,,,,,,2026-01-16T16:17:00.000Z,,,,,,
recu9VqZoAoNwVvSy,Wild Bird Seed,1,2,Consumed,,,2025-12-18T16:45:55.000Z,2026-04-02,,grain,Sterilize,Chestnut,Fungaia,,2,Top,,,,,,,,,5,,,5,,,,,,Grain_Inoculated,,2026-01-02T20:39:38.418Z,,,2025-12-18T16:45:53.270Z,,,,,,
recuEdbkAt7jSmseH,Masters Mix 75/25,1,2.5,Consumed,,,2025-12-13T13:17:03.000Z,2026-03-13,,substrate,Sterilize,,,,,,,,,,,,,,,,,,0,0,,,,,,,,,2025-12-13T13:16:00.000Z,,,,,,
recuFurbEVrwWYrz8,Wild Bird Seed,1,2,Fridge,,,2026-03-24T13:17:24.000Z,2026-06-30,,grain,Sterilize,Lion’s Mane,MYYCO,,,,,,,,,MYYCO,,,4.5,,,4.5,,,,,,Grain_Inoculated,,2026-03-30T18:59:41.129Z,,,2026-03-24T13:17:23.986Z,,,,,,
recuFykChVpuCZrMq,Coco Verm Gypsum,1,2.5,Pasteurized,,,2026-04-22T12:28:53.000Z,2026-07-22,,substrate,Sterilize,,,,,,,,,,,,,,,,,,,,,,,,,,,,2026-04-22T12:28:52.942Z,,,,,,
recuK7ak06yzEx8wc,Wild Bird Seed,1,2,Sterilized,,Robert,2026-04-24T20:23:04.000Z,2026-07-24,,grain,Sterilize,,,,,,,,,,,,,,,,,,,,,,,,,,,,2026-04-24T07:30:00.000Z,,,,,,
recuMKmwD2S3bJiK4,Liquid Culture Syringe,1,,Fridge,,,2025-12-12T18:38:24.000Z,,,lc_syringe,,Chestnut,Fungaia,,,,,,,,Purchased,Fungaia,May25,2025-05-24,10,,,6,0,0,,,,LC_Syringe_Received,,,,,,,,,,,
recuRC3WAkEeF6kHN,Liquid Culture Syringe,,,Consumed,,,2025-09-29T15:42:15.000Z,,,lc_syringe,,Turkey Tail,MYYCO,,,,,,,,Purchased,MYYCO,,2025-08-20,10,,,7,0,0,,,,,,,,,,,,,,,
recuSnbtiyiw1dGby,Wild Bird Seed,1,2.5,Fridge,,,2025-11-21T17:16:30.000Z,2025-11-30,,grain,Sterilize,Red Reishi,,,,,,,,,,,,,5.5,,,5.5,0,0,,,,Grain_Inoculated,,2025-08-31T16:02:00.000Z,,,2025-11-21T17:16:00.000Z,,,,,,
recuT5JdQXezu3ANN,Agar Plate 90x15mm,,,Sterilized,,,2026-03-27T20:47:54.000Z,,,plate,,,,,,,,,,,,,,,,,,,,,,,,,,,,,,,PLATEGRP-1774644474103,,,,
recuajxFdFVzxlEno,Masters Mix 75/25,1,7.5,Sterilized,,,2026-01-17T13:36:05.000Z,2026-04-17,,substrate,Sterilize,,,,,,,,,,,,,,,,,,,,,,,,,,,,2026-01-17T13:36:00.000Z,,,,,,
recufcbNClNXHEoqk,Wild Bird Seed,1,2,Sterilized,,Robert,2026-04-24T20:23:02.000Z,2026-07-24,,grain,Sterilize,,,,,,,,,,,,,,,,,,,,,,,,,,,,2026-04-24T07:30:00.000Z,,,,,,
recugeszvGEDQB5qr,Masters Mix 75/25,1,2.5,Consumed,,,2025-11-06T17:06:46.000Z,2026-01-04,,substrate,Sterilize,,,,,,,,,,,,,,,,,,0,0,,,,,,,,,2025-10-04T16:06:00.000Z,,,,,,
recuidfKm7HwdzxHF,Wild Bird Seed,1,2,Fridge,,,2026-01-04T20:27:20.000Z,2026-04-10,,grain,Sterilize,Lion’s Mane,Fungaia,,,,,,,,,,,,5,,,5,,,,,,Grain_Inoculated,,2026-01-10T20:49:31.022Z,,,2026-01-04T20:27:19.381Z,,,,,,
recuntmvZk3bxZvMz,Wild Bird Seed,1,2,Fridge,,,2026-01-04T20:27:20.000Z,2026-04-25,,grain,Sterilize,Lion’s Mane,Fungaia,,,,,,,,,,,,5,,,5,,,,,,Grain_Inoculated,,2026-01-25T17:36:32.583Z,,,2026-01-04T20:27:19.381Z,,,,,,
recupMq4C0hYuu9TB,Coco Verm Gypsum,1,5,Consumed,,,2025-12-09T20:03:25.000Z,2026-03-09,,substrate,Pasteurize,,,,,,,,,,,,,,,,,,0,0,,,,,,,,,2025-12-09T20:03:00.000Z,,,,,,
recutpEj9YePIPNLs,Agar Plate 90x15mm,,,Sterilized,,,2026-03-27T20:47:46.000Z,,,plate,,,,,,,,,,,,,,,,,,,,,,,,,,,,,,,PLATEGRP-1774644465501,,,,
recuuzaATOgjlm2CG,Coco Verm Gypsum,1,2.5,Consumed,,,2025-12-09T20:02:22.000Z,2026-03-09,,substrate,Pasteurize,,,,,,,,,,,,,,,,,,0,0,,,,,,,,,2025-12-09T19:58:00.000Z,,,,,,
recuyzQxsy8MvsWa9,Wild Bird Seed,1,2,Sterilized,,Robert,2026-04-24T20:23:02.000Z,2026-07-24,,grain,Sterilize,,,,,,,,,,,,,,,,,,,,,,,,,,,,2026-04-24T07:30:00.000Z,,,,,,
recuz1O1f44Csiapn,Organic Wheat/Millet,1,2,Consumed,,,2025-10-01T20:38:37.000Z,2025-11-15,,grain,Sterilize,Blue Oyster,MYYCO,3,2,Side,,,,,,,,,5,,,5,0,0,,,,Grain_Inoculated,2025-08-15T18:45:00.000Z,2025-08-15T18:45:00.000Z,2025-09-18T18:47:00.000Z,,2025-10-01T20:38:00.000Z,,,,,,
recv33Hii3oPVAVOY,Wild Bird Seed,1,2,Sterilized,,Robert,2026-04-24T20:23:02.000Z,2026-07-24,,grain,Sterilize,,,,,,,,,,,,,,,,,,,,,,,,,,,,2026-04-24T07:30:00.000Z,,,,,,
recv3ej5dH0OcG78j,Agar Plate 90x15mm,,,Fridge,,,2025-10-31T19:54:34.000Z,,,plate,,Turkey Tail,Fungaia,,,,,,,,,,,,2,,,2,0,0,,,,Plate_Inoculated,,2025-12-12T18:40:25.132Z,,,,,PLATEGRP-1761940473597,,,,
recvHjMNzXE1oNtQG,Small Masters Mix 75/25,1,1.6666666666666667,Fruiting,"[""rechP7fXl9hiMAEit"",""recGnWGF3f92zXBrN"",""recvQYPEs7URQGP0M"",""reclq4McHJH7t1NRT""]",,2026-04-06T20:45:21.000Z,2026-07-06,,fruiting_block,,Blue Oyster,Fungaia,,,,1,207.4,,,,,,,,Select harvest_item (one or more).,2026-05-02T17:13:36.609Z,,1,,,,,Bulk_Created,,,,2026-04-06T20:45:20.854Z,,,,,,,
recvQYPEs7URQGP0M,Masters Mix 75/25,1,2.5,Consumed,,,2026-01-17T13:35:51.000Z,2026-04-17,,substrate,Sterilize,,,,,,,,,,,,,,,,,,,,,,,,,,,,2026-01-17T13:35:00.000Z,,,,,,
recvUlVNkcz7mF5xl,Small Masters Mix 75/25,1,3.1666666666666665,Retired,"[""recLZGMLBTzDNmwDi"",""recFpFGSIZusQu3w7"",""reclKZK1MSjW4BO1C"",""reca8T8D2Ciq1mRwJ""]",,2026-02-11T20:50:47.000Z,2026-05-11,,fruiting_block,,Lion’s Mane,,,,,,,,,,,,,,,,,,,,,,Bulk_Created,,,,2026-02-11T20:50:47.086Z,,,,2026-03-30T20:45:31.251Z,,,
recvaDpauyGNGaI28,Coco Verm Gypsum,1,5,Retired,,,2026-02-16T23:15:58.000Z,2026-05-16,,substrate,Pasteurize,,,,,,,,,,,,,,,,,,,,,,,,,,,,2026-02-16T23:15:57.425Z,,,,,,
recvcOgPhF75UKIIT,Coco Verm Gypsum,1,5,Consumed,,,2025-09-29T16:56:18.000Z,2025-12-29,,substrate,Sterilize,,,,,,,,,,,,,,,,,,0,0,,,,,,,,,2025-09-29T16:56:17.617Z,,,,,,
recvfSSWZvSLmCzlg,Wild Bird Seed,1,2,Sterilized,,Robert,2026-04-24T20:23:02.000Z,2026-07-24,,grain,Sterilize,,,,,,,,,,,,,,,,,,,,,,,,,,,,2026-04-24T07:30:00.000Z,,,,,,
recvgiuP5DlsFUZZ0,Coco Verm Gypsum,1,5,Consumed,,Ray,2025-10-07T16:17:54.000Z,2026-01-07,,substrate,Pasteurize,,,,,,,,,,,,,,,,,,0,0,,,,,,,,,2025-10-07T16:17:00.000Z,,,,,,
recvt58p4y1vMMeZU,Wild Bird Seed,1,2,Consumed,,,2025-12-13T18:31:13.000Z,2025-10-25,,grain,Sterilize,Pink Oyster,Fungaia,,3,Side,,,,,,,,,4,,,4,0,0,,,,Grain_Inoculated,,2025-07-25T17:45:00.000Z,,,2025-05-24T17:31:00.000Z,,,,,,
recvtYIcmCFiPBcLA,Peat Moss,1,3,Retired,,,2025-11-17T18:18:34.000Z,2026-02-17,,casing,Pasteurize,,,,,,,,,,,,,,,,,,0,0,,,,,,,,,2025-11-17T18:18:33.861Z,,,,,,
recw0hQCFEDV0ne66,Coco Verm Gypsum,1,5,Retired,,,2025-09-29T16:56:18.000Z,2025-12-29,,substrate,Sterilize,,,,,,,,,,,,,,,,,,0,0,,,,,,,,,2025-09-29T16:56:17.617Z,,,,,,
recw21UnolXZpPWiv,Organic Wheat/Millet,1,2,Retired,,,2025-11-11T17:34:05.000Z,2026-02-21,,grain,Sterilize,Lion’s Mane,,,,,,,,,,,,,5,,,5,0,0,,,,Grain_Inoculated,,2025-11-21T18:55:32.045Z,,,2025-10-06T16:33:00.000Z,,,,,,
recwGd8DWvUWig3QQ,Peat Moss,1,3,Retired,,,2025-11-17T18:18:34.000Z,2026-02-17,,casing,Pasteurize,,,,,,,,,,,,,,,,,,0,0,,,,,,,,,2025-11-17T18:18:33.861Z,,,,,,
recwSmUWW8MbDMeTS,Wild Bird Seed,1,2,Retired,,,2026-03-24T13:17:26.000Z,2026-06-24,,grain,Sterilize,,,,,,,,,,,,,,,,,,,,,,,,,,,,2026-03-24T13:17:23.986Z,,,,,,
recwVBrvhqauKO1X1,Large Masters Mix 75/25,1,8.5,Retired,"[""recAwatR0dGptz8cd"",""recj0sicjHMaamZaZ"",""recNraH7ahjRQeAUJ""]",,2026-01-01T21:17:52.000Z,2026-04-01,,fruiting_block,,Branched Oyster,,,,,3,142.89,,,,,,,,,,,0,1,,,,Bulk_Created,,,,2026-01-01T21:17:51.937Z,,,,2026-04-15T19:54:36.939Z,,,
recwXrD8AgS9pIJop,Large Masters Mix 75/25,1,8.5,Retired,"[""recuz1O1f44Csiapn"",""recQwQmEYPJFidwC9"",""reckYYZFXfEfu6Obd""]",,2025-10-31T18:47:27.000Z,2025-12-18,,fruiting_block,,Blue Oyster,,,,,2,284,"1st harvest a day early
Only packaging 165 of 284 second harvest",,,,,,,,,,0,2,,,,Bulk_Created,,,,2025-09-18T18:47:00.000Z,,,,,,,
recwhofmUSI5Qljd7,Coco Verm Gypsum,1,5,Consumed,,Robert,2026-03-10T18:23:51.000Z,2026-06-10,,substrate,Pasteurize,,,,,,,,,,,,,,,,,,,,,,,,,,,,2026-03-10T18:23:50.693Z,,,,,,
recwn1oAaIs5v1lU1,Masters Mix 75/25,1,7.5,Consumed,,,2025-11-06T17:04:16.000Z,2026-02-06,,substrate,Sterilize,,,,,,,,,,,,,,,,,,0,0,,,,,,,,,2025-11-06T17:04:00.000Z,,,,,,
recwqxTaQUf38BJd2,Wild Bird Seed,1,2,Fridge,,,2025-12-18T16:45:54.000Z,2026-04-02,,grain,Sterilize,Lion’s Mane,Fungaia,,,,,,,,,,,,5,,,5,,,,,,Grain_Inoculated,,2026-01-02T19:39:44.230Z,,,2025-12-18T16:45:53.270Z,,,,,,
recwtjQV55qraROmO,Liquid Culture Syringe,1,,Fridge,,,2025-12-12T18:34:57.000Z,,,lc_syringe,,Blue Oyster,Fungaia,,,,,,,,Purchased,Fungaia,May25,2025-05-24,10,,,6,0,0,,,,LC_Syringe_Received,,,,,,,,,,,
recwvzIVctMy3MXgf,Coco Verm Gypsum,1,2.5,Consumed,,,2026-02-16T23:15:40.000Z,2026-05-16,,substrate,Pasteurize,,,,,,,,,,,,,,,,,,,,,,,,,,,,2026-02-16T23:15:39.467Z,,,,,,
recwxRltKNoELpHKD,Coco Verm Gypsum,1,5,Consumed,,,2025-11-12T19:15:55.000Z,2026-02-12,,substrate,Pasteurize,,,,,,,,,,,,,,,,,,0,0,,,,,,,,,2025-11-12T19:15:00.000Z,,,,,,
recx4wStoV9Kk74EU,Organic Wheat/Millet,1,5,Retired,,,2025-10-01T20:38:51.000Z,2026-01-01,,grain,Sterilize,,,,,,,,,,,,,,,,,,0,0,,,,,,,,,2025-10-01T20:38:00.000Z,,,,,,
recxINmnNrjqnDuGa,Coco Verm Gypsum,1,2.5,Consumed,,,2026-01-03T18:00:46.000Z,2026-04-03,,substrate,Pasteurize,,,,,,,,,,,,,,,,,,,,,,,,,,,,2026-01-03T18:00:45.573Z,,,,,,
recxJh4R4QTu15njW,Agar Flask,1,500,Consumed,,Ray,2025-10-31T19:34:57.000Z,,,agar_flask,Sterilize,,,,,,,,,,,,,,,,,,0,0,,,,,,,,,2025-10-30T19:34:00.000Z,20,PLATEGRP-1761940473597,,,,
recxfCn6CtcdnICRV,Small Masters Mix 75/25,1,2.8333333333333335,Consumed,"[""rec7e4hlqnmOcy303"",""recy8SzUO4C3HFbVv"",""recHoe3zDVz0tAujd"",""recyrJIedCf6gQ5Re"",""recg03wqUVkkJVJ42"",""recrYd5SYKVcBbt5o"",""rec6YWY70rN1F2VDs""]",,2026-04-02T17:58:24.000Z,2026-07-02,,fruiting_block,,Turkey Tail,Fungaia,,,,,,,,,,,,,,,,,,,,,Bulk_Created,,,,2026-04-02T17:58:23.485Z,,,,,,,
recxfYWLv1zIeEv9o,Organic Wheat/Millet,1,2,Consumed,,,2025-10-01T20:38:37.000Z,2025-11-15,,grain,Sterilize,Chestnut,MYYCO,3,2,Top,,,,,,,,,5,,,5,0,0,,,,Grain_Inoculated,2025-08-15T18:54:00.000Z,2025-08-15T18:54:00.000Z,2025-09-18T18:54:00.000Z,,2025-10-01T20:38:00.000Z,,,,,,
recxflgDPsY2hNGOr,Coco Verm Gypsum,1,2.5,Consumed,,,2026-01-15T13:54:00.000Z,2026-04-15,,substrate,Pasteurize,,,,,,,,,,,,,,,,,,,,,,,,,,,,2026-01-15T13:53:00.000Z,,,,,,
recxn9gv5HUkPsnxQ,Wild Bird Seed,1,2,Sterilized,,Robert,2026-04-24T20:23:02.000Z,2026-07-24,,grain,Sterilize,,,,,,,,,,,,,,,,,,,,,,,,,,,,2026-04-24T07:30:00.000Z,,,,,,
recxs2S2orOr17DWu,Large Masters Mix 75/25,1,8.5,Retired,"[""receKmO521AEeaYuU"",""rec4UOviVn42loWw1"",""reckjyyQEuyC49bjC""]",,2026-01-16T17:29:06.000Z,2026-04-16,,fruiting_block,,Lion’s Mane,,,,,3,162.31,,,,,,,,,,,0,1,,,,Bulk_Created,,,,2026-01-16T17:29:05.365Z,,,,2026-03-28T16:47:22.657Z,,,
recxxRSXM61buPiuM,Masters Mix 75/25,1,7.5,Consumed,,,2025-11-06T17:42:41.000Z,2025-12-01,,substrate,Sterilize,,,,,,,,,,,,,,,,,,0,0,,,,,,,,,2025-09-01T16:42:00.000Z,,,,,,
recxzVTZVoyuoWGP5,Coco Verm Gypsum,1,5,Retired,,,2025-09-29T16:56:18.000Z,2025-12-29,,substrate,Sterilize,,,,,,,,,,,,,,,,,,0,0,,,,,,,,,2025-09-29T16:56:17.617Z,,,,,,
recxzZeAJZL0uZp7C,Organic Wheat/Millet,1,2,Consumed,,,2025-10-06T13:52:07.000Z,2026-01-06,,grain,Sterilize,,,,,,,,,,,,,,,,,,0,0,,,,,,,,,2025-10-06T13:51:00.000Z,,,,,,
recy6vbBkaxJzFoTS,Liquid Culture Syringe,1,,Fridge,,,2026-03-27T20:20:03.000Z,,,lc_syringe,,,,,,,,,,,Purchased,Fungaia,,2026-03-17,10,,,2.5,,,,,,LC_Syringe_Received,,,,,,,,,,,
recy8SzUO4C3HFbVv,Masters Mix 75/25,1,2.5,Consumed,,,2026-01-16T15:44:35.000Z,2026-04-16,,substrate,Sterilize,,,,,,,,,,,,,,,,,,,,,,,,,,,,2026-01-16T15:44:00.000Z,,,,,,
recyBhhjGTQCpqn4w,Masters Mix 75/25,1,7.5,Consumed,,,2025-11-06T17:04:16.000Z,2026-02-06,,substrate,Sterilize,,,,,,,,,,,,,,,,,,0,0,,,,,,,,,2025-11-06T17:04:00.000Z,,,,,,
recyEC3Cou6tb1ri0,Masters Mix 50/50,1,7.5,Sterilized,,Robert,2026-03-05T17:21:05.000Z,2026-06-05,,substrate,Sterilize,,,,,,,,,,,,,,,,,,,,,,,,,,,,2026-03-05T17:21:04.594Z,,,,,,
recyHVBcvqEgLiJMV,Masters Mix 50/50,1,7.5,Consumed,,,2026-01-16T16:17:34.000Z,2026-04-16,,substrate,Sterilize,,,,,,,,,,,,,,,,,,,,,,,,,,,,2026-01-16T16:17:00.000Z,,,,,,
recyL6zTeQVAEu5kP,Coco Verm Gypsum,1,5,Consumed,,,2026-01-15T13:54:17.000Z,2026-04-15,,substrate,Pasteurize,,,,,,,,,,,,,,,,,,,,,,,,,,,,2026-01-15T13:54:00.000Z,,,,,,
recyLDXRVagClyLcH,Large Masters Mix 75/25,1,8.5,Retired,"[""recyqYL44TqqBy1EY"",""recqNWxKXKlnPlFdh"",""recPvM388KhFU75We""]",,2026-02-28T18:31:44.000Z,2026-05-28,,fruiting_block,,Pearl Oyster,,,,,,,,,,,,,,,,,,,,,,Bulk_Created,,,,2026-02-28T18:31:44.075Z,,,,2026-03-28T00:00:08.629Z,,,
recyORG1D60Ang6qv,Small Masters Mix 75/25,1,2.8333333333333335,Consumed,"[""rec7e4hlqnmOcy303"",""recy8SzUO4C3HFbVv"",""recHoe3zDVz0tAujd"",""recyrJIedCf6gQ5Re"",""recg03wqUVkkJVJ42"",""recrYd5SYKVcBbt5o"",""rec6YWY70rN1F2VDs""]",,2026-04-02T17:58:24.000Z,2026-07-02,,fruiting_block,,Turkey Tail,Fungaia,,,,,,,,,,,,,,,,,,,,,Bulk_Created,,,,2026-04-02T17:58:23.485Z,,,,,,,
recyTdIURUQSQKGhg,Agar Plate 90x15mm,,,Sterilized,,,2026-03-27T20:47:46.000Z,,,plate,,,,,,,,,,,,,,,,,,,,,,,,,,,,,,,PLATEGRP-1774644465501,,,,
recyW79VRH9BmQXHe,Wild Bird Seed,1,2.5,Consumed,,,2025-11-21T17:16:30.000Z,2026-02-21,,grain,Sterilize,Lion’s Mane,,,3,Side,,,,,,,,,5.5,,,5.5,0,0,,,,Grain_Inoculated,,2025-11-21T18:55:32.045Z,,,2025-11-21T17:16:00.000Z,,,,,,
recyZ5aaLQbVGjHbe,Agar Plate 90x15mm,,,Sterilized,,,2026-03-27T20:47:54.000Z,,,plate,,,,,,,,,,,,,,,,,,,,,,,,,,,,,,,PLATEGRP-1774644474103,,,,
recyi6Cl8IisOGzk2,Coco Verm Gypsum,1,5,Consumed,,,2026-01-03T18:06:19.000Z,2026-04-03,,substrate,Pasteurize,,,,,,,,,,,,,,,,,,,,,,,,,,,,2026-01-03T18:06:18.361Z,,,,,,
recyi6MphXdElEQ8G,Small Masters Mix 75/25,1,2.8333333333333335,Consumed,"[""recbpnsqYnzoqmmck"",""rec2A8uwuuVkSVZOr"",""recIOm9zD5t299O8n"",""recYaz120duwL1KfC"",""recYtgV461KCmHnEF"",""rectkiXBbNNAZqVYD"",""recMbqgRxWgMj5xpp""]",,2026-04-02T17:57:20.000Z,2026-07-02,,fruiting_block,,Lion’s Mane,Fungaia,,,,,,,,,,,,,,,,,,,,,Bulk_Created,,,,2026-04-02T17:57:19.849Z,,,,,,,
recyjKn6Vqx25EFbU,Peat Moss,1,3,Retired,,,2025-11-17T18:18:34.000Z,2026-02-17,,casing,Pasteurize,,,,,,,,,,,,,,,,,,0,0,,,,,,,,,2025-11-17T18:18:33.861Z,,,,,,
recykE7POeCkmxKAG,Peat Moss,1,2.5,Retired,,,2025-10-13T19:26:42.000Z,2025-12-01,,casing,Pasteurize,,,,,,,,,,,,,,,,,,0,0,,,,,,,,,2025-09-01T19:26:00.000Z,,,,,,
recyqYL44TqqBy1EY,Wild Bird Seed,1,2,Consumed,,,2025-12-18T16:45:54.000Z,2026-03-31,,grain,Sterilize,Pearl Oyster,Fungaia,,2,Side,,,,,,,,,5,,,5,,,,,,Grain_Inoculated,,2025-12-31T17:25:40.045Z,,,2025-12-18T16:45:53.270Z,,,,,,
recyrJIedCf6gQ5Re,Masters Mix 75/25,1,2.5,Consumed,,,2026-01-17T13:35:51.000Z,2026-04-17,,substrate,Sterilize,,,,,,,,,,,,,,,,,,,,,,,,,,,,2026-01-17T13:35:00.000Z,,,,,,
recz4jMWuvWAQbc8D,Wild Bird Seed,1,2,Fridge,,,2026-03-24T13:17:24.000Z,2026-07-12,,grain,Sterilize,Blue Oyster,Fungaia,,,,,,,,,Fungaia,,,5,,,5,,,,,,Grain_Inoculated,,2026-04-12T20:54:55.028Z,,,2026-03-24T13:17:23.986Z,,,,,,
recz7WQuUl8kWFZWA,Coco Verm Gypsum,1,2.5,Consumed,,,2025-12-09T20:02:22.000Z,2026-03-09,,substrate,Pasteurize,,,,,,,,,,,,,,,,,,0,0,,,,,,,,,2025-12-09T19:58:00.000Z,,,,,,
recz91fUScQcfyNIH,Large Masters Mix 75/25,1,8.166666666666666,Retired,"[""rec5ZBHH24Yf0oe8m"",""recdn5A62uH9BKS6k"",""recgO9sF5PYG2dk5P"",""recSkHgEIMH8cerFW""]",,2025-10-31T19:12:17.000Z,2025-12-02,,fruiting_block,,Lion’s Mane,,,,,2,198.44,,,,,,,,,,,0,3,,,,Bulk_Created,,,,2025-09-02T19:12:00.000Z,,,,,,,
reczGlHa8hPAsBAWG,Wild Bird Seed,1,2,Fridge,,,2025-12-18T16:45:55.000Z,2026-04-02,,grain,Sterilize,Chestnut,Fungaia,,,,,,,,,,,,5,,,5,,,,,,Grain_Inoculated,,2026-01-02T20:39:38.418Z,,,2025-12-18T16:45:53.270Z,,,,,,
reczNtO7hQBO7Aazd,Masters Mix 50/50,1,7.5,Sterilized,,Robert,2026-03-05T17:21:05.000Z,2026-06-05,,substrate,Sterilize,,,,,,,,,,,,,,,,,,,,,,,,,,,,2026-03-05T17:21:04.594Z,,,,,,
reczSwy5pjEifjfMW,Organic Wheat/Millet,1,5,Retired,,,2025-09-29T18:28:45.000Z,2025-11-01,,grain,Sterilize,,,,,,,,,,,,,,,,,,0,0,,,,,,,,,2025-08-01T18:28:00.000Z,,,,,,
reczVR6cxNwRXKqpN,Agar Plate 90x15mm,,,Sterilized,,,2026-03-27T20:47:54.000Z,,,plate,,,,,,,,,,,,,,,,,,,,,,,,,,,,,,,PLATEGRP-1774644474103,,,,
reczVzE3jd7deNF7q,Masters Mix 75/25,1,2.5,Consumed,,,2025-11-11T17:33:45.000Z,2026-01-01,,substrate,Sterilize,,,,,,,,,,,,,,,,,,0,0,,,,,,,,,2025-10-01T16:29:00.000Z,,,,,,
reczX8tImXa5SH8Oz,Small Masters Mix 75/25,1,2.8333333333333335,Consumed,"[""rec7e4hlqnmOcy303"",""recy8SzUO4C3HFbVv"",""recHoe3zDVz0tAujd"",""recyrJIedCf6gQ5Re"",""recg03wqUVkkJVJ42"",""recrYd5SYKVcBbt5o"",""rec6YWY70rN1F2VDs""]",,2026-04-02T17:58:24.000Z,2026-07-02,,fruiting_block,,Turkey Tail,Fungaia,,,,,,,,,,,,,,,,,,,,,Bulk_Created,,,,2026-04-02T17:58:23.485Z,,,,,,,
reczYuac41C2hZoJS,Coco Verm Gypsum,1,2.5,Consumed,,,2026-01-03T18:00:46.000Z,2026-04-03,,substrate,Pasteurize,,,,,,,,,,,,,,,,,,,,,,,,,,,,2026-01-03T18:00:45.573Z,,,,,,
reczbdlDOxIfEqx7h,Masters Mix 75/25,1,7.5,Consumed,,,2025-11-10T23:46:10.000Z,2026-02-10,,substrate,Sterilize,,,,,,,,,,,,,,,,,,0,0,,,,,,,,,2025-11-10T23:45:00.000Z,,,,,,
reczbjMBFm1vaX3T3,Masters Mix 75/25,1,7.5,Consumed,,,2025-12-13T13:17:20.000Z,2026-03-13,,substrate,Sterilize,,,,,,,,,,,,,,,,,,0,0,,,,,,,,,2025-12-13T13:17:00.000Z,,,,,,
reczd82ubv793TMBD,Coco Verm Gypsum,1,2.5,Pasteurized,,,2026-04-22T12:28:53.000Z,2026-07-22,,substrate,Sterilize,,,,,,,,,,,,,,,,,,,,,,,,,,,,2026-04-22T12:28:52.942Z,,,,,,
reczeJ87CGP9iaVys,Coco Verm Gypsum,1,5,Consumed,,,2025-11-12T19:15:55.000Z,2026-02-12,,substrate,Pasteurize,,,,,,,,,,,,,,,,,,0,0,,,,,,,,,2025-11-12T19:15:00.000Z,,,,,,
reczfb6T8SEP8kkLu,Liquid Culture Flask,1,300,Retired,,Ray,2025-10-08T11:17:59.000Z,2026-04-08,,lc_flask,Sterilize,,,,,,,,,,,,,,,,,,0,0,,,,,,,,,2025-10-08T11:17:00.000Z,,,,,,
reczgfeGBuqsPAHG6,Masters Mix 75/25,1,7.5,Consumed,,,2025-12-13T13:17:20.000Z,2026-03-13,,substrate,Sterilize,,,,,,,,,,,,,,,,,,0,0,,,,,,,,,2025-12-13T13:17:00.000Z,,,,,,
reczkd235gVQ1N7Vt,Masters Mix 75/25,1,2.5,Consumed,,,2025-12-13T13:17:03.000Z,2026-03-13,,substrate,Sterilize,,,,,,,,,,,,,,,,,,0,0,,,,,,,,,2025-12-13T13:16:00.000Z,,,,,,
recztPd8zoKCy5Uap,Liquid Culture Syringe,1,,Fridge,,,2026-03-27T20:18:29.000Z,,,lc_syringe,,,,,,,,,,,Purchased,Fungaia,,2026-03-17,10,,,2.5,,,,,,LC_Syringe_Received,,,,,,,,,,,
reczwup9hGIxAE7Lz,Coco Verm Gypsum,1,5,Consumed,,,2026-01-15T13:54:17.000Z,2026-04-15,,substrate,Pasteurize,,,,,,,,,,,,,,,,,,,,,,,,,,,,2026-01-15T13:54:00.000Z,,,,,,
reczyMblwwYU6Sjuf,Coco Verm Gypsum,1,5,Consumed,,Ray,2025-10-07T16:17:54.000Z,2026-01-07,,substrate,Pasteurize,,,,,,,,,,,,,,,,,,0,0,,,,,,,,,2025-10-07T16:17:00.000Z,,,,,,
reczzvSUFVtnlBJ3v,Large Masters Mix 75/25,1,8.166666666666666,Retired,"[""rec5ZBHH24Yf0oe8m"",""recdn5A62uH9BKS6k"",""recgO9sF5PYG2dk5P"",""recSkHgEIMH8cerFW""]",,2025-10-31T19:12:17.000Z,2025-12-02,,fruiting_block,,Lion’s Mane,,,,,5,49,,,,,,,,,,,0,1,,,,Bulk_Created,,,,2025-09-02T19:12:00.000Z,,,,,,,