airtable_id,event_id,type,timestamp,operator,station,fields_json,lots
rec03IMhWMAAFio1n,EVENT-260422-io1n,Sterilized,2026-04-22T12:28:52.942Z,system,Sterilizer OUT,"{""run_id"":""recKxVLX61XaTp3xU"",""run_no"":""RUN-260422-p3xU"",""process_type"":""sterilize"",""unit_size"":2.5}",
rec045RSvQ5LStMtG,EVENT-251106-tMtG,Sterilized,2025-09-29T16:10:00.000Z,system,Sterilizer OUT,"{""run_id"":""recRHkSJc9nkDBSwG"",""run_no"":""RUN-251106-BSwG"",""process_type"":""sterilize"",""unit_size"":2.5}",
rec060j9egP5oB4ZZ,EVENT-251006-B4ZZ,Sterilized,2025-10-06T13:51:00.000Z,system,Sterilizer OUT,"{""run_id"":""recZ5UNgT0575CXLE"",""run_no"":""RUN-251001-CXLE"",""process_type"":""sterilize"",""unit_size"":2}",
rec073PjOcVQlLozC,EVENT-260525-LozC,Pasteurized,2026-05-25T18:58:06.442Z,Robert,Sterilizer OUT,"{""run_id"":""recgRAjPX8HKei2lj"",""run_no"":""RUN-260525-i2lj"",""process_type"":""pasteurize"",""unit_size"":5}",
rec09x34w4yqUwoUh,EVENT-251209-woUh,Pasteurized,2025-12-09T20:03:00.000Z,system,Sterilizer OUT,"{""run_id"":""reczO19IW9jGWPeeq"",""run_no"":""RUN-251209-Peeq"",""process_type"":""pasteurize"",""unit_size"":5}",
rec0Aw4JmqC4VnMPH,EVENT-260629-nMPH,Sterilized,2026-06-29T20:52:43.485Z,operator2.email.address@mybusiness.com,Sterilizer OUT,"{""run_id"":""rec4kjzQCltjUHSCv"",""run_no"":""RUN-260629-HSCv"",""process_type"":""sterilize"",""unit_size"":5,""component_set"":""WBS_CVG_RIZ1""}",
rec0CKwDFhZwfJIr5,EVENT-250929-JIr5,Sterilized,2025-05-01T15:52:00.000Z,system,Sterilizer OUT,"{""run_id"":""recHvjFAeDQH8qi6e"",""run_no"":""RUN-250929-qi6e"",""process_type"":""sterilize"",""unit_size"":500}",
rec0NmkazHYNsgNy5,EVENT-251013-gNy5,Pasteurized,2025-09-01T19:26:00.000Z,system,Sterilizer OUT,"{""run_id"":""recZjdmiO6FX311Nb"",""run_no"":""RUN-251013-11Nb"",""process_type"":""pasteurize"",""unit_size"":2.5}",
rec0RUkwWN3ca2Erk,EVENT-260228-2Erk,Sterilized,2026-02-28T18:29:00.000Z,Robert,Sterilizer OUT,"{""run_id"":""rec0JC7G8fTAXxlJZ"",""run_no"":""RUN-260228-xlJZ"",""process_type"":""sterilize"",""unit_size"":7.5}",
rec0Tby7U3pqqjV0U,EVENT-260716-jV0U,Sterilized,2026-07-16T19:09:00.000Z,operator1.email.address@mybusiness.com,Sterilizer OUT,"{""run_id"":""recH9XtQ3GNRt9tvy"",""run_no"":""RUN-260716-9tvy"",""process_type"":""sterilize"",""unit_size"":2.5,""component_set"":null}",
rec0UdNMbYiGLsuXP,EVENT-251213-suXP,Sterilized,2025-12-13T13:17:00.000Z,system,Sterilizer OUT,"{""run_id"":""recyjDcb5rvR1lqIC"",""run_no"":""RUN-251213-lqIC"",""process_type"":""sterilize"",""unit_size"":7.5}",
rec0d2cL7JiCTCIkP,EVENT-260228-CIkP,Sterilized,2026-02-28T18:29:00.000Z,Robert,Sterilizer OUT,"{""run_id"":""rec0JC7G8fTAXxlJZ"",""run_no"":""RUN-260228-xlJZ"",""process_type"":""sterilize"",""unit_size"":7.5}",
rec0e9HJW2froGvfl,EVENT-260104-Gvfl,Sterilized,2026-01-04T20:27:19.381Z,system,Sterilizer OUT,"{""run_id"":""recA4XgFrJ5Ddr9au"",""run_no"":""RUN-260104-r9au"",""process_type"":""sterilize"",""unit_size"":2}",
rec0swPMuMkbPKbBV,EVENT-260116-KbBV,Sterilized,2026-01-16T16:17:00.000Z,system,Sterilizer OUT,"{""run_id"":""recrx6AxbFfK4CIF3"",""run_no"":""RUN-260116-CIF3"",""process_type"":""sterilize"",""unit_size"":7.5}",
rec0uMpK8n4JlHXU9,EVENT-260424-HXU9,Sterilized,2026-04-24T07:30:00.000Z,Robert,Sterilizer OUT,"{""run_id"":""recCSZRx6w0VbzoXm"",""run_no"":""RUN-260424-zoXm"",""process_type"":""sterilize"",""unit_size"":2}",
rec0yjw8FNye3xTmd,EVENT-260103-xTmd,Pasteurized,2026-01-03T18:00:45.573Z,system,Sterilizer OUT,"{""run_id"":""recUFrG4DkfZfw3tU"",""run_no"":""RUN-260103-w3tU"",""process_type"":""pasteurize"",""unit_size"":2.5}",
rec0z9x7otz04Mpwx,EVENT-260716-Mpwx,Consumed,,,Spawn to Bulk,"{""consumed_by_lot_ids"":[""recOcbDldTKj2rSiB"",""recer483vxFZJnNYT"",""recZZPMcrQpkcUFXv""]}",
rec13cn8TNp70ohTM,EVENT-251218-ohTM,Sterilized,2025-12-18T16:45:53.270Z,system,Sterilizer OUT,"{""run_id"":""recK7rkZM477CArlH"",""run_no"":""RUN-251216-ArlH"",""process_type"":""sterilize"",""unit_size"":2}",
rec19usUAvQqrygdo,EVENT-260216-ygdo,Pasteurized,2026-02-16T23:15:56.486Z,system,Sterilizer OUT,"{""run_id"":""recJCeCBGXBTRPBSS"",""run_no"":""RUN-260216-PBSS"",""process_type"":""pasteurize"",""unit_size"":5}",
rec1A8KbGqpZ0ElrK,EVENT-260716-ElrK,Sterilized,2026-07-16T19:09:00.000Z,operator1.email.address@mybusiness.com,Sterilizer OUT,"{""run_id"":""recH9XtQ3GNRt9tvy"",""run_no"":""RUN-260716-9tvy"",""process_type"":""sterilize"",""unit_size"":2.5,""component_set"":null}",
rec1DD0c5SG9Z0Knz,EVENT-260228-0Knz,Sterilized,2026-02-28T18:29:00.000Z,Robert,Sterilizer OUT,"{""run_id"":""rec0JC7G8fTAXxlJZ"",""run_no"":""RUN-260228-xlJZ"",""process_type"":""sterilize"",""unit_size"":7.5}",
rec1EpQXR6EEn4lP9,EVENT-260424-4lP9,Sterilized,2026-04-24T07:30:00.000Z,Robert,Sterilizer OUT,"{""run_id"":""recCSZRx6w0VbzoXm"",""run_no"":""RUN-260424-zoXm"",""process_type"":""sterilize"",""unit_size"":2}",
rec1Gvmuc1ft7bW35,EVENT-251001-bW35,Sterilized,2025-10-01T20:38:00.000Z,system,Sterilizer OUT,"{""run_id"":""recZq84toSy7fiWCn"",""run_no"":""RUN-251001-iWCn"",""process_type"":""sterilize"",""unit_size"":5}",
rec1HVVXxAN73Mj0q,EVENT-260505-Mj0q,Sterilized,2026-05-05T22:22:14.543Z,system,Sterilizer OUT,"{""run_id"":""recNmAs6kOzTAInt8"",""run_no"":""RUN-260505-Int8"",""process_type"":""sterilize"",""unit_size"":2.5}",
rec1INgFH3NHLROkY,EVENT-260324-ROkY,Sterilized,2026-03-24T13:17:23.986Z,system,Sterilizer OUT,"{""run_id"":""recOSF8bNk5Sq0Acf"",""run_no"":""RUN-260324-0Acf"",""process_type"":""sterilize"",""unit_size"":2}",
rec1Ldg5w5HoKLkXs,EVENT-251007-LkXs,Pasteurized,2025-10-07T16:17:00.000Z,Ray,Sterilizer OUT,"{""run_id"":""recgARlUsOnnMosWG"",""run_no"":""RUN-251006-osWG"",""process_type"":""pasteurize"",""unit_size"":5}",
rec1N0cYuGMPG2b56,EVENT-251117-2b56,Pasteurized,2025-11-17T18:18:33.861Z,system,Sterilizer OUT,"{""run_id"":""reclx5p8uinIUCIfB"",""run_no"":""RUN-251117-CIfB"",""process_type"":""pasteurize"",""unit_size"":3}",
rec1ST28QleJArfm7,EVENT-260327-rfm7,Sterilized,2026-03-23T20:45:00.000Z,system,Sterilizer OUT,"{""run_id"":""rec8ZdEg2StmlxanB"",""run_no"":""RUN-260327-xanB"",""process_type"":""sterilize"",""unit_size"":400}",
rec1TX7QVYqDZGmiG,EVENT-260422-GmiG,Sterilized,2026-04-22T12:29:05.101Z,system,Sterilizer OUT,"{""run_id"":""recswN3XMcVEeXbvP"",""run_no"":""RUN-260422-XbvP"",""process_type"":""sterilize"",""unit_size"":5}",
rec1XBCL9XZwGaPaL,EVENT-260624-aPaL,Sterilized,2026-06-24T22:04:27.843Z,operator2.email.address@mybusiness.com,Sterilizer OUT,"{""run_id"":""rec8b9gwQ65FYFTYo"",""run_no"":""RUN-260623-FTYo"",""process_type"":""sterilize"",""unit_size"":1.5,""component_set"":null}",
rec1bguCpmhOS7v1Z,EVENT-260523-7v1Z,Sterilized,2026-05-23T19:07:25.243Z,Robert,Sterilizer OUT,"{""run_id"":""recT7cCdNjTLducvq"",""run_no"":""RUN-260523-ucvq"",""process_type"":""sterilize"",""unit_size"":2}",
rec1dJUhrwoCIV5wE,EVENT-251007-V5wE,Pasteurized,2025-10-07T16:17:00.000Z,Ray,Sterilizer OUT,"{""run_id"":""recgARlUsOnnMosWG"",""run_no"":""RUN-251006-osWG"",""process_type"":""pasteurize"",""unit_size"":5}",
rec1lSKfl7CQIJSkt,EVENT-260713-JSkt,SpawnedToBulk,,,Spawn to Bulk,"{""grain_input_ids"":[""recuFurbEVrwWYrz8""],""substrate_input_ids"":[""recmFku57yRtfqkub"",""receL0vTHMoY5B30M"",""recp7KLAsLcPgLVDJ""],""per_output_unit_size_lb"":3.1666666666666665,""output_item_code"":""FB-MM75-SM"",""output_index"":1,""output_count"":3}",
rec1mQnRHuxEnALxQ,EVENT-251121-ALxQ,Sterilized,2025-11-21T17:16:00.000Z,system,Sterilizer OUT,"{""run_id"":""rec7frnAiC4O8e5eA"",""run_no"":""RUN-251121-e5eA"",""process_type"":""sterilize"",""unit_size"":2.5}",
rec1omfnbAidYy0Do,EVENT-251213-y0Do,Sterilized,2025-12-13T13:17:00.000Z,system,Sterilizer OUT,"{""run_id"":""recyjDcb5rvR1lqIC"",""run_no"":""RUN-251213-lqIC"",""process_type"":""sterilize"",""unit_size"":7.5}",
rec1sJD2NwD4S4C7d,EVENT-251106-4C7d,Sterilized,2025-11-06T17:04:00.000Z,system,Sterilizer OUT,"{""run_id"":""recnZxnsSIKBiQUSS"",""run_no"":""RUN-251106-QUSS"",""process_type"":""sterilize"",""unit_size"":7.5}",
rec1u6BCnjoCQqjUW,EVENT-260116-qjUW,Sterilized,2026-01-16T16:17:00.000Z,system,Sterilizer OUT,"{""run_id"":""recrx6AxbFfK4CIF3"",""run_no"":""RUN-260116-CIF3"",""process_type"":""sterilize"",""unit_size"":7.5}",
rec1w1prOsstUyGlV,EVENT-250929-yGlV,Sterilized,2025-09-29T16:56:17.617Z,system,Sterilizer OUT,"{""run_id"":""rec05bWCGz5QaFIG6"",""run_no"":""RUN-250929-FIG6"",""process_type"":""sterilize"",""unit_size"":5}",
rec1yjzH6llStiUPZ,EVENT-251121-iUPZ,Sterilized,2025-11-21T17:16:00.000Z,system,Sterilizer OUT,"{""run_id"":""rec7frnAiC4O8e5eA"",""run_no"":""RUN-251121-e5eA"",""process_type"":""sterilize"",""unit_size"":2.5}",
rec20MIftZVfg7Z2e,EVENT-260525-7Z2e,Pasteurized,2026-05-25T18:58:06.442Z,Robert,Sterilizer OUT,"{""run_id"":""recgRAjPX8HKei2lj"",""run_no"":""RUN-260525-i2lj"",""process_type"":""pasteurize"",""unit_size"":5}",
rec22RKFDcJcimeS7,EVENT-251111-meS7,Sterilized,2025-10-06T16:33:00.000Z,system,Sterilizer OUT,"{""run_id"":""rec5eTB6PGFAwjp2X"",""run_no"":""RUN-251111-jp2X"",""process_type"":""sterilize"",""unit_size"":2}",
rec23HS54FT35uGU6,EVENT-260104-uGU6,Sterilized,2026-01-04T20:27:55.002Z,system,Sterilizer OUT,"{""run_id"":""recCK0tolQu6pAzbm"",""run_no"":""RUN-260104-Azbm"",""process_type"":""sterilize"",""unit_size"":5}",
rec2AFLKOpZAMLW5L,EVENT-260307-LW5L,Sterilized,2026-03-07T12:42:00.000Z,system,Sterilizer OUT,"{""run_id"":""recP2Xx5gAUDYMxKM"",""run_no"":""RUN-260307-MxKM"",""process_type"":""sterilize"",""unit_size"":2}",
rec2ApTnA1sbNYTPA,EVENT-260624-YTPA,Sterilized,2026-06-24T22:04:27.843Z,operator2.email.address@mybusiness.com,Sterilizer OUT,"{""run_id"":""rec8b9gwQ65FYFTYo"",""run_no"":""RUN-260623-FTYo"",""process_type"":""sterilize"",""unit_size"":1.5,""component_set"":null}",
rec2BzuAwp5Wm9b2P,EVENT-250929-9b2P,Sterilized,2025-05-01T15:52:00.000Z,system,Sterilizer OUT,"{""run_id"":""recHvjFAeDQH8qi6e"",""run_no"":""RUN-250929-qi6e"",""process_type"":""sterilize"",""unit_size"":500}",
rec2OSqBbMdaNa8dl,EVENT-250929-a8dl,Sterilized,2025-09-29T16:56:17.617Z,system,Sterilizer OUT,"{""run_id"":""rec05bWCGz5QaFIG6"",""run_no"":""RUN-250929-FIG6"",""process_type"":""sterilize"",""unit_size"":5}",
rec2OiR0wNbBxPRG5,EVENT-251110-PRG5,Sterilized,2025-11-10T23:45:00.000Z,system,Sterilizer OUT,"{""run_id"":""reczVlsRndrXCAWUz"",""run_no"":""RUN-251106-AWUz"",""process_type"":""sterilize"",""unit_size"":7.5}",
rec2PKr9HtwoG1hYb,EVENT-251213-1hYb,Sterilized,2025-05-24T17:31:00.000Z,system,Sterilizer OUT,"{""run_id"":""rec9j3VusnvUCMMk2"",""run_no"":""RUN-251213-MMk2"",""process_type"":""sterilize"",""unit_size"":2}",
rec2Qoub0jPKYwLxY,EVENT-260706-wLxY,SpawnedToBulk,,,Spawn to Bulk,"{""grain_input_ids"":[""reccNKmQ81Gw9tdqs""],""substrate_input_ids"":[""rec20crkKcED5G637"",""recFr4uYO9qmWoGlJ""],""per_output_unit_size_lb"":8.5,""output_item_code"":""FB-MM75-LG"",""output_index"":1,""output_count"":2}",
rec2RGVSDO2Hzf9f8,EVENT-260616-f9f8,Sterilized,2026-06-15T16:51:00.000Z,operator1.email.address@mybusiness.com,Sterilizer OUT,"{""run_id"":""reckkAU2IsJQACD2X"",""run_no"":""RUN-260615-CD2X"",""process_type"":""sterilize"",""unit_size"":1.75}",
rec2VXN7HPDYfDdjn,EVENT-251212-Ddjn,Sterilized,2025-12-06T18:17:00.000Z,system,Sterilizer OUT,"{""run_id"":""recf9lSLONsH3GW1m"",""run_no"":""RUN-251212-GW1m"",""process_type"":""sterilize"",""unit_size"":300}",
rec2X2pFiDCawFjMQ,EVENT-260716-FjMQ,Sterilized,2026-07-16T19:09:00.000Z,operator1.email.address@mybusiness.com,Sterilizer OUT,"{""run_id"":""recH9XtQ3GNRt9tvy"",""run_no"":""RUN-260716-9tvy"",""process_type"":""sterilize"",""unit_size"":2.5,""component_set"":null}",
rec2XyfJiZ1KFYEDb,EVENT-260616-YEDb,Sterilized,2026-06-15T16:51:00.000Z,operator1.email.address@mybusiness.com,Sterilizer OUT,"{""run_id"":""reckkAU2IsJQACD2X"",""run_no"":""RUN-260615-CD2X"",""process_type"":""sterilize"",""unit_size"":1.75}",
rec2ZuYhJBQ9FFcco,EVENT-251106-Fcco,Sterilized,2025-09-29T16:10:00.000Z,system,Sterilizer OUT,"{""run_id"":""recRHkSJc9nkDBSwG"",""run_no"":""RUN-251106-BSwG"",""process_type"":""sterilize"",""unit_size"":2.5}",
rec2bw7CrxHesS9OF,EVENT-250929-S9OF,Sterilized,2025-08-01T18:28:00.000Z,system,Sterilizer OUT,"{""run_id"":""reci6qyctBY2UEJbw"",""run_no"":""RUN-250929-EJbw"",""process_type"":""sterilize"",""unit_size"":5}",
rec2hnjHtnEI9jNUc,EVENT-260624-jNUc,Sterilized,2026-06-24T22:04:27.843Z,operator2.email.address@mybusiness.com,Sterilizer OUT,"{""run_id"":""rec8b9gwQ65FYFTYo"",""run_no"":""RUN-260623-FTYo"",""process_type"":""sterilize"",""unit_size"":1.5,""component_set"":null}",
rec2hswyfWqsynJG1,EVENT-251213-nJG1,Sterilized,2025-12-13T13:16:00.000Z,system,Sterilizer OUT,"{""run_id"":""recbpQro1A7CjLRoa"",""run_no"":""RUN-251213-LRoa"",""process_type"":""sterilize"",""unit_size"":2.5}",
rec2mTHoZP1KtQLSj,EVENT-260424-QLSj,Sterilized,2026-04-24T07:30:00.000Z,Robert,Sterilizer OUT,"{""run_id"":""recCSZRx6w0VbzoXm"",""run_no"":""RUN-260424-zoXm"",""process_type"":""sterilize"",""unit_size"":2}",
rec2n8HqeexRzTbNC,EVENT-251031-TbNC,Sterilized,2025-08-01T18:22:00.000Z,system,Sterilizer OUT,"{""run_id"":""recWF8fgbaNSXThS9"",""run_no"":""RUN-251031-ThS9"",""process_type"":""sterilize"",""unit_size"":7.5}",
rec2tcP37U9jSVJ9X,EVENT-251213-VJ9X,Destroyed,2025-12-13T13:16:00.000Z,system,Sterilizer OUT,"{""run_id"":""recbpQro1A7CjLRoa"",""run_no"":""RUN-251213-LRoa"",""process_type"":""sterilize""}",
rec2uulBHF64lSsU9,EVENT-251004-SsU9,Sterilized,2025-10-04T22:52:20.076Z,system,Sterilizer OUT,"{""run_id"":""recNYZ14Enhg7fwbw"",""run_no"":""RUN-251004-fwbw"",""process_type"":""sterilize"",""unit_size"":2.5}",
rec36RRudSITvqGjE,EVENT-251216-qGjE,Destroyed,2025-12-16T16:38:00.000Z,system,Sterilizer OUT,"{""run_id"":""recd8oY6zF8OChGI0"",""run_no"":""RUN-251213-hGI0"",""process_type"":""sterilize""}",
rec382gYfLn463fB4,EVENT-260624-3fB4,Sterilized,2026-06-24T22:15:41.781Z,operator2.email.address@mybusiness.com,Sterilizer OUT,"{""run_id"":""receqE6oTONWjkun8"",""run_no"":""RUN-260623-kun8"",""process_type"":""sterilize"",""unit_size"":5,""component_set"":""WBS_CVG_RIZ1""}",
rec38r7Ztnv9SD4V9,EVENT-251121-D4V9,Sterilized,2025-11-21T17:16:00.000Z,system,Sterilizer OUT,"{""run_id"":""rec7frnAiC4O8e5eA"",""run_no"":""RUN-251121-e5eA"",""process_type"":""sterilize"",""unit_size"":2.5}",
rec38vXeydqJ9mKic,EVENT-260616-mKic,Sterilized,2026-06-15T16:51:00.000Z,operator1.email.address@mybusiness.com,Sterilizer OUT,"{""run_id"":""reckkAU2IsJQACD2X"",""run_no"":""RUN-260615-CD2X"",""process_type"":""sterilize"",""unit_size"":1.75}",
rec3EExdY75pYFtTn,EVENT-251007-FtTn,Pasteurized,2025-10-07T16:17:00.000Z,Ray,Sterilizer OUT,"{""run_id"":""recgARlUsOnnMosWG"",""run_no"":""RUN-251006-osWG"",""process_type"":""pasteurize"",""unit_size"":5}",
rec3EMxempExH1qnY,EVENT-251218-1qnY,Sterilized,2025-12-18T16:45:53.270Z,system,Sterilizer OUT,"{""run_id"":""recK7rkZM477CArlH"",""run_no"":""RUN-251216-ArlH"",""process_type"":""sterilize"",""unit_size"":2}",
rec3HexmLmBAoo0Tk,EVENT-251106-o0Tk,Sterilized,2025-11-06T17:04:00.000Z,system,Sterilizer OUT,"{""run_id"":""recnZxnsSIKBiQUSS"",""run_no"":""RUN-251106-QUSS"",""process_type"":""sterilize"",""unit_size"":7.5}",
rec3Iiz2PNxrKMoVn,EVENT-251001-MoVn,Sterilized,2025-10-01T20:38:00.000Z,system,Sterilizer OUT,"{""run_id"":""recP4vPmWzLh4NPb6"",""run_no"":""RUN-251001-NPb6"",""process_type"":""sterilize"",""unit_size"":2}",
rec3M7QDgBddhcvh7,EVENT-251110-cvh7,Sterilized,2025-11-10T23:45:00.000Z,system,Sterilizer OUT,"{""run_id"":""reczVlsRndrXCAWUz"",""run_no"":""RUN-251106-AWUz"",""process_type"":""sterilize"",""unit_size"":7.5}",
rec3NN9z0LwP6gzw2,EVENT-260103-gzw2,Pasteurized,2026-01-03T18:06:18.361Z,system,Sterilizer OUT,"{""run_id"":""recnmVSmZQ40uboWR"",""run_no"":""RUN-260103-boWR"",""process_type"":""pasteurize"",""unit_size"":5}",
rec3VD5sglKVeS31F,EVENT-260523-S31F,Sterilized,2026-05-23T19:07:25.243Z,Robert,Sterilizer OUT,"{""run_id"":""recT7cCdNjTLducvq"",""run_no"":""RUN-260523-ucvq"",""process_type"":""sterilize"",""unit_size"":2}",
rec3ZT1a09fnCut50,EVENT-251111-ut50,Sterilized,2025-10-06T16:33:00.000Z,system,Sterilizer OUT,"{""run_id"":""rec5eTB6PGFAwjp2X"",""run_no"":""RUN-251111-jp2X"",""process_type"":""sterilize"",""unit_size"":2}",
rec3bR19jOx723lTN,EVENT-260505-3lTN,Destroyed,2026-05-05T22:22:14.543Z,system,Sterilizer OUT,"{""run_id"":""recNmAs6kOzTAInt8"",""run_no"":""RUN-260505-Int8"",""process_type"":""sterilize""}",
rec3h9YpLCKXeKPpj,EVENT-260307-KPpj,Sterilized,2026-03-07T12:42:00.000Z,system,Sterilizer OUT,"{""run_id"":""recP2Xx5gAUDYMxKM"",""run_no"":""RUN-260307-MxKM"",""process_type"":""sterilize"",""unit_size"":2}",
rec3hoeMlm4EMEBEA,EVENT-260505-EBEA,Destroyed,2026-05-05T22:22:14.543Z,system,Sterilizer OUT,"{""run_id"":""recNmAs6kOzTAInt8"",""run_no"":""RUN-260505-Int8"",""process_type"":""sterilize""}",
rec3hru6fEhpI1c5K,EVENT-260115-1c5K,Pasteurized,2026-01-15T13:54:00.000Z,system,Sterilizer OUT,"{""run_id"":""recwQHRE6XnoCuI8g"",""run_no"":""RUN-260115-uI8g"",""process_type"":""pasteurize"",""unit_size"":5}",
rec3lcj0tq5lP6X4i,EVENT-260716-6X4i,SpawnedToBulk,,,Spawn to Bulk,"{""grain_input_ids"":[""rec3j4FEb64EiScwX""],""substrate_input_ids"":[""rec0t4tXf7pubsWcD"",""recOebh3B6AuifYKs"",""recnYBktdkxdyESip""],""per_output_unit_size_lb"":3.1666666666666665,""output_item_code"":""FB-GENERIC"",""output_index"":1,""output_count"":3}",
rec3rgdRN6wXSGE9v,EVENT-260324-GE9v,Sterilized,2026-03-24T13:17:23.986Z,system,Sterilizer OUT,"{""run_id"":""recOSF8bNk5Sq0Acf"",""run_no"":""RUN-260324-0Acf"",""process_type"":""sterilize"",""unit_size"":2}",
rec466oequr9GPgj8,EVENT-251218-Pgj8,Sterilized,2025-12-18T16:45:53.270Z,system,Sterilizer OUT,"{""run_id"":""recK7rkZM477CArlH"",""run_no"":""RUN-251216-ArlH"",""process_type"":""sterilize"",""unit_size"":2}",
rec4BvLQwrcGrH0F5,EVENT-251202-H0F5,Sterilized,2025-12-02T23:27:42.233Z,system,Sterilizer OUT,"{""run_id"":""recNYZ14Enhg7fwbw"",""run_no"":""RUN-251004-fwbw"",""process_type"":""sterilize"",""unit_size"":2.5}",
rec4DSVrDHwpAE1YE,EVENT-250929-E1YE,Sterilized,2025-05-01T16:30:00.000Z,system,Sterilizer OUT,"{""run_id"":""rec5IxBX2con6PUNz"",""run_no"":""RUN-250929-PUNz"",""process_type"":""sterilize"",""unit_size"":2}",
rec4R2JTuw4Hwc6Qr,EVENT-260424-c6Qr,Sterilized,2026-04-24T07:30:00.000Z,Robert,Sterilizer OUT,"{""run_id"":""recCSZRx6w0VbzoXm"",""run_no"":""RUN-260424-zoXm"",""process_type"":""sterilize"",""unit_size"":2}",
rec4ReU09e9qSFZ4J,EVENT-260307-FZ4J,Sterilized,2026-03-07T12:42:00.000Z,system,Sterilizer OUT,"{""run_id"":""recP2Xx5gAUDYMxKM"",""run_no"":""RUN-260307-MxKM"",""process_type"":""sterilize"",""unit_size"":2}",
rec4Wx9u5fbS50Sr8,EVENT-251031-0Sr8,Sterilized,2025-10-30T19:34:00.000Z,Ray,Sterilizer OUT,"{""run_id"":""recUp0YyktIFcGwuf"",""run_no"":""RUN-251030-Gwuf"",""process_type"":""sterilize"",""unit_size"":500}",
rec4dZuWfNyUFGHm0,EVENT-251209-GHm0,Pasteurized,2025-12-09T19:58:00.000Z,system,Sterilizer OUT,"{""run_id"":""recDo8bycSvstzMxa"",""run_no"":""RUN-251209-zMxa"",""process_type"":""pasteurize"",""unit_size"":2.5}",
rec4f3uPzgBodX61a,EVENT-251001-X61a,Sterilized,2025-10-01T20:38:00.000Z,system,Sterilizer OUT,"{""run_id"":""recP4vPmWzLh4NPb6"",""run_no"":""RUN-251001-NPb6"",""process_type"":""sterilize"",""unit_size"":2}",
rec4hatVn0rgz6auW,EVENT-251218-6auW,Sterilized,2025-12-18T16:45:53.270Z,system,Sterilizer OUT,"{""run_id"":""recK7rkZM477CArlH"",""run_no"":""RUN-251216-ArlH"",""process_type"":""sterilize"",""unit_size"":2}",
rec4mE3aJlcoo00a1,EVENT-260216-00a1,Pasteurized,2026-02-16T23:15:39.467Z,system,Sterilizer OUT,"{""run_id"":""reck61MIwCHfvn4RL"",""run_no"":""RUN-260216-n4RL"",""process_type"":""pasteurize"",""unit_size"":2.5}",
rec4o72K4IGBZ0NME,EVENT-251213-0NME,Sterilized,2025-12-13T13:16:00.000Z,system,Sterilizer OUT,"{""run_id"":""recbpQro1A7CjLRoa"",""run_no"":""RUN-251213-LRoa"",""process_type"":""sterilize"",""unit_size"":2.5}",
rec4oBcxuxVEPDY1B,EVENT-260513-DY1B,Sterilized,2026-05-13T16:47:37.020Z,system,Sterilizer OUT,"{""run_id"":""recWAbeni0r7lEmMj"",""run_no"":""RUN-260512-EmMj"",""process_type"":""sterilize"",""unit_size"":500}",
rec4qzgqVweoEv7ZA,EVENT-251216-v7ZA,Destroyed,2025-12-16T16:38:00.000Z,system,Sterilizer OUT,"{""run_id"":""recd8oY6zF8OChGI0"",""run_no"":""RUN-251213-hGI0"",""process_type"":""sterilize""}",
rec4sv7GsIx6a8Pur,EVENT-260523-8Pur,Sterilized,2026-05-23T19:07:25.243Z,Robert,Sterilizer OUT,"{""run_id"":""recT7cCdNjTLducvq"",""run_no"":""RUN-260523-ucvq"",""process_type"":""sterilize"",""unit_size"":2}",
rec4tE5PKm04ojjCA,EVENT-260324-jjCA,Sterilized,2026-03-24T13:17:23.986Z,system,Sterilizer OUT,"{""run_id"":""recOSF8bNk5Sq0Acf"",""run_no"":""RUN-260324-0Acf"",""process_type"":""sterilize"",""unit_size"":2}",
rec4xw60n4sDKI84L,EVENT-260523-I84L,Sterilized,2026-05-23T19:07:25.243Z,Robert,Sterilizer OUT,"{""run_id"":""recT7cCdNjTLducvq"",""run_no"":""RUN-260523-ucvq"",""process_type"":""sterilize"",""unit_size"":2}",
rec515NjExwA53Z1c,EVENT-251213-3Z1c,Sterilized,2025-12-13T13:17:00.000Z,system,Sterilizer OUT,"{""run_id"":""recyjDcb5rvR1lqIC"",""run_no"":""RUN-251213-lqIC"",""process_type"":""sterilize"",""unit_size"":7.5}",
rec51F25HrKpdt7sQ,EVENT-260424-t7sQ,Sterilized,2026-04-24T07:30:00.000Z,Robert,Sterilizer OUT,"{""run_id"":""recCSZRx6w0VbzoXm"",""run_no"":""RUN-260424-zoXm"",""process_type"":""sterilize"",""unit_size"":2}",
rec51Rv734opl90qe,EVENT-260324-90qe,Sterilized,2026-03-24T13:17:23.986Z,system,Sterilizer OUT,"{""run_id"":""recOSF8bNk5Sq0Acf"",""run_no"":""RUN-260324-0Acf"",""process_type"":""sterilize"",""unit_size"":2}",
rec55BtfdhNx7B6JK,EVENT-251007-B6JK,Pasteurized,2025-10-07T16:17:00.000Z,Ray,Sterilizer OUT,"{""run_id"":""recgARlUsOnnMosWG"",""run_no"":""RUN-251006-osWG"",""process_type"":""pasteurize"",""unit_size"":5}",
rec55bmwzV2fIIbZE,EVENT-251218-IbZE,Sterilized,2025-12-18T16:45:53.270Z,system,Sterilizer OUT,"{""run_id"":""recK7rkZM477CArlH"",""run_no"":""RUN-251216-ArlH"",""process_type"":""sterilize"",""unit_size"":2}",
rec56qOQdraBL1Owc,EVENT-251117-1Owc,Pasteurized,2025-11-17T18:18:33.861Z,system,Sterilizer OUT,"{""run_id"":""reclx5p8uinIUCIfB"",""run_no"":""RUN-251117-CIfB"",""process_type"":""pasteurize"",""unit_size"":3}",
rec5ARfisJlwV26IA,EVENT-260623-26IA,Consumed,,,Spawn to Bulk,"{""consumed_by_lot_ids"":[""recuLAUWe3qQSsa0K"",""recOjkXgabdpzzYKy"",""rec3OEH44G15YMWGx""]}",
rec5AfN5Qm1vPNC9D,EVENT-251117-NC9D,Pasteurized,2025-11-17T18:18:33.861Z,system,Sterilizer OUT,"{""run_id"":""reclx5p8uinIUCIfB"",""run_no"":""RUN-251117-CIfB"",""process_type"":""pasteurize"",""unit_size"":3}",
rec5C8MdjVcHQvddc,EVENT-251121-vddc,Sterilized,2025-11-21T17:16:00.000Z,system,Sterilizer OUT,"{""run_id"":""rec7frnAiC4O8e5eA"",""run_no"":""RUN-251121-e5eA"",""process_type"":""sterilize"",""unit_size"":2.5}",
rec5OFAgzSh9d4XDf,EVENT-260513-4XDf,Sterilized,2026-05-13T16:47:37.020Z,system,Sterilizer OUT,"{""run_id"":""recWAbeni0r7lEmMj"",""run_no"":""RUN-260512-EmMj"",""process_type"":""sterilize"",""unit_size"":500}",
rec5T4IOrd18jYlJ9,EVENT-251106-YlJ9,Sterilized,2025-11-06T17:04:00.000Z,system,Sterilizer OUT,"{""run_id"":""recnZxnsSIKBiQUSS"",""run_no"":""RUN-251106-QUSS"",""process_type"":""sterilize"",""unit_size"":7.5}",
rec5UyktcyDaNohm6,EVENT-260716-ohm6,Sterilized,2026-07-16T19:09:00.000Z,operator1.email.address@mybusiness.com,Sterilizer OUT,"{""run_id"":""recH9XtQ3GNRt9tvy"",""run_no"":""RUN-260716-9tvy"",""process_type"":""sterilize"",""unit_size"":2.5,""component_set"":null}",
rec5VcABPzJu0ge95,EVENT-250929-ge95,Sterilized,2025-08-01T18:28:00.000Z,system,Sterilizer OUT,"{""run_id"":""reci6qyctBY2UEJbw"",""run_no"":""RUN-250929-EJbw"",""process_type"":""sterilize"",""unit_size"":5}",
rec5bQmTGyK6rhK7z,EVENT-260422-hK7z,Sterilized,2026-04-22T12:29:05.101Z,system,Sterilizer OUT,"{""run_id"":""recswN3XMcVEeXbvP"",""run_no"":""RUN-260422-XbvP"",""process_type"":""sterilize"",""unit_size"":5}",
rec5cuZCL28aXma6D,EVENT-260228-ma6D,Sterilized,2026-02-28T18:29:00.000Z,Robert,Sterilizer OUT,"{""run_id"":""rec0JC7G8fTAXxlJZ"",""run_no"":""RUN-260228-xlJZ"",""process_type"":""sterilize"",""unit_size"":7.5}",
rec5dPKnD44bBTpO2,EVENT-251212-TpO2,Sterilized,2025-12-06T18:17:00.000Z,system,Sterilizer OUT,"{""run_id"":""recf9lSLONsH3GW1m"",""run_no"":""RUN-251212-GW1m"",""process_type"":""sterilize"",""unit_size"":300}",
rec5mKsZemaTTTGJE,EVENT-251001-TGJE,Sterilized,2025-10-01T20:38:00.000Z,system,Sterilizer OUT,"{""run_id"":""recP4vPmWzLh4NPb6"",""run_no"":""RUN-251001-NPb6"",""process_type"":""sterilize"",""unit_size"":2}",
rec5tru2FkfTraoKq,EVENT-260523-aoKq,Sterilized,2026-05-23T19:07:25.243Z,Robert,Sterilizer OUT,"{""run_id"":""recT7cCdNjTLducvq"",""run_no"":""RUN-260523-ucvq"",""process_type"":""sterilize"",""unit_size"":2}",
rec5zwxlQj5wKf8CE,EVENT-260117-f8CE,Sterilized,2026-01-17T13:35:00.000Z,system,Sterilizer OUT,"{""run_id"":""recnsscrJxfGLlP8i"",""run_no"":""RUN-260117-lP8i"",""process_type"":""sterilize"",""unit_size"":2.5}",
rec612gQdCNPElQfj,EVENT-260523-lQfj,Sterilized,2026-05-23T19:07:25.243Z,Robert,Sterilizer OUT,"{""run_id"":""recT7cCdNjTLducvq"",""run_no"":""RUN-260523-ucvq"",""process_type"":""sterilize"",""unit_size"":2}",
rec61emAIU12vCBmr,EVENT-251121-CBmr,Sterilized,2025-11-21T17:16:00.000Z,system,Sterilizer OUT,"{""run_id"":""rec7frnAiC4O8e5eA"",""run_no"":""RUN-251121-e5eA"",""process_type"":""sterilize"",""unit_size"":2.5}",
rec62fCrI7RlmtH0a,EVENT-260305-tH0a,Sterilized,2026-03-05T17:21:04.594Z,Robert,Sterilizer OUT,"{""run_id"":""recrCRbHVGXTgst5W"",""run_no"":""RUN-260305-st5W"",""process_type"":""sterilize"",""unit_size"":7.5}",
rec65xfZig4jgJ2dC,EVENT-260330-J2dC,Sterilized,2026-03-30T17:39:50.874Z,system,Sterilizer OUT,"{""run_id"":""rect5WtJiGG4WFH27"",""run_no"":""RUN-260327-FH27"",""process_type"":""sterilize"",""unit_size"":500}",
rec67QDYneaMhuZaM,EVENT-250929-uZaM,Sterilized,2025-08-01T18:28:00.000Z,system,Sterilizer OUT,"{""run_id"":""reci6qyctBY2UEJbw"",""run_no"":""RUN-250929-EJbw"",""process_type"":""sterilize"",""unit_size"":5}",
rec67nx8PSyRm1dsg,EVENT-260622-1dsg,Pasteurized,2026-06-22T16:35:00.000Z,operator1.email.address@mybusiness.com,Sterilizer OUT,"{""run_id"":""recPbl4pQNxvxqso0"",""run_no"":""RUN-260622-qso0"",""process_type"":""pasteurize"",""unit_size"":5}",
rec68tQSQfrLktdJu,EVENT-260104-tdJu,Sterilized,2026-01-04T20:27:19.381Z,system,Sterilizer OUT,"{""run_id"":""recA4XgFrJ5Ddr9au"",""run_no"":""RUN-260104-r9au"",""process_type"":""sterilize"",""unit_size"":2}",
rec6E4FByHaM1uY1F,EVENT-251006-uY1F,Sterilized,2025-10-06T13:51:00.000Z,system,Sterilizer OUT,"{""run_id"":""recZ5UNgT0575CXLE"",""run_no"":""RUN-251001-CXLE"",""process_type"":""sterilize"",""unit_size"":2}",
rec6G4TvOZfV5YVzX,EVENT-260713-YVzX,Contaminated,2026-07-13T21:00:20.757Z,,Dark Room,{},
rec6HOt5XlOdU7BRj,EVENT-260424-7BRj,Sterilized,2026-04-24T07:30:00.000Z,Robert,Sterilizer OUT,"{""run_id"":""recCSZRx6w0VbzoXm"",""run_no"":""RUN-260424-zoXm"",""process_type"":""sterilize"",""unit_size"":2}",
rec6LlbZQuiNl0qM2,EVENT-251121-0qM2,Sterilized,2025-11-21T17:16:00.000Z,system,Sterilizer OUT,"{""run_id"":""rec7frnAiC4O8e5eA"",""run_no"":""RUN-251121-e5eA"",""process_type"":""sterilize"",""unit_size"":2.5}",
rec6MUhbTotaoSJeM,EVENT-260424-SJeM,Sterilized,2026-04-24T07:30:00.000Z,Robert,Sterilizer OUT,"{""run_id"":""recCSZRx6w0VbzoXm"",""run_no"":""RUN-260424-zoXm"",""process_type"":""sterilize"",""unit_size"":2}",
rec6PMJVeLDH8A3yB,EVENT-250929-A3yB,Sterilized,2025-05-01T16:30:00.000Z,system,Sterilizer OUT,"{""run_id"":""rec5IxBX2con6PUNz"",""run_no"":""RUN-250929-PUNz"",""process_type"":""sterilize"",""unit_size"":2}",
rec6nR2pCPVN0Oi4S,EVENT-251121-Oi4S,Sterilized,2025-11-21T17:16:00.000Z,system,Sterilizer OUT,"{""run_id"":""rec7frnAiC4O8e5eA"",""run_no"":""RUN-251121-e5eA"",""process_type"":""sterilize"",""unit_size"":2.5}",
rec6nxDTDfDS44xqE,EVENT-260525-4xqE,Pasteurized,2026-05-25T18:58:06.442Z,Robert,Sterilizer OUT,"{""run_id"":""recgRAjPX8HKei2lj"",""run_no"":""RUN-260525-i2lj"",""process_type"":""pasteurize"",""unit_size"":5}",
rec6sKmWcjQTMo3DV,EVENT-251212-o3DV,Sterilized,2025-12-06T18:17:00.000Z,system,Sterilizer OUT,"{""run_id"":""recf9lSLONsH3GW1m"",""run_no"":""RUN-251212-GW1m"",""process_type"":""sterilize"",""unit_size"":300}",
rec6yByV0vS5SJhab,EVENT-260505-Jhab,Destroyed,2026-05-05T22:22:14.543Z,system,Sterilizer OUT,"{""run_id"":""recNmAs6kOzTAInt8"",""run_no"":""RUN-260505-Int8"",""process_type"":""sterilize""}",
rec6zLrgToLuHkN0b,EVENT-260103-kN0b,Pasteurized,2026-01-03T18:06:18.361Z,system,Sterilizer OUT,"{""run_id"":""recnmVSmZQ40uboWR"",""run_no"":""RUN-260103-boWR"",""process_type"":""pasteurize"",""unit_size"":5}",
rec71cWc5Jbn3MvgU,EVENT-251007-MvgU,Pasteurized,2025-10-07T16:17:00.000Z,Ray,Sterilizer OUT,"{""run_id"":""recgARlUsOnnMosWG"",""run_no"":""RUN-251006-osWG"",""process_type"":""pasteurize"",""unit_size"":5}",
rec74ockZSIuz97ua,EVENT-251121-97ua,Sterilized,2025-11-21T17:16:00.000Z,system,Sterilizer OUT,"{""run_id"":""rec7frnAiC4O8e5eA"",""run_no"":""RUN-251121-e5eA"",""process_type"":""sterilize"",""unit_size"":2.5}",
rec75emjCkDP6QynH,EVENT-260324-QynH,Sterilized,2026-03-24T13:17:23.986Z,system,Sterilizer OUT,"{""run_id"":""recOSF8bNk5Sq0Acf"",""run_no"":""RUN-260324-0Acf"",""process_type"":""sterilize"",""unit_size"":2}",
rec78Bw7aEguRgDjw,EVENT-250929-gDjw,Sterilized,2025-09-29T16:56:17.617Z,system,Sterilizer OUT,"{""run_id"":""rec05bWCGz5QaFIG6"",""run_no"":""RUN-250929-FIG6"",""process_type"":""sterilize"",""unit_size"":5}",
rec7CaURt3SquWX6t,EVENT-250929-WX6t,Sterilized,2025-05-01T16:30:00.000Z,system,Sterilizer OUT,"{""run_id"":""rec5IxBX2con6PUNz"",""run_no"":""RUN-250929-PUNz"",""process_type"":""sterilize"",""unit_size"":2}",
rec7HpPRItLay3wmm,EVENT-251111-3wmm,Sterilized,2025-10-06T16:33:00.000Z,system,Sterilizer OUT,"{""run_id"":""rec5eTB6PGFAwjp2X"",""run_no"":""RUN-251111-jp2X"",""process_type"":""sterilize"",""unit_size"":2}",
rec7OQRFUjE5wzC29,EVENT-260307-zC29,Sterilized,2026-03-07T12:42:00.000Z,system,Sterilizer OUT,"{""run_id"":""recP2Xx5gAUDYMxKM"",""run_no"":""RUN-260307-MxKM"",""process_type"":""sterilize"",""unit_size"":2}",
rec7OYdasdwu1Q4ip,EVENT-251216-Q4ip,Destroyed,2025-12-16T16:38:00.000Z,system,Sterilizer OUT,"{""run_id"":""recd8oY6zF8OChGI0"",""run_no"":""RUN-251213-hGI0"",""process_type"":""sterilize""}",
rec7T5kTEZOERIYsV,EVENT-260310-IYsV,Pasteurized,2026-03-10T18:23:50.693Z,Robert,Sterilizer OUT,"{""run_id"":""recBjYHAjvHFNP65d"",""run_no"":""RUN-260310-P65d"",""process_type"":""pasteurize"",""unit_size"":5}",
rec7TEawtril8WxDJ,EVENT-260505-WxDJ,Destroyed,2026-05-05T22:22:14.543Z,system,Sterilizer OUT,"{""run_id"":""recNmAs6kOzTAInt8"",""run_no"":""RUN-260505-Int8"",""process_type"":""sterilize""}",
rec7UtQXQWFiUnhDo,EVENT-251229-nhDo,Pasteurized,2025-12-29T19:44:27.969Z,system,Sterilizer OUT,"{""run_id"":""recKMrStfLoJWj1I6"",""run_no"":""RUN-251229-j1I6"",""process_type"":""pasteurize"",""unit_size"":2.5}",
rec7WUFU8G8eeOHOp,EVENT-260629-OHOp,Sterilized,2026-06-29T20:53:00.000Z,system,Sterilizer OUT,"{""run_id"":""recwjKJcMtXVRXJNz"",""run_no"":""RUN-260629-XJNz"",""process_type"":""sterilize"",""unit_size"":5,""component_set"":null}",
rec7peEJ6n0Jc3utx,EVENT-260523-3utx,Sterilized,2026-05-23T19:07:25.243Z,Robert,Sterilizer OUT,"{""run_id"":""recT7cCdNjTLducvq"",""run_no"":""RUN-260523-ucvq"",""process_type"":""sterilize"",""unit_size"":2}",
rec7se1ngri3A2gXX,EVENT-260422-2gXX,Sterilized,2026-04-22T12:29:05.101Z,system,Sterilizer OUT,"{""run_id"":""recswN3XMcVEeXbvP"",""run_no"":""RUN-260422-XbvP"",""process_type"":""sterilize"",""unit_size"":5}",
rec7tdzZ9M9uvKBvm,EVENT-260716-KBvm,Sterilized,2026-07-16T19:09:00.000Z,operator1.email.address@mybusiness.com,Sterilizer OUT,"{""run_id"":""recH9XtQ3GNRt9tvy"",""run_no"":""RUN-260716-9tvy"",""process_type"":""sterilize"",""unit_size"":2.5,""component_set"":null}",
rec7wkx1QX6ThU882,EVENT-251218-U882,Sterilized,2025-12-18T16:45:53.270Z,system,Sterilizer OUT,"{""run_id"":""recK7rkZM477CArlH"",""run_no"":""RUN-251216-ArlH"",""process_type"":""sterilize"",""unit_size"":2}",
rec81Wz17gJ34Xb1o,EVENT-251106-Xb1o,Destroyed,2025-11-06T17:02:00.000Z,system,Sterilizer OUT,"{""run_id"":""recUJVuiWCggzJU5w"",""run_no"":""RUN-251102-JU5w"",""process_type"":""sterilize""}",
rec82HDkpzcjShwqo,EVENT-251212-hwqo,Sterilized,2025-12-06T18:17:00.000Z,system,Sterilizer OUT,"{""run_id"":""recf9lSLONsH3GW1m"",""run_no"":""RUN-251212-GW1m"",""process_type"":""sterilize"",""unit_size"":300}",
rec83fwlVOyr5MfZ4,EVENT-251112-MfZ4,Pasteurized,2025-11-12T19:14:00.000Z,system,Sterilizer OUT,"{""run_id"":""recQHItBShPyIc3HD"",""run_no"":""RUN-251111-c3HD"",""process_type"":""pasteurize"",""unit_size"":5}",
rec86aVXwBZYSVR6x,EVENT-260505-VR6x,Sterilized,2026-05-05T22:22:14.543Z,system,Sterilizer OUT,"{""run_id"":""recNmAs6kOzTAInt8"",""run_no"":""RUN-260505-Int8"",""process_type"":""sterilize"",""unit_size"":2.5}",
rec884PtiONTepZzc,EVENT-251008-pZzc,Sterilized,2025-10-08T11:17:00.000Z,Ray,Sterilizer OUT,"{""run_id"":""recdkaSPElUbPxgL9"",""run_no"":""RUN-251007-xgL9"",""process_type"":""sterilize"",""unit_size"":300}",
rec88moZl7nEPZZW7,EVENT-260216-ZZW7,Pasteurized,2026-02-16T23:15:57.425Z,system,Sterilizer OUT,"{""run_id"":""recJCeCBGXBTRPBSS"",""run_no"":""RUN-260216-PBSS"",""process_type"":""pasteurize"",""unit_size"":5}",
rec88oIu7LSTQWTn1,EVENT-260324-WTn1,Sterilized,2026-03-24T13:17:23.986Z,system,Sterilizer OUT,"{""run_id"":""recOSF8bNk5Sq0Acf"",""run_no"":""RUN-260324-0Acf"",""process_type"":""sterilize"",""unit_size"":2}",
rec8BtAn8BS9wtoay,EVENT-260104-toay,Sterilized,2026-01-04T20:27:19.381Z,system,Sterilizer OUT,"{""run_id"":""recA4XgFrJ5Ddr9au"",""run_no"":""RUN-260104-r9au"",""process_type"":""sterilize"",""unit_size"":2}",
rec8BxeguEsVqBhQI,EVENT-251209-BhQI,Pasteurized,2025-12-09T20:03:00.000Z,system,Sterilizer OUT,"{""run_id"":""reczO19IW9jGWPeeq"",""run_no"":""RUN-251209-Peeq"",""process_type"":""pasteurize"",""unit_size"":5}",
rec8CNmNeWe4yt9pz,EVENT-260116-t9pz,Destroyed,2026-01-16T16:17:00.000Z,system,Sterilizer OUT,"{""run_id"":""recrx6AxbFfK4CIF3"",""run_no"":""RUN-260116-CIF3"",""process_type"":""sterilize""}",
rec8GM7ZsLCNoMpFZ,EVENT-251218-MpFZ,Sterilized,2025-12-18T16:45:53.270Z,system,Sterilizer OUT,"{""run_id"":""recK7rkZM477CArlH"",""run_no"":""RUN-251216-ArlH"",""process_type"":""sterilize"",""unit_size"":2}",
rec8LLsqv0KTE45yZ,EVENT-251117-45yZ,Pasteurized,2025-11-17T18:18:33.861Z,system,Sterilizer OUT,"{""run_id"":""reclx5p8uinIUCIfB"",""run_no"":""RUN-251117-CIfB"",""process_type"":""pasteurize"",""unit_size"":3}",
rec8M0Os9BcK3x3Ja,EVENT-260104-x3Ja,Sterilized,2026-01-04T20:27:19.381Z,system,Sterilizer OUT,"{""run_id"":""recA4XgFrJ5Ddr9au"",""run_no"":""RUN-260104-r9au"",""process_type"":""sterilize"",""unit_size"":2}",
rec8R18EbuuGewWl8,EVENT-251031-wWl8,Sterilized,2025-08-01T18:22:00.000Z,system,Sterilizer OUT,"{""run_id"":""recWF8fgbaNSXThS9"",""run_no"":""RUN-251031-ThS9"",""process_type"":""sterilize"",""unit_size"":7.5}",
rec8R62QrcUWY1NsZ,EVENT-260519-1NsZ,Sterilized,2026-05-19T18:36:15.927Z,Robert,Sterilizer OUT,"{""run_id"":""recCzwiynOzb8UQbk"",""run_no"":""RUN-260519-UQbk"",""process_type"":""sterilize"",""unit_size"":7.5}",
rec8afET6o7eU9j2r,EVENT-260104-9j2r,Sterilized,2026-01-04T20:27:19.381Z,system,Sterilizer OUT,"{""run_id"":""recA4XgFrJ5Ddr9au"",""run_no"":""RUN-260104-r9au"",""process_type"":""sterilize"",""unit_size"":2}",
rec8caSAPHbPDDQGO,EVENT-260716-DQGO,Sterilized,2026-07-16T19:09:00.000Z,operator1.email.address@mybusiness.com,Sterilizer OUT,"{""run_id"":""recH9XtQ3GNRt9tvy"",""run_no"":""RUN-260716-9tvy"",""process_type"":""sterilize"",""unit_size"":2.5,""component_set"":null}",
rec8ehtwMmRnRFA8t,EVENT-251209-FA8t,Pasteurized,2025-12-09T19:58:00.000Z,system,Sterilizer OUT,"{""run_id"":""recDo8bycSvstzMxa"",""run_no"":""RUN-251209-zMxa"",""process_type"":""pasteurize"",""unit_size"":2.5}",
rec8fDwgf2ySl8EcL,EVENT-260104-8EcL,Sterilized,2026-01-04T20:27:19.381Z,system,Sterilizer OUT,"{""run_id"":""recA4XgFrJ5Ddr9au"",""run_no"":""RUN-260104-r9au"",""process_type"":""sterilize"",""unit_size"":2}",
rec8jF4RroHxApHlY,EVENT-260622-pHlY,Pasteurized,2026-06-22T16:35:00.000Z,operator1.email.address@mybusiness.com,Sterilizer OUT,"{""run_id"":""recPbl4pQNxvxqso0"",""run_no"":""RUN-260622-qso0"",""process_type"":""pasteurize"",""unit_size"":5}",
rec8pmeYBuLXZlRb2,EVENT-260115-lRb2,Pasteurized,2026-01-15T13:54:00.000Z,system,Sterilizer OUT,"{""run_id"":""recwQHRE6XnoCuI8g"",""run_no"":""RUN-260115-uI8g"",""process_type"":""pasteurize"",""unit_size"":5}",
rec8wEiyun8p2BNDS,EVENT-251212-BNDS,Sterilized,2025-12-06T18:17:00.000Z,system,Sterilizer OUT,"{""run_id"":""recf9lSLONsH3GW1m"",""run_no"":""RUN-251212-GW1m"",""process_type"":""sterilize"",""unit_size"":300}",
rec8yJiunN1cEf6KX,EVENT-260228-f6KX,Sterilized,2026-02-28T18:29:00.000Z,Robert,Sterilizer OUT,"{""run_id"":""rec0JC7G8fTAXxlJZ"",""run_no"":""RUN-260228-xlJZ"",""process_type"":""sterilize"",""unit_size"":7.5}",
rec90Om3t1bnpSaE6,EVENT-260624-SaE6,Sterilized,2026-06-24T22:04:27.843Z,operator2.email.address@mybusiness.com,Sterilizer OUT,"{""run_id"":""rec8b9gwQ65FYFTYo"",""run_no"":""RUN-260623-FTYo"",""process_type"":""sterilize"",""unit_size"":1.5,""component_set"":null}",
rec92NpyuIa5aoerK,EVENT-260324-oerK,Sterilized,2026-03-24T13:17:23.986Z,system,Sterilizer OUT,"{""run_id"":""recOSF8bNk5Sq0Acf"",""run_no"":""RUN-260324-0Acf"",""process_type"":""sterilize"",""unit_size"":2}",
rec941YIeB3V8wSDE,EVENT-260624-wSDE,Sterilized,2026-06-24T22:15:41.781Z,operator2.email.address@mybusiness.com,Sterilizer OUT,"{""run_id"":""receqE6oTONWjkun8"",""run_no"":""RUN-260623-kun8"",""process_type"":""sterilize"",""unit_size"":5,""component_set"":""WBS_CVG_RIZ1""}",
rec95n8Rf4FdA5Rli,EVENT-260310-5Rli,Pasteurized,2026-03-10T18:23:50.693Z,Robert,Sterilizer OUT,"{""run_id"":""recBjYHAjvHFNP65d"",""run_no"":""RUN-260310-P65d"",""process_type"":""pasteurize"",""unit_size"":5}",
rec9A5Ey7QCzJyIzY,EVENT-260103-yIzY,Pasteurized,2026-01-03T18:06:18.361Z,system,Sterilizer OUT,"{""run_id"":""recnmVSmZQ40uboWR"",""run_no"":""RUN-260103-boWR"",""process_type"":""pasteurize"",""unit_size"":5}",
rec9AbzTkjmeb7dbn,EVENT-260523-7dbn,Sterilized,2026-05-23T19:07:25.243Z,Robert,Sterilizer OUT,"{""run_id"":""recT7cCdNjTLducvq"",""run_no"":""RUN-260523-ucvq"",""process_type"":""sterilize"",""unit_size"":2}",
rec9DimCyZcXD5O65,EVENT-260512-5O65,Sterilized,2026-05-12T15:21:55.005Z,system,Sterilizer OUT,"{""run_id"":""rec0NcLKQYHfN0M5j"",""run_no"":""RUN-260512-0M5j"",""process_type"":""sterilize"",""unit_size"":500}",
rec9KiTZpP4KCUWX6,EVENT-260324-UWX6,Sterilized,2026-03-24T13:17:23.986Z,system,Sterilizer OUT,"{""run_id"":""recOSF8bNk5Sq0Acf"",""run_no"":""RUN-260324-0Acf"",""process_type"":""sterilize"",""unit_size"":2}",
rec9PVImVd6NksNWN,EVENT-250929-sNWN,Sterilized,2025-08-01T18:28:00.000Z,system,Sterilizer OUT,"{""run_id"":""reci6qyctBY2UEJbw"",""run_no"":""RUN-250929-EJbw"",""process_type"":""sterilize"",""unit_size"":5}",
rec9TCzPt2gpepBC0,EVENT-260116-pBC0,Sterilized,2026-01-16T16:17:00.000Z,system,Sterilizer OUT,"{""run_id"":""recrx6AxbFfK4CIF3"",""run_no"":""RUN-260116-CIF3"",""process_type"":""sterilize"",""unit_size"":7.5}",
rec9YtozhONI9cXtQ,EVENT-260616-cXtQ,Sterilized,2026-06-15T16:51:00.000Z,operator1.email.address@mybusiness.com,Sterilizer OUT,"{""run_id"":""reckkAU2IsJQACD2X"",""run_no"":""RUN-260615-CD2X"",""process_type"":""sterilize"",""unit_size"":1.75}",
rec9bdx7Yk6gFVwFK,EVENT-260505-VwFK,Sterilized,2026-05-05T22:23:00.000Z,system,Sterilizer OUT,"{""run_id"":""recGGBddzBqYNmguh"",""run_no"":""RUN-260505-mguh"",""process_type"":""sterilize"",""unit_size"":7.5}",
rec9d4N9VVpRFfwmc,EVENT-260104-fwmc,Sterilized,2026-01-04T20:27:19.381Z,system,Sterilizer OUT,"{""run_id"":""recA4XgFrJ5Ddr9au"",""run_no"":""RUN-260104-r9au"",""process_type"":""sterilize"",""unit_size"":2}",
rec9uj4MnuTPI7ycm,EVENT-251209-7ycm,Pasteurized,2025-12-09T19:58:00.000Z,system,Sterilizer OUT,"{""run_id"":""recDo8bycSvstzMxa"",""run_no"":""RUN-251209-zMxa"",""process_type"":""pasteurize"",""unit_size"":2.5}",
recA03VfOhgYImWCP,EVENT-260330-mWCP,Sterilized,2026-03-30T16:15:34.671Z,system,Sterilizer OUT,"{""run_id"":""recpFcbTcKrw3DX6J"",""run_no"":""RUN-260327-DX6J"",""process_type"":""sterilize"",""unit_size"":500}",
recA17b3NzFUhcnv0,EVENT-260523-cnv0,Sterilized,2026-05-23T19:07:25.243Z,Robert,Sterilizer OUT,"{""run_id"":""recT7cCdNjTLducvq"",""run_no"":""RUN-260523-ucvq"",""process_type"":""sterilize"",""unit_size"":2}",
recA3KLZjXPb8eI87,EVENT-260523-eI87,Sterilized,2026-05-23T19:07:25.243Z,Robert,Sterilizer OUT,"{""run_id"":""recT7cCdNjTLducvq"",""run_no"":""RUN-260523-ucvq"",""process_type"":""sterilize"",""unit_size"":2}",
recA4hp9uLtydj7kn,EVENT-251212-j7kn,Sterilized,2025-12-06T18:17:00.000Z,system,Sterilizer OUT,"{""run_id"":""recf9lSLONsH3GW1m"",""run_no"":""RUN-251212-GW1m"",""process_type"":""sterilize"",""unit_size"":300}",
recAHZILsh4FtwGLI,EVENT-251121-wGLI,Sterilized,2025-11-21T17:16:00.000Z,system,Sterilizer OUT,"{""run_id"":""rec7frnAiC4O8e5eA"",""run_no"":""RUN-251121-e5eA"",""process_type"":""sterilize"",""unit_size"":2.5}",
recALBczXgYpDfXwL,EVENT-260103-fXwL,Pasteurized,2026-01-03T18:06:18.361Z,system,Sterilizer OUT,"{""run_id"":""recnmVSmZQ40uboWR"",""run_no"":""RUN-260103-boWR"",""process_type"":""pasteurize"",""unit_size"":5}",
recAPOCs7QSqP49tD,EVENT-260716-49tD,Sterilized,2026-07-16T19:09:00.000Z,operator1.email.address@mybusiness.com,Sterilizer OUT,"{""run_id"":""recH9XtQ3GNRt9tvy"",""run_no"":""RUN-260716-9tvy"",""process_type"":""sterilize"",""unit_size"":2.5,""component_set"":null}",
recAQd1gxa5EbUWIc,EVENT-260629-UWIc,Sterilized,2026-06-29T20:52:53.810Z,operator2.email.address@mybusiness.com,Sterilizer OUT,"{""run_id"":""recmOfj55C1iwlLVT"",""run_no"":""RUN-260629-lLVT"",""process_type"":""sterilize"",""unit_size"":3,""component_set"":""WBS_CVG_RIZ1""}",
recAROM3DhNbLnvHp,EVENT-251110-nvHp,Sterilized,2025-11-10T23:46:00.000Z,system,Sterilizer OUT,"{""run_id"":""recxW13KV0ZcwxqUF"",""run_no"":""RUN-251106-xqUF"",""process_type"":""sterilize"",""unit_size"":2.5}",
recAZP4d2qs9TJDUg,EVENT-260630-JDUg,Consumed,,,Spawn to Bulk,"{""consumed_by_lot_ids"":[""recMwVmnXlCj30A74"",""rec8cGeLNltOl6191"",""recZRXkEb8zTzIPsw""]}",
recAjsduyhHZ97ySZ,EVENT-260216-7ySZ,Pasteurized,2026-02-16T23:15:39.467Z,system,Sterilizer OUT,"{""run_id"":""reck61MIwCHfvn4RL"",""run_no"":""RUN-260216-n4RL"",""process_type"":""pasteurize"",""unit_size"":2.5}",
recAkGFSgUkJXDytg,EVENT-260424-Dytg,Sterilized,2026-04-24T07:30:00.000Z,Robert,Sterilizer OUT,"{""run_id"":""recCSZRx6w0VbzoXm"",""run_no"":""RUN-260424-zoXm"",""process_type"":""sterilize"",""unit_size"":2}",
recAkKUeUkYlxhNkw,EVENT-250929-hNkw,Sterilized,2025-08-01T18:28:00.000Z,system,Sterilizer OUT,"{""run_id"":""reci6qyctBY2UEJbw"",""run_no"":""RUN-250929-EJbw"",""process_type"":""sterilize"",""unit_size"":5}",
recAmzNHpE6xypRdt,EVENT-260104-pRdt,Sterilized,2026-01-04T20:27:19.381Z,system,Sterilizer OUT,"{""run_id"":""recA4XgFrJ5Ddr9au"",""run_no"":""RUN-260104-r9au"",""process_type"":""sterilize"",""unit_size"":2}",
recAn4ZkBnknaXkV1,EVENT-260523-XkV1,Sterilized,2026-05-23T19:07:25.243Z,Robert,Sterilizer OUT,"{""run_id"":""recT7cCdNjTLducvq"",""run_no"":""RUN-260523-ucvq"",""process_type"":""sterilize"",""unit_size"":2}",
recAo75MeipK3yrdO,EVENT-260505-yrdO,Destroyed,2026-05-05T22:22:14.543Z,system,Sterilizer OUT,"{""run_id"":""recNmAs6kOzTAInt8"",""run_no"":""RUN-260505-Int8"",""process_type"":""sterilize""}",
recAoZCaW6Lcpo27k,EVENT-260622-o27k,Pasteurized,2026-06-22T16:35:00.000Z,operator1.email.address@mybusiness.com,Sterilizer OUT,"{""run_id"":""recPbl4pQNxvxqso0"",""run_no"":""RUN-260622-qso0"",""process_type"":""pasteurize"",""unit_size"":5}",
recAptdhCp1wBT8S7,EVENT-251213-T8S7,Destroyed,2025-12-13T13:16:00.000Z,system,Sterilizer OUT,"{""run_id"":""recbpQro1A7CjLRoa"",""run_no"":""RUN-251213-LRoa"",""process_type"":""sterilize""}",
recAyqJbWhtMkIVMo,EVENT-251117-IVMo,Pasteurized,2025-11-17T18:18:33.861Z,system,Sterilizer OUT,"{""run_id"":""reclx5p8uinIUCIfB"",""run_no"":""RUN-251117-CIfB"",""process_type"":""pasteurize"",""unit_size"":3}",
recB3h3tbLVwAaHuF,EVENT-251218-aHuF,Sterilized,2025-12-18T16:45:53.270Z,system,Sterilizer OUT,"{""run_id"":""recK7rkZM477CArlH"",""run_no"":""RUN-251216-ArlH"",""process_type"":""sterilize"",""unit_size"":2}",
recBKdWtSMLTIg1a3,EVENT-260716-g1a3,Consumed,,,Spawn to Bulk,"{""consumed_by_lot_ids"":[""recOcbDldTKj2rSiB"",""recer483vxFZJnNYT"",""recZZPMcrQpkcUFXv""]}",
recBN8sqjrDtxOYLI,EVENT-260228-OYLI,Sterilized,2026-02-28T18:29:00.000Z,Robert,Sterilizer OUT,"{""run_id"":""rec0JC7G8fTAXxlJZ"",""run_no"":""RUN-260228-xlJZ"",""process_type"":""sterilize"",""unit_size"":7.5}",
recBU1FMH8Nwhy0nZ,EVENT-260616-y0nZ,Sterilized,2026-06-15T16:51:00.000Z,operator1.email.address@mybusiness.com,Sterilizer OUT,"{""run_id"":""reckkAU2IsJQACD2X"",""run_no"":""RUN-260615-CD2X"",""process_type"":""sterilize"",""unit_size"":1.75}",
recBZoWk6Jufpon5G,EVENT-251117-on5G,Pasteurized,2025-11-17T18:18:33.861Z,system,Sterilizer OUT,"{""run_id"":""reclx5p8uinIUCIfB"",""run_no"":""RUN-251117-CIfB"",""process_type"":""pasteurize"",""unit_size"":3}",
recBZvbA2CjWFvuSN,EVENT-251117-vuSN,Pasteurized,2025-11-17T18:18:33.861Z,system,Sterilizer OUT,"{""run_id"":""reclx5p8uinIUCIfB"",""run_no"":""RUN-251117-CIfB"",""process_type"":""pasteurize"",""unit_size"":3}",
recBcQDdvCPTHNNYR,EVENT-260630-NNYR,Consumed,,,Spawn to Bulk,"{""consumed_by_lot_ids"":[""recnRebWPeTzomNXb"",""rec4jtYOYYxZPKqRW"",""recirz8Y2SKUSmTPF""]}",
recBd4jZeRoNvvPEA,EVENT-251001-vPEA,Sterilized,2025-10-01T20:38:00.000Z,system,Sterilizer OUT,"{""run_id"":""recP4vPmWzLh4NPb6"",""run_no"":""RUN-251001-NPb6"",""process_type"":""sterilize"",""unit_size"":2}",
recBdFPVCUwI49I4Q,EVENT-260104-9I4Q,Sterilized,2026-01-04T20:27:19.381Z,system,Sterilizer OUT,"{""run_id"":""recA4XgFrJ5Ddr9au"",""run_no"":""RUN-260104-r9au"",""process_type"":""sterilize"",""unit_size"":2}",
recBgmyOAeeYO50Jt,EVENT-251112-50Jt,Pasteurized,2025-11-12T19:14:00.000Z,system,Sterilizer OUT,"{""run_id"":""recQHItBShPyIc3HD"",""run_no"":""RUN-251111-c3HD"",""process_type"":""pasteurize"",""unit_size"":5}",
recBirUQJptu5uMsY,EVENT-260422-uMsY,Sterilized,2026-04-22T12:28:52.942Z,system,Sterilizer OUT,"{""run_id"":""recKxVLX61XaTp3xU"",""run_no"":""RUN-260422-p3xU"",""process_type"":""sterilize"",""unit_size"":2.5}",
recBjkVLFKWMQ0IrN,EVENT-260523-0IrN,Sterilized,2026-05-23T19:07:25.243Z,Robert,Sterilizer OUT,"{""run_id"":""recT7cCdNjTLducvq"",""run_no"":""RUN-260523-ucvq"",""process_type"":""sterilize"",""unit_size"":2}",
recBkIeQWsQtXW1Zv,EVENT-260104-W1Zv,Sterilized,2026-01-04T20:27:19.381Z,system,Sterilizer OUT,"{""run_id"":""recA4XgFrJ5Ddr9au"",""run_no"":""RUN-260104-r9au"",""process_type"":""sterilize"",""unit_size"":2}",
recBkRJ8eGH8888eZ,EVENT-260523-88eZ,Sterilized,2026-05-23T19:07:25.243Z,Robert,Sterilizer OUT,"{""run_id"":""recT7cCdNjTLducvq"",""run_no"":""RUN-260523-ucvq"",""process_type"":""sterilize"",""unit_size"":2}",
recBmJsPjYpfjUTYC,EVENT-260305-UTYC,Sterilized,2026-03-05T17:21:04.594Z,Robert,Sterilizer OUT,"{""run_id"":""recrCRbHVGXTgst5W"",""run_no"":""RUN-260305-st5W"",""process_type"":""sterilize"",""unit_size"":7.5}",
recBmfAHfD1nO5xIQ,EVENT-260523-5xIQ,Sterilized,2026-05-23T19:07:25.243Z,Robert,Sterilizer OUT,"{""run_id"":""recT7cCdNjTLducvq"",""run_no"":""RUN-260523-ucvq"",""process_type"":""sterilize"",""unit_size"":2}",
recBpJDWef2fkZc1h,EVENT-260706-Zc1h,SpawnedToBulk,,,Spawn to Bulk,"{""grain_input_ids"":[""recz4jMWuvWAQbc8D""],""substrate_input_ids"":[""recCz4rOB1BVEvIgI"",""rec4yeZBeQ9LhH9el""],""per_output_unit_size_lb"":8.5,""output_item_code"":""FB-MM75-LG"",""output_index"":0,""output_count"":2}",
recBqxPkTrBbYT2FL,EVENT-260307-T2FL,Sterilized,2026-03-07T12:42:00.000Z,system,Sterilizer OUT,"{""run_id"":""recP2Xx5gAUDYMxKM"",""run_no"":""RUN-260307-MxKM"",""process_type"":""sterilize"",""unit_size"":2}",
recBrTAHpeDXVqsKH,EVENT-260424-qsKH,Sterilized,2026-04-24T07:30:00.000Z,Robert,Sterilizer OUT,"{""run_id"":""recCSZRx6w0VbzoXm"",""run_no"":""RUN-260424-zoXm"",""process_type"":""sterilize"",""unit_size"":2}",
recBrlnAcnhWBiPwO,EVENT-251001-iPwO,Sterilized,2025-10-01T20:38:00.000Z,system,Sterilizer OUT,"{""run_id"":""recP4vPmWzLh4NPb6"",""run_no"":""RUN-251001-NPb6"",""process_type"":""sterilize"",""unit_size"":2}",
recBrqp5TS7tVcUTb,EVENT-251229-cUTb,Pasteurized,2025-12-29T19:46:46.420Z,system,Sterilizer OUT,"{""run_id"":""recDE4jIfkUYCTuuF"",""run_no"":""RUN-251229-TuuF"",""process_type"":""pasteurize"",""unit_size"":5}",
recBwE8GHfrwZim0b,EVENT-250929-im0b,Sterilized,2025-05-01T16:30:00.000Z,system,Sterilizer OUT,"{""run_id"":""rec5IxBX2con6PUNz"",""run_no"":""RUN-250929-PUNz"",""process_type"":""sterilize"",""unit_size"":2}",
recBzcTUcGroYYNmB,EVENT-260104-YNmB,Sterilized,2026-01-04T20:27:19.381Z,system,Sterilizer OUT,"{""run_id"":""recA4XgFrJ5Ddr9au"",""run_no"":""RUN-260104-r9au"",""process_type"":""sterilize"",""unit_size"":2}",
recBzoELlvoWyWfMJ,EVENT-260330-WfMJ,Sterilized,2026-03-30T17:39:50.874Z,system,Sterilizer OUT,"{""run_id"":""rect5WtJiGG4WFH27"",""run_no"":""RUN-260327-FH27"",""process_type"":""sterilize"",""unit_size"":500}",
recC2euZLeqRJRsz4,EVENT-260519-Rsz4,Sterilized,2026-05-19T18:36:15.927Z,Robert,Sterilizer OUT,"{""run_id"":""recCzwiynOzb8UQbk"",""run_no"":""RUN-260519-UQbk"",""process_type"":""sterilize"",""unit_size"":7.5}",
recC4OjpI3wEI2Sqo,EVENT-260616-2Sqo,Sterilized,2026-06-15T16:51:00.000Z,operator1.email.address@mybusiness.com,Sterilizer OUT,"{""run_id"":""reckkAU2IsJQACD2X"",""run_no"":""RUN-260615-CD2X"",""process_type"":""sterilize"",""unit_size"":1.75}",
recC90Gvdhmvl5mJp,EVENT-251006-5mJp,Sterilized,2025-10-06T13:51:00.000Z,system,Sterilizer OUT,"{""run_id"":""recZ5UNgT0575CXLE"",""run_no"":""RUN-251001-CXLE"",""process_type"":""sterilize"",""unit_size"":2}",
recC9I3Dxt2Z7NJx6,EVENT-251001-NJx6,Sterilized,2025-10-01T20:38:00.000Z,system,Sterilizer OUT,"{""run_id"":""recP4vPmWzLh4NPb6"",""run_no"":""RUN-251001-NPb6"",""process_type"":""sterilize"",""unit_size"":2}",
recCFufY2ObsrE0PV,EVENT-260424-E0PV,Sterilized,2026-04-24T07:30:00.000Z,Robert,Sterilizer OUT,"{""run_id"":""recCSZRx6w0VbzoXm"",""run_no"":""RUN-260424-zoXm"",""process_type"":""sterilize"",""unit_size"":2}",
recCH1G0L53SbcY2z,EVENT-251218-cY2z,Sterilized,2025-12-18T16:45:53.270Z,system,Sterilizer OUT,"{""run_id"":""recK7rkZM477CArlH"",""run_no"":""RUN-251216-ArlH"",""process_type"":""sterilize"",""unit_size"":2}",
recCHmHXYQ86edKxY,EVENT-260523-dKxY,Sterilized,2026-05-23T19:07:25.243Z,Robert,Sterilizer OUT,"{""run_id"":""recT7cCdNjTLducvq"",""run_no"":""RUN-260523-ucvq"",""process_type"":""sterilize"",""unit_size"":2}",
recCItllkRsxzZH17,EVENT-250929-ZH17,Sterilized,2025-08-01T18:28:00.000Z,system,Sterilizer OUT,"{""run_id"":""reci6qyctBY2UEJbw"",""run_no"":""RUN-250929-EJbw"",""process_type"":""sterilize"",""unit_size"":5}",
recCSgQY4K7zUX1S1,EVENT-251229-X1S1,Pasteurized,2025-12-29T19:44:27.969Z,system,Sterilizer OUT,"{""run_id"":""recKMrStfLoJWj1I6"",""run_no"":""RUN-251229-j1I6"",""process_type"":""pasteurize"",""unit_size"":2.5}",
recCas8mrqLxPOSlg,EVENT-251001-OSlg,Sterilized,2025-10-01T20:38:00.000Z,system,Sterilizer OUT,"{""run_id"":""recP4vPmWzLh4NPb6"",""run_no"":""RUN-251001-NPb6"",""process_type"":""sterilize"",""unit_size"":2}",
recCbpbHkFRasuCAZ,EVENT-260424-uCAZ,Sterilized,2026-04-24T07:30:00.000Z,Robert,Sterilizer OUT,"{""run_id"":""recCSZRx6w0VbzoXm"",""run_no"":""RUN-260424-zoXm"",""process_type"":""sterilize"",""unit_size"":2}",
recCc6np4L8qteVw3,EVENT-260616-eVw3,Sterilized,2026-06-15T16:51:00.000Z,operator1.email.address@mybusiness.com,Sterilizer OUT,"{""run_id"":""reckkAU2IsJQACD2X"",""run_no"":""RUN-260615-CD2X"",""process_type"":""sterilize"",""unit_size"":1.75}",
recChQskK2lSmy8bV,EVENT-260523-y8bV,Sterilized,2026-05-23T19:07:25.243Z,Robert,Sterilizer OUT,"{""run_id"":""recT7cCdNjTLducvq"",""run_no"":""RUN-260523-ucvq"",""process_type"":""sterilize"",""unit_size"":2}",
recCiMkdPv10ifFgy,EVENT-250929-fFgy,Sterilized,2025-05-01T16:30:00.000Z,system,Sterilizer OUT,"{""run_id"":""rec5IxBX2con6PUNz"",""run_no"":""RUN-250929-PUNz"",""process_type"":""sterilize"",""unit_size"":2}",
recCk05c4kTu8VKRA,EVENT-251212-VKRA,Sterilized,2025-12-06T18:17:00.000Z,system,Sterilizer OUT,"{""run_id"":""recf9lSLONsH3GW1m"",""run_no"":""RUN-251212-GW1m"",""process_type"":""sterilize"",""unit_size"":300}",
recCnBFzXfpvPCsLE,EVENT-260324-CsLE,Sterilized,2026-03-24T13:17:23.986Z,system,Sterilizer OUT,"{""run_id"":""recOSF8bNk5Sq0Acf"",""run_no"":""RUN-260324-0Acf"",""process_type"":""sterilize"",""unit_size"":2}",
recCqDF6woL404nfL,EVENT-260622-4nfL,Pasteurized,2026-06-22T16:35:00.000Z,operator1.email.address@mybusiness.com,Sterilizer OUT,"{""run_id"":""recPbl4pQNxvxqso0"",""run_no"":""RUN-260622-qso0"",""process_type"":""pasteurize"",""unit_size"":5}",
recCqljIbjJgTPHrF,EVENT-260116-PHrF,Sterilized,2026-01-16T16:17:00.000Z,system,Sterilizer OUT,"{""run_id"":""recrx6AxbFfK4CIF3"",""run_no"":""RUN-260116-CIF3"",""process_type"":""sterilize"",""unit_size"":7.5}",
recCtG7SxBwDDA7bX,EVENT-260330-A7bX,Sterilized,2026-03-30T16:15:34.671Z,system,Sterilizer OUT,"{""run_id"":""recpFcbTcKrw3DX6J"",""run_no"":""RUN-260327-DX6J"",""process_type"":""sterilize"",""unit_size"":500}",
recCuFzJEVlkPviJU,EVENT-251229-viJU,Pasteurized,2025-12-29T19:44:27.969Z,system,Sterilizer OUT,"{""run_id"":""recKMrStfLoJWj1I6"",""run_no"":""RUN-251229-j1I6"",""process_type"":""pasteurize"",""unit_size"":2.5}",
recCvfIIqQ76zMG86,EVENT-260422-MG86,Sterilized,2026-04-22T12:28:52.942Z,system,Sterilizer OUT,"{""run_id"":""recKxVLX61XaTp3xU"",""run_no"":""RUN-260422-p3xU"",""process_type"":""sterilize"",""unit_size"":2.5}",
recCvjGxHMgasQ4tk,EVENT-260424-Q4tk,Sterilized,2026-04-24T07:30:00.000Z,Robert,Sterilizer OUT,"{""run_id"":""recCSZRx6w0VbzoXm"",""run_no"":""RUN-260424-zoXm"",""process_type"":""sterilize"",""unit_size"":2}",
recCwh0qOMXJWIbyv,EVENT-260115-Ibyv,Pasteurized,2026-01-15T13:53:00.000Z,system,Sterilizer OUT,"{""run_id"":""recaTWosVnlSlYF7z"",""run_no"":""RUN-260115-YF7z"",""process_type"":""pasteurize"",""unit_size"":2.5}",
recCzZpoanpK0mHEI,EVENT-260216-mHEI,Pasteurized,2026-02-16T23:15:57.425Z,system,Sterilizer OUT,"{""run_id"":""recJCeCBGXBTRPBSS"",""run_no"":""RUN-260216-PBSS"",""process_type"":""pasteurize"",""unit_size"":5}",
recD6Ee5ecRZszXSu,EVENT-260505-zXSu,Sterilized,2026-05-05T22:22:14.543Z,system,Sterilizer OUT,"{""run_id"":""recNmAs6kOzTAInt8"",""run_no"":""RUN-260505-Int8"",""process_type"":""sterilize"",""unit_size"":2.5}",
recD9N3fga8IkN14t,EVENT-251006-N14t,Sterilized,2025-10-06T13:51:00.000Z,system,Sterilizer OUT,"{""run_id"":""recZ5UNgT0575CXLE"",""run_no"":""RUN-251001-CXLE"",""process_type"":""sterilize"",""unit_size"":2}",
recDAri8clkHgcXAf,EVENT-251213-cXAf,Sterilized,2025-12-13T13:17:00.000Z,system,Sterilizer OUT,"{""run_id"":""recyjDcb5rvR1lqIC"",""run_no"":""RUN-251213-lqIC"",""process_type"":""sterilize"",""unit_size"":7.5}",
recDDuSeg2rnPEoMH,EVENT-251213-EoMH,Sterilized,2025-05-24T17:31:00.000Z,system,Sterilizer OUT,"{""run_id"":""rec9j3VusnvUCMMk2"",""run_no"":""RUN-251213-MMk2"",""process_type"":""sterilize"",""unit_size"":2}",
recDGEAbXcczAZtst,EVENT-251111-Ztst,Sterilized,2025-10-06T16:33:00.000Z,system,Sterilizer OUT,"{""run_id"":""rec5eTB6PGFAwjp2X"",""run_no"":""RUN-251111-jp2X"",""process_type"":""sterilize"",""unit_size"":2}",
recDIYZBq1a3ySO5h,EVENT-260505-SO5h,Sterilized,2026-05-05T22:23:00.000Z,system,Sterilizer OUT,"{""run_id"":""recGGBddzBqYNmguh"",""run_no"":""RUN-260505-mguh"",""process_type"":""sterilize"",""unit_size"":7.5}",
recDIv9wIrDeldtgf,EVENT-251013-dtgf,Pasteurized,2025-09-01T19:26:00.000Z,system,Sterilizer OUT,"{""run_id"":""recZjdmiO6FX311Nb"",""run_no"":""RUN-251013-11Nb"",""process_type"":""pasteurize"",""unit_size"":2.5}",
recDJdCzeMd54CnB9,EVENT-260523-CnB9,Sterilized,2026-05-23T19:07:25.243Z,Robert,Sterilizer OUT,"{""run_id"":""recT7cCdNjTLducvq"",""run_no"":""RUN-260523-ucvq"",""process_type"":""sterilize"",""unit_size"":2}",
recDLmkoe15RAsbmS,EVENT-260305-sbmS,Sterilized,2026-03-05T17:21:04.594Z,Robert,Sterilizer OUT,"{""run_id"":""recrCRbHVGXTgst5W"",""run_no"":""RUN-260305-st5W"",""process_type"":""sterilize"",""unit_size"":7.5}",
recDQsAglRxjKgHmy,EVENT-260523-gHmy,Sterilized,2026-05-23T19:07:25.243Z,Robert,Sterilizer OUT,"{""run_id"":""recT7cCdNjTLducvq"",""run_no"":""RUN-260523-ucvq"",""process_type"":""sterilize"",""unit_size"":2}",
recDTJV4DAuKV4Jai,EVENT-260523-4Jai,Sterilized,2026-05-23T19:07:25.243Z,Robert,Sterilizer OUT,"{""run_id"":""recT7cCdNjTLducvq"",""run_no"":""RUN-260523-ucvq"",""process_type"":""sterilize"",""unit_size"":2}",
recDV5L75bCJ7kU9c,EVENT-251110-kU9c,Sterilized,2025-11-10T23:45:00.000Z,system,Sterilizer OUT,"{""run_id"":""reczVlsRndrXCAWUz"",""run_no"":""RUN-251106-AWUz"",""process_type"":""sterilize"",""unit_size"":7.5}",
recDVw4NSGe4De7sx,EVENT-251106-e7sx,Sterilized,2025-09-01T16:42:00.000Z,system,Sterilizer OUT,"{""run_id"":""reckaHmIHYrtB98FP"",""run_no"":""RUN-251106-98FP"",""process_type"":""sterilize"",""unit_size"":7.5}",
recDX2WLgLs12FLtm,EVENT-260216-FLtm,Pasteurized,2026-02-16T23:15:56.486Z,system,Sterilizer OUT,"{""run_id"":""recJCeCBGXBTRPBSS"",""run_no"":""RUN-260216-PBSS"",""process_type"":""pasteurize"",""unit_size"":5}",
recDXXcwHCntnn0qg,EVENT-260505-n0qg,Sterilized,2026-05-05T22:22:14.543Z,system,Sterilizer OUT,"{""run_id"":""recNmAs6kOzTAInt8"",""run_no"":""RUN-260505-Int8"",""process_type"":""sterilize"",""unit_size"":2.5}",
recDb8zCiyUIOBu8l,EVENT-251213-Bu8l,Sterilized,2025-12-13T13:17:00.000Z,system,Sterilizer OUT,"{""run_id"":""recyjDcb5rvR1lqIC"",""run_no"":""RUN-251213-lqIC"",""process_type"":""sterilize"",""unit_size"":7.5}",
recDcHJeOCcJOMuqZ,EVENT-251218-MuqZ,Sterilized,2025-12-18T16:45:53.270Z,system,Sterilizer OUT,"{""run_id"":""recK7rkZM477CArlH"",""run_no"":""RUN-251216-ArlH"",""process_type"":""sterilize"",""unit_size"":2}",
recDf7aqUxYSBnHbQ,EVENT-251031-nHbQ,Sterilized,2025-08-01T18:22:00.000Z,system,Sterilizer OUT,"{""run_id"":""recWF8fgbaNSXThS9"",""run_no"":""RUN-251031-ThS9"",""process_type"":""sterilize"",""unit_size"":7.5}",
recDgE565ZCj7igpn,EVENT-260525-igpn,Pasteurized,2026-05-25T18:58:06.442Z,Robert,Sterilizer OUT,"{""run_id"":""recgRAjPX8HKei2lj"",""run_no"":""RUN-260525-i2lj"",""process_type"":""pasteurize"",""unit_size"":5}",
recDgL0q6wxBsx2Is,EVENT-251216-x2Is,Sterilized,2025-12-16T16:38:00.000Z,system,Sterilizer OUT,"{""run_id"":""recd8oY6zF8OChGI0"",""run_no"":""RUN-251213-hGI0"",""process_type"":""sterilize"",""unit_size"":7.5}",
recDixfx5fUiKfZP3,EVENT-260324-fZP3,Sterilized,2026-03-24T13:17:23.986Z,system,Sterilizer OUT,"{""run_id"":""recOSF8bNk5Sq0Acf"",""run_no"":""RUN-260324-0Acf"",""process_type"":""sterilize"",""unit_size"":2}",
recDlbJYP52HOXvyd,EVENT-260616-Xvyd,Sterilized,2026-06-15T16:51:00.000Z,operator1.email.address@mybusiness.com,Sterilizer OUT,"{""run_id"":""reckkAU2IsJQACD2X"",""run_no"":""RUN-260615-CD2X"",""process_type"":""sterilize"",""unit_size"":1.75}",
recDoncRF3VnqvLn3,EVENT-251110-vLn3,Sterilized,2025-11-10T23:45:00.000Z,system,Sterilizer OUT,"{""run_id"":""reczVlsRndrXCAWUz"",""run_no"":""RUN-251106-AWUz"",""process_type"":""sterilize"",""unit_size"":7.5}",
recDqWZqfel9hqt1C,EVENT-260422-qt1C,Sterilized,2026-04-22T12:28:52.942Z,system,Sterilizer OUT,"{""run_id"":""recKxVLX61XaTp3xU"",""run_no"":""RUN-260422-p3xU"",""process_type"":""sterilize"",""unit_size"":2.5}",
recDriN5FtLLnOIQ1,EVENT-260624-OIQ1,Sterilized,2026-06-24T22:04:27.843Z,operator2.email.address@mybusiness.com,Sterilizer OUT,"{""run_id"":""rec8b9gwQ65FYFTYo"",""run_no"":""RUN-260623-FTYo"",""process_type"":""sterilize"",""unit_size"":1.5,""component_set"":null}",
recDsY8iTbWfwQeFC,EVENT-260604-QeFC,Consumed,,,Spawn to Bulk,"{""consumed_by_lot_ids"":[""recvTgl4i3DHv8PiC"",""rec9EkpSEYLWCag5Y"",""recAtwcmOvsnRcUzg""]}",
recDtI7IXrI9Sfipj,EVENT-260330-fipj,Sterilized,2026-03-30T16:15:34.671Z,system,Sterilizer OUT,"{""run_id"":""recpFcbTcKrw3DX6J"",""run_no"":""RUN-260327-DX6J"",""process_type"":""sterilize"",""unit_size"":500}",
recDvzF9kIIoPQKhF,EVENT-251112-QKhF,Pasteurized,2025-11-12T19:14:00.000Z,system,Sterilizer OUT,"{""run_id"":""recQHItBShPyIc3HD"",""run_no"":""RUN-251111-c3HD"",""process_type"":""pasteurize"",""unit_size"":5}",
recDwFMm7kpBVg4o3,EVENT-251013-g4o3,Pasteurized,2025-09-01T19:26:00.000Z,system,Sterilizer OUT,"{""run_id"":""recZjdmiO6FX311Nb"",""run_no"":""RUN-251013-11Nb"",""process_type"":""pasteurize"",""unit_size"":2.5}",
recDyGjKcOKoZGOTA,EVENT-260216-GOTA,Pasteurized,2026-02-16T23:15:56.486Z,system,Sterilizer OUT,"{""run_id"":""recJCeCBGXBTRPBSS"",""run_no"":""RUN-260216-PBSS"",""process_type"":""pasteurize"",""unit_size"":5}",
recDycmWKvWf1PE5j,EVENT-260505-PE5j,Sterilized,2026-05-05T22:22:14.543Z,system,Sterilizer OUT,"{""run_id"":""recNmAs6kOzTAInt8"",""run_no"":""RUN-260505-Int8"",""process_type"":""sterilize"",""unit_size"":2.5}",
recDz8HaaItgeAESh,EVENT-260216-AESh,Pasteurized,2026-02-16T23:15:56.486Z,system,Sterilizer OUT,"{""run_id"":""recJCeCBGXBTRPBSS"",""run_no"":""RUN-260216-PBSS"",""process_type"":""pasteurize"",""unit_size"":5}",
recE1afa42KDyWxRc,EVENT-250929-WxRc,Sterilized,2025-09-29T16:56:17.617Z,system,Sterilizer OUT,"{""run_id"":""rec05bWCGz5QaFIG6"",""run_no"":""RUN-250929-FIG6"",""process_type"":""sterilize"",""unit_size"":5}",
recE1ssvdTyuN3qWq,EVENT-260424-3qWq,Sterilized,2026-04-24T07:30:00.000Z,Robert,Sterilizer OUT,"{""run_id"":""recCSZRx6w0VbzoXm"",""run_no"":""RUN-260424-zoXm"",""process_type"":""sterilize"",""unit_size"":2}",
recE3uJDbAknHshEw,EVENT-251006-shEw,Sterilized,2025-10-06T13:51:00.000Z,system,Sterilizer OUT,"{""run_id"":""recZ5UNgT0575CXLE"",""run_no"":""RUN-251001-CXLE"",""process_type"":""sterilize"",""unit_size"":2}",
recE41JkUQMNEXc1I,EVENT-251202-Xc1I,Sterilized,2025-12-02T23:27:42.233Z,system,Sterilizer OUT,"{""run_id"":""recNYZ14Enhg7fwbw"",""run_no"":""RUN-251004-fwbw"",""process_type"":""sterilize"",""unit_size"":2.5}",
recE4wCMXQtjVFYBD,EVENT-260616-FYBD,Sterilized,2026-06-15T16:51:00.000Z,operator1.email.address@mybusiness.com,Sterilizer OUT,"{""run_id"":""reckkAU2IsJQACD2X"",""run_no"":""RUN-260615-CD2X"",""process_type"":""sterilize"",""unit_size"":1.75}",
recE6ZvAlug4CK4Fz,EVENT-260324-K4Fz,Sterilized,2026-03-24T13:17:23.986Z,system,Sterilizer OUT,"{""run_id"":""recOSF8bNk5Sq0Acf"",""run_no"":""RUN-260324-0Acf"",""process_type"":""sterilize"",""unit_size"":2}",
recE7SQOo4HZQwk9D,EVENT-260117-wk9D,Sterilized,2026-01-17T13:36:00.000Z,system,Sterilizer OUT,"{""run_id"":""recWq1rGRxOkPaZCD"",""run_no"":""RUN-260117-aZCD"",""process_type"":""sterilize"",""unit_size"":7.5}",
recE8U3fs9rgD229R,EVENT-250929-229R,Sterilized,2025-09-29T16:56:17.617Z,system,Sterilizer OUT,"{""run_id"":""rec05bWCGz5QaFIG6"",""run_no"":""RUN-250929-FIG6"",""process_type"":""sterilize"",""unit_size"":5}",
recE92eVDIWId1sp3,EVENT-250929-1sp3,Sterilized,2025-05-01T15:52:00.000Z,system,Sterilizer OUT,"{""run_id"":""recHvjFAeDQH8qi6e"",""run_no"":""RUN-250929-qi6e"",""process_type"":""sterilize"",""unit_size"":500}",
recEEY1Fb8SluvHlH,EVENT-260424-vHlH,Sterilized,2026-04-24T07:30:00.000Z,Robert,Sterilizer OUT,"{""run_id"":""recCSZRx6w0VbzoXm"",""run_no"":""RUN-260424-zoXm"",""process_type"":""sterilize"",""unit_size"":2}",
recELvXddpFNtAEXC,EVENT-260104-AEXC,Sterilized,2026-01-04T20:27:19.381Z,system,Sterilizer OUT,"{""run_id"":""recA4XgFrJ5Ddr9au"",""run_no"":""RUN-260104-r9au"",""process_type"":""sterilize"",""unit_size"":2}",
recENs82GjPL54aUb,EVENT-251121-4aUb,Sterilized,2025-11-21T17:16:00.000Z,system,Sterilizer OUT,"{""run_id"":""rec7frnAiC4O8e5eA"",""run_no"":""RUN-251121-e5eA"",""process_type"":""sterilize"",""unit_size"":2.5}",
recERLgpRtVS4xWLo,EVENT-251112-xWLo,Pasteurized,2025-11-12T19:14:00.000Z,system,Sterilizer OUT,"{""run_id"":""recQHItBShPyIc3HD"",""run_no"":""RUN-251111-c3HD"",""process_type"":""pasteurize"",""unit_size"":5}",
recEWG15Au3QithGY,EVENT-251121-thGY,Sterilized,2025-11-21T17:16:00.000Z,system,Sterilizer OUT,"{""run_id"":""rec7frnAiC4O8e5eA"",""run_no"":""RUN-251121-e5eA"",""process_type"":""sterilize"",""unit_size"":2.5}",
recEWkRxL3qAjdy14,EVENT-260622-dy14,Pasteurized,2026-06-22T16:35:00.000Z,operator1.email.address@mybusiness.com,Sterilizer OUT,"{""run_id"":""recPbl4pQNxvxqso0"",""run_no"":""RUN-260622-qso0"",""process_type"":""pasteurize"",""unit_size"":5}",
recEYHSsmWWiDtrjI,EVENT-260523-trjI,Sterilized,2026-05-23T19:07:25.243Z,Robert,Sterilizer OUT,"{""run_id"":""recT7cCdNjTLducvq"",""run_no"":""RUN-260523-ucvq"",""process_type"":""sterilize"",""unit_size"":2}",
recEajdR6aa4rMQ5S,EVENT-260104-MQ5S,Sterilized,2026-01-04T20:27:19.381Z,system,Sterilizer OUT,"{""run_id"":""recA4XgFrJ5Ddr9au"",""run_no"":""RUN-260104-r9au"",""process_type"":""sterilize"",""unit_size"":2}",
recEbuYM3QOFhMhTL,EVENT-251202-MhTL,Sterilized,2025-12-02T23:27:42.233Z,system,Sterilizer OUT,"{""run_id"":""recNYZ14Enhg7fwbw"",""run_no"":""RUN-251004-fwbw"",""process_type"":""sterilize"",""unit_size"":2.5}",
recEd48FSWubYMMLr,EVENT-251212-MMLr,Sterilized,2025-12-06T18:17:00.000Z,system,Sterilizer OUT,"{""run_id"":""recf9lSLONsH3GW1m"",""run_no"":""RUN-251212-GW1m"",""process_type"":""sterilize"",""unit_size"":300}",
recEdve3zqPOwuuCp,EVENT-251213-uuCp,Sterilized,2025-05-24T17:31:00.000Z,system,Sterilizer OUT,"{""run_id"":""rec9j3VusnvUCMMk2"",""run_no"":""RUN-251213-MMk2"",""process_type"":""sterilize"",""unit_size"":2}",
recEiiiooG1IInpnI,EVENT-260716-npnI,SpawnedToBulk,,,Spawn to Bulk,"{""grain_input_ids"":[""rec3j4FEb64EiScwX""],""substrate_input_ids"":[""rec0t4tXf7pubsWcD"",""recOebh3B6AuifYKs"",""recnYBktdkxdyESip""],""per_output_unit_size_lb"":3.1666666666666665,""output_item_code"":""FB-GENERIC"",""output_index"":2,""output_count"":3}",
recEjMyNAQNDUzB6O,EVENT-260424-zB6O,Sterilized,2026-04-24T07:30:00.000Z,Robert,Sterilizer OUT,"{""run_id"":""recCSZRx6w0VbzoXm"",""run_no"":""RUN-260424-zoXm"",""process_type"":""sterilize"",""unit_size"":2}",
recElvXN5h0YuAbGq,EVENT-260103-AbGq,Pasteurized,2026-01-03T18:06:18.361Z,system,Sterilizer OUT,"{""run_id"":""recnmVSmZQ40uboWR"",""run_no"":""RUN-260103-boWR"",""process_type"":""pasteurize"",""unit_size"":5}",
recEnxt6h7cBAIeAF,EVENT-251121-IeAF,Sterilized,2025-11-21T17:16:00.000Z,system,Sterilizer OUT,"{""run_id"":""rec7frnAiC4O8e5eA"",""run_no"":""RUN-251121-e5eA"",""process_type"":""sterilize"",""unit_size"":2.5}",
recEo0cKcG4vt1CrW,EVENT-260619-1CrW,Contaminated,2026-06-19T19:06:43.733Z,,Dark Room,{},
recEswxs7hwX4Mkth,EVENT-260330-Mkth,Sterilized,2026-03-30T17:39:50.874Z,system,Sterilizer OUT,"{""run_id"":""rect5WtJiGG4WFH27"",""run_no"":""RUN-260327-FH27"",""process_type"":""sterilize"",""unit_size"":500}",
recEvRDMscbLqKpNR,EVENT-251010-KpNR,Sterilized,2025-08-01T15:52:00.000Z,system,Sterilizer OUT,"{""run_id"":""recxQamyId4vlxFeA"",""run_no"":""RUN-251010-xFeA"",""process_type"":""sterilize"",""unit_size"":2}",
recF0mE0Y866qtBtI,EVENT-260116-tBtI,Sterilized,2026-01-16T15:44:00.000Z,system,Sterilizer OUT,"{""run_id"":""reclq0rmQHqLDQ2cQ"",""run_no"":""RUN-260116-Q2cQ"",""process_type"":""sterilize"",""unit_size"":2}",
recF4fFBehVL92hiv,EVENT-260104-2hiv,Sterilized,2026-01-04T20:27:19.381Z,system,Sterilizer OUT,"{""run_id"":""recA4XgFrJ5Ddr9au"",""run_no"":""RUN-260104-r9au"",""process_type"":""sterilize"",""unit_size"":2}",
recF4qRH2UhAwFtq1,EVENT-260616-Ftq1,Sterilized,2026-06-15T16:51:00.000Z,operator1.email.address@mybusiness.com,Sterilizer OUT,"{""run_id"":""reckkAU2IsJQACD2X"",""run_no"":""RUN-260615-CD2X"",""process_type"":""sterilize"",""unit_size"":1.75}",
recF9QOZqu4RsrQPU,EVENT-251212-rQPU,Sterilized,2025-12-06T18:17:00.000Z,system,Sterilizer OUT,"{""run_id"":""recf9lSLONsH3GW1m"",""run_no"":""RUN-251212-GW1m"",""process_type"":""sterilize"",""unit_size"":300}",
recFBNp5rbzGSSSYp,EVENT-260324-SSYp,Sterilized,2026-03-24T13:17:23.986Z,system,Sterilizer OUT,"{""run_id"":""recOSF8bNk5Sq0Acf"",""run_no"":""RUN-260324-0Acf"",""process_type"":""sterilize"",""unit_size"":2}",
recFD6hn7wGG6XdBS,EVENT-260616-XdBS,Sterilized,2026-06-15T16:51:00.000Z,operator1.email.address@mybusiness.com,Sterilizer OUT,"{""run_id"":""reckkAU2IsJQACD2X"",""run_no"":""RUN-260615-CD2X"",""process_type"":""sterilize"",""unit_size"":1.75}",
recFEPXJUQbVPuVek,EVENT-251216-uVek,Destroyed,2025-12-16T16:38:00.000Z,system,Sterilizer OUT,"{""run_id"":""recd8oY6zF8OChGI0"",""run_no"":""RUN-251213-hGI0"",""process_type"":""sterilize""}",
recFFAYOuIIoBSDYm,EVENT-260305-SDYm,Sterilized,2026-03-05T17:21:04.594Z,Robert,Sterilizer OUT,"{""run_id"":""recrCRbHVGXTgst5W"",""run_no"":""RUN-260305-st5W"",""process_type"":""sterilize"",""unit_size"":7.5}",
recFHrPJrbOPiHxKX,EVENT-260424-HxKX,Sterilized,2026-04-24T07:30:00.000Z,Robert,Sterilizer OUT,"{""run_id"":""recCSZRx6w0VbzoXm"",""run_no"":""RUN-260424-zoXm"",""process_type"":""sterilize"",""unit_size"":2}",
recFJ14meLJSS6CNE,EVENT-260324-6CNE,Sterilized,2026-03-24T13:17:23.986Z,system,Sterilizer OUT,"{""run_id"":""recOSF8bNk5Sq0Acf"",""run_no"":""RUN-260324-0Acf"",""process_type"":""sterilize"",""unit_size"":2}",
recFJFFLcRVHKHkd8,EVENT-260307-Hkd8,Sterilized,2026-03-07T12:42:00.000Z,system,Sterilizer OUT,"{""run_id"":""recP2Xx5gAUDYMxKM"",""run_no"":""RUN-260307-MxKM"",""process_type"":""sterilize"",""unit_size"":2}",
recFJxdHaNxgdHEVj,EVENT-251218-HEVj,Sterilized,2025-12-18T16:45:53.270Z,system,Sterilizer OUT,"{""run_id"":""recK7rkZM477CArlH"",""run_no"":""RUN-251216-ArlH"",""process_type"":""sterilize"",""unit_size"":2}",
recFLnHQIDvTyrITT,EVENT-260324-rITT,Sterilized,2026-03-24T13:17:23.986Z,system,Sterilizer OUT,"{""run_id"":""recOSF8bNk5Sq0Acf"",""run_no"":""RUN-260324-0Acf"",""process_type"":""sterilize"",""unit_size"":2}",
recFOU6SIS8PVNEvy,EVENT-251121-NEvy,Sterilized,2025-11-21T17:16:00.000Z,system,Sterilizer OUT,"{""run_id"":""rec7frnAiC4O8e5eA"",""run_no"":""RUN-251121-e5eA"",""process_type"":""sterilize"",""unit_size"":2.5}",
recFROn1D4vD3hfE9,EVENT-260716-hfE9,Sterilized,2026-07-16T19:09:00.000Z,operator1.email.address@mybusiness.com,Sterilizer OUT,"{""run_id"":""recH9XtQ3GNRt9tvy"",""run_no"":""RUN-260716-9tvy"",""process_type"":""sterilize"",""unit_size"":2.5,""component_set"":null}",
recFSHNZRTwUhvX4u,EVENT-251213-vX4u,Sterilized,2025-12-13T13:17:00.000Z,system,Sterilizer OUT,"{""run_id"":""recyjDcb5rvR1lqIC"",""run_no"":""RUN-251213-lqIC"",""process_type"":""sterilize"",""unit_size"":7.5}",
recFVUJy6K7DDmGRr,EVENT-260505-mGRr,Sterilized,2026-05-05T22:22:14.543Z,system,Sterilizer OUT,"{""run_id"":""recNmAs6kOzTAInt8"",""run_no"":""RUN-260505-Int8"",""process_type"":""sterilize"",""unit_size"":2.5}",
recFWlfNzrqmqU1Ch,EVENT-250929-U1Ch,Sterilized,2025-05-01T16:30:00.000Z,system,Sterilizer OUT,"{""run_id"":""rec5IxBX2con6PUNz"",""run_no"":""RUN-250929-PUNz"",""process_type"":""sterilize"",""unit_size"":2}",
recFgSl2wJBEsdcH0,EVENT-260424-dcH0,Sterilized,2026-04-24T07:30:00.000Z,Robert,Sterilizer OUT,"{""run_id"":""recCSZRx6w0VbzoXm"",""run_no"":""RUN-260424-zoXm"",""process_type"":""sterilize"",""unit_size"":2}",
recFiHlT5T1xBtW8I,EVENT-260116-tW8I,Sterilized,2026-01-16T16:17:00.000Z,system,Sterilizer OUT,"{""run_id"":""recrx6AxbFfK4CIF3"",""run_no"":""RUN-260116-CIF3"",""process_type"":""sterilize"",""unit_size"":7.5}",
recFiQlXu02UaIJOQ,EVENT-260117-IJOQ,Sterilized,2026-01-17T13:35:00.000Z,system,Sterilizer OUT,"{""run_id"":""recnsscrJxfGLlP8i"",""run_no"":""RUN-260117-lP8i"",""process_type"":""sterilize"",""unit_size"":2.5}",
recFjqJrvwbnTkqmJ,EVENT-251229-kqmJ,Pasteurized,2025-12-29T19:44:27.969Z,system,Sterilizer OUT,"{""run_id"":""recKMrStfLoJWj1I6"",""run_no"":""RUN-251229-j1I6"",""process_type"":""pasteurize"",""unit_size"":2.5}",
recFpPW2aptgMDDFy,EVENT-260324-DDFy,Sterilized,2026-03-24T13:17:23.986Z,system,Sterilizer OUT,"{""run_id"":""recOSF8bNk5Sq0Acf"",""run_no"":""RUN-260324-0Acf"",""process_type"":""sterilize"",""unit_size"":2}",
recFqX7zK229KDJV5,EVENT-260623-DJV5,Consumed,,,Spawn to Bulk,"{""consumed_by_lot_ids"":[""reckjVU6GfLN2aGTD"",""recGKgmAkw9HgPjxV"",""recFYAjgzCp5ufqXT""]}",
recFtgDsHOWKnG3Rz,EVENT-260307-G3Rz,Sterilized,2026-03-07T12:42:00.000Z,system,Sterilizer OUT,"{""run_id"":""recP2Xx5gAUDYMxKM"",""run_no"":""RUN-260307-MxKM"",""process_type"":""sterilize"",""unit_size"":2}",
recFvWglj0ALKlOjJ,EVENT-260624-lOjJ,Sterilized,2026-06-24T22:15:41.781Z,operator2.email.address@mybusiness.com,Sterilizer OUT,"{""run_id"":""receqE6oTONWjkun8"",""run_no"":""RUN-260623-kun8"",""process_type"":""sterilize"",""unit_size"":5,""component_set"":""WBS_CVG_RIZ1""}",
recFyRxaULhoefUI7,EVENT-251213-fUI7,Sterilized,2025-12-13T13:16:00.000Z,system,Sterilizer OUT,"{""run_id"":""recbpQro1A7CjLRoa"",""run_no"":""RUN-251213-LRoa"",""process_type"":""sterilize"",""unit_size"":2.5}",
recG0ua6qU0iMxlqS,EVENT-251111-xlqS,Sterilized,2025-10-01T16:29:00.000Z,system,Sterilizer OUT,"{""run_id"":""recHK1NaAet3fOk54"",""run_no"":""RUN-251111-Ok54"",""process_type"":""sterilize"",""unit_size"":2.5}",
recG40MEAmdmrGjZR,EVENT-260103-GjZR,Pasteurized,2026-01-03T18:06:18.361Z,system,Sterilizer OUT,"{""run_id"":""recnmVSmZQ40uboWR"",""run_no"":""RUN-260103-boWR"",""process_type"":""pasteurize"",""unit_size"":5}",
recG4csKGIMYUuQw2,EVENT-251008-uQw2,Sterilized,2025-10-08T11:17:00.000Z,Ray,Sterilizer OUT,"{""run_id"":""recdkaSPElUbPxgL9"",""run_no"":""RUN-251007-xgL9"",""process_type"":""sterilize"",""unit_size"":300}",
recG4dkt3xQZd6uCI,EVENT-251218-6uCI,Sterilized,2025-12-18T16:45:53.270Z,system,Sterilizer OUT,"{""run_id"":""recK7rkZM477CArlH"",""run_no"":""RUN-251216-ArlH"",""process_type"":""sterilize"",""unit_size"":2}",
recGAJ2RNXHWq5eRo,EVENT-251218-5eRo,Sterilized,2025-12-18T16:45:53.270Z,system,Sterilizer OUT,"{""run_id"":""recK7rkZM477CArlH"",""run_no"":""RUN-251216-ArlH"",""process_type"":""sterilize"",""unit_size"":2}",
recGCjtbMKQXQe1Wt,EVENT-260330-e1Wt,Sterilized,2026-03-30T17:39:50.874Z,system,Sterilizer OUT,"{""run_id"":""rect5WtJiGG4WFH27"",""run_no"":""RUN-260327-FH27"",""process_type"":""sterilize"",""unit_size"":500}",
recGEYoJcuvLYnIF2,EVENT-251216-nIF2,Sterilized,2025-12-16T16:38:00.000Z,system,Sterilizer OUT,"{""run_id"":""recd8oY6zF8OChGI0"",""run_no"":""RUN-251213-hGI0"",""process_type"":""sterilize"",""unit_size"":7.5}",
recGNDkvOfIcyG0bi,EVENT-251229-G0bi,Pasteurized,2025-12-29T19:46:46.420Z,system,Sterilizer OUT,"{""run_id"":""recDE4jIfkUYCTuuF"",""run_no"":""RUN-251229-TuuF"",""process_type"":""pasteurize"",""unit_size"":5}",
recGUMr0QpRvQPMth,EVENT-260616-PMth,Sterilized,2026-06-15T16:51:00.000Z,operator1.email.address@mybusiness.com,Sterilizer OUT,"{""run_id"":""reckkAU2IsJQACD2X"",""run_no"":""RUN-260615-CD2X"",""process_type"":""sterilize"",""unit_size"":1.75}",
recGVCtDHN53o83Jp,EVENT-250929-83Jp,Sterilized,2025-05-01T16:30:00.000Z,system,Sterilizer OUT,"{""run_id"":""rec5IxBX2con6PUNz"",""run_no"":""RUN-250929-PUNz"",""process_type"":""sterilize"",""unit_size"":2}",
recGVmEQ6kIO8bH2s,EVENT-260424-bH2s,Sterilized,2026-04-24T07:30:00.000Z,Robert,Sterilizer OUT,"{""run_id"":""recCSZRx6w0VbzoXm"",""run_no"":""RUN-260424-zoXm"",""process_type"":""sterilize"",""unit_size"":2}",
recGWYv5ybNhnq72C,EVENT-260307-q72C,Sterilized,2026-03-07T12:42:00.000Z,system,Sterilizer OUT,"{""run_id"":""recP2Xx5gAUDYMxKM"",""run_no"":""RUN-260307-MxKM"",""process_type"":""sterilize"",""unit_size"":2}",
recGdUpIw4bpAz36h,EVENT-260422-z36h,Sterilized,2026-04-22T12:28:52.942Z,system,Sterilizer OUT,"{""run_id"":""recKxVLX61XaTp3xU"",""run_no"":""RUN-260422-p3xU"",""process_type"":""sterilize"",""unit_size"":2.5}",
recGlXCr19cMKODab,EVENT-251218-ODab,Sterilized,2025-12-18T16:45:53.270Z,system,Sterilizer OUT,"{""run_id"":""recK7rkZM477CArlH"",""run_no"":""RUN-251216-ArlH"",""process_type"":""sterilize"",""unit_size"":2}",
recGq2QduJFyZcSAC,EVENT-260307-cSAC,Sterilized,2026-03-07T12:42:00.000Z,system,Sterilizer OUT,"{""run_id"":""recP2Xx5gAUDYMxKM"",""run_no"":""RUN-260307-MxKM"",""process_type"":""sterilize"",""unit_size"":2}",
recGs1QMCDEoSJRuL,EVENT-251001-JRuL,Sterilized,2025-10-01T20:38:00.000Z,system,Sterilizer OUT,"{""run_id"":""recP4vPmWzLh4NPb6"",""run_no"":""RUN-251001-NPb6"",""process_type"":""sterilize"",""unit_size"":2}",
recGsnfitQnuffzbR,EVENT-260324-fzbR,Sterilized,2026-03-24T13:17:23.986Z,system,Sterilizer OUT,"{""run_id"":""recOSF8bNk5Sq0Acf"",""run_no"":""RUN-260324-0Acf"",""process_type"":""sterilize"",""unit_size"":2}",
recGtsJb9lqxDsWe9,EVENT-251001-sWe9,Sterilized,2025-10-01T20:38:00.000Z,system,Sterilizer OUT,"{""run_id"":""recZq84toSy7fiWCn"",""run_no"":""RUN-251001-iWCn"",""process_type"":""sterilize"",""unit_size"":5}",
recGuHGwQ9dJsd8ys,EVENT-260424-d8ys,Sterilized,2026-04-24T07:30:00.000Z,Robert,Sterilizer OUT,"{""run_id"":""recCSZRx6w0VbzoXm"",""run_no"":""RUN-260424-zoXm"",""process_type"":""sterilize"",""unit_size"":2}",
recGw8uMQ5Nm6YudD,EVENT-251121-YudD,Sterilized,2025-11-21T17:16:00.000Z,system,Sterilizer OUT,"{""run_id"":""rec7frnAiC4O8e5eA"",""run_no"":""RUN-251121-e5eA"",""process_type"":""sterilize"",""unit_size"":2.5}",
recH3MCYJr814xiAm,EVENT-260104-xiAm,Sterilized,2026-01-04T20:27:19.381Z,system,Sterilizer OUT,"{""run_id"":""recA4XgFrJ5Ddr9au"",""run_no"":""RUN-260104-r9au"",""process_type"":""sterilize"",""unit_size"":2}",
recH45Ysee4o0mqaJ,EVENT-260716-mqaJ,Sterilized,2026-07-16T19:09:00.000Z,operator1.email.address@mybusiness.com,Sterilizer OUT,"{""run_id"":""recq6e2hNvwWS4YjH"",""run_no"":""RUN-260716-4YjH"",""process_type"":""sterilize"",""unit_size"":7.5,""component_set"":null}",
recH7dBaFl6cAPWpI,EVENT-260330-PWpI,Sterilized,2026-03-30T17:39:50.874Z,system,Sterilizer OUT,"{""run_id"":""rect5WtJiGG4WFH27"",""run_no"":""RUN-260327-FH27"",""process_type"":""sterilize"",""unit_size"":500}",
recHCoDAEdNwic8ca,EVENT-260307-c8ca,Sterilized,2026-03-07T12:42:00.000Z,system,Sterilizer OUT,"{""run_id"":""recP2Xx5gAUDYMxKM"",""run_no"":""RUN-260307-MxKM"",""process_type"":""sterilize"",""unit_size"":2}",
recHE3P0SaXmoFSnk,EVENT-251010-FSnk,Sterilized,2025-08-01T15:52:00.000Z,system,Sterilizer OUT,"{""run_id"":""recxQamyId4vlxFeA"",""run_no"":""RUN-251010-xFeA"",""process_type"":""sterilize"",""unit_size"":2}",
recHH9VUtqpT17jbQ,EVENT-260324-7jbQ,Sterilized,2026-03-24T13:17:23.986Z,system,Sterilizer OUT,"{""run_id"":""recOSF8bNk5Sq0Acf"",""run_no"":""RUN-260324-0Acf"",""process_type"":""sterilize"",""unit_size"":2}",
recHNjBXGEyTfcW5u,EVENT-250929-cW5u,Sterilized,2025-08-01T18:28:00.000Z,system,Sterilizer OUT,"{""run_id"":""reci6qyctBY2UEJbw"",""run_no"":""RUN-250929-EJbw"",""process_type"":""sterilize"",""unit_size"":5}",
recHOJZBwUPrxP6EZ,EVENT-251212-P6EZ,Sterilized,2025-12-06T18:17:00.000Z,system,Sterilizer OUT,"{""run_id"":""recf9lSLONsH3GW1m"",""run_no"":""RUN-251212-GW1m"",""process_type"":""sterilize"",""unit_size"":300}",
recHRSCRbTq5or8mM,EVENT-260104-r8mM,Sterilized,2026-01-04T20:27:19.381Z,system,Sterilizer OUT,"{""run_id"":""recA4XgFrJ5Ddr9au"",""run_no"":""RUN-260104-r9au"",""process_type"":""sterilize"",""unit_size"":2}",
recHUUjrEpVJ2sPqA,EVENT-251008-sPqA,Sterilized,2025-10-08T11:17:00.000Z,Ray,Sterilizer OUT,"{""run_id"":""recdkaSPElUbPxgL9"",""run_no"":""RUN-251007-xgL9"",""process_type"":""sterilize"",""unit_size"":300}",
recHVegFRU63FdCGB,EVENT-260622-dCGB,Pasteurized,2026-06-22T16:35:00.000Z,operator1.email.address@mybusiness.com,Sterilizer OUT,"{""run_id"":""recPbl4pQNxvxqso0"",""run_no"":""RUN-260622-qso0"",""process_type"":""pasteurize"",""unit_size"":5}",
recHZTkZ2k5feCHRS,EVENT-260324-CHRS,Sterilized,2026-03-24T13:17:23.986Z,system,Sterilizer OUT,"{""run_id"":""recOSF8bNk5Sq0Acf"",""run_no"":""RUN-260324-0Acf"",""process_type"":""sterilize"",""unit_size"":2}",
recHcYTejqbVUeJjV,EVENT-260523-eJjV,Sterilized,2026-05-23T19:07:25.243Z,Robert,Sterilizer OUT,"{""run_id"":""recT7cCdNjTLducvq"",""run_no"":""RUN-260523-ucvq"",""process_type"":""sterilize"",""unit_size"":2}",
recHhTKQusbaNH1B8,EVENT-251121-H1B8,Sterilized,2025-11-21T17:16:00.000Z,system,Sterilizer OUT,"{""run_id"":""rec7frnAiC4O8e5eA"",""run_no"":""RUN-251121-e5eA"",""process_type"":""sterilize"",""unit_size"":2.5}",
recHmjPhWUQNKpELo,EVENT-260629-pELo,Sterilized,2026-06-29T20:53:00.000Z,system,Sterilizer OUT,"{""run_id"":""recwjKJcMtXVRXJNz"",""run_no"":""RUN-260629-XJNz"",""process_type"":""sterilize"",""unit_size"":5,""component_set"":null}",
recHoEUewVk6eNO42,EVENT-260330-NO42,Sterilized,2026-03-30T17:39:50.874Z,system,Sterilizer OUT,"{""run_id"":""rect5WtJiGG4WFH27"",""run_no"":""RUN-260327-FH27"",""process_type"":""sterilize"",""unit_size"":500}",
recHpgPuDWWyCUqdN,EVENT-260305-UqdN,Sterilized,2026-03-05T17:21:04.594Z,Robert,Sterilizer OUT,"{""run_id"":""recrCRbHVGXTgst5W"",""run_no"":""RUN-260305-st5W"",""process_type"":""sterilize"",""unit_size"":7.5}",
recHvWSpzkyAERLLt,EVENT-260310-RLLt,Pasteurized,2026-03-10T18:23:50.693Z,Robert,Sterilizer OUT,"{""run_id"":""recBjYHAjvHFNP65d"",""run_no"":""RUN-260310-P65d"",""process_type"":""pasteurize"",""unit_size"":5}",
recHvd9w73I82I00p,EVENT-260624-I00p,Sterilized,2026-06-24T22:04:27.843Z,operator2.email.address@mybusiness.com,Sterilizer OUT,"{""run_id"":""rec8b9gwQ65FYFTYo"",""run_no"":""RUN-260623-FTYo"",""process_type"":""sterilize"",""unit_size"":1.5,""component_set"":null}",
recHwJn6IuwrNEI4S,EVENT-250929-EI4S,Sterilized,2025-09-29T16:56:17.617Z,system,Sterilizer OUT,"{""run_id"":""rec05bWCGz5QaFIG6"",""run_no"":""RUN-250929-FIG6"",""process_type"":""sterilize"",""unit_size"":5}",
recI2Blgm78vK8RJk,EVENT-251121-8RJk,Sterilized,2025-11-21T17:16:00.000Z,system,Sterilizer OUT,"{""run_id"":""rec7frnAiC4O8e5eA"",""run_no"":""RUN-251121-e5eA"",""process_type"":""sterilize"",""unit_size"":2.5}",
recI66dUZSzzNNw1O,EVENT-260716-Nw1O,Consumed,,,Spawn to Bulk,"{""consumed_by_lot_ids"":[""recfTKQt97CPJYj2M"",""recvN5Wl9mXPxVEqa"",""recr3acYNMXy9fz6c""]}",
recI6mGXpddUbhnJc,EVENT-260104-hnJc,Sterilized,2026-01-04T20:27:19.381Z,system,Sterilizer OUT,"{""run_id"":""recA4XgFrJ5Ddr9au"",""run_no"":""RUN-260104-r9au"",""process_type"":""sterilize"",""unit_size"":2}",
recI8By47Wt9I84wd,EVENT-260307-84wd,Sterilized,2026-03-07T12:42:00.000Z,system,Sterilizer OUT,"{""run_id"":""recP2Xx5gAUDYMxKM"",""run_no"":""RUN-260307-MxKM"",""process_type"":""sterilize"",""unit_size"":2}",
recIARpN48U4XXKbZ,EVENT-260505-XKbZ,Sterilized,2026-05-05T22:22:14.543Z,system,Sterilizer OUT,"{""run_id"":""recNmAs6kOzTAInt8"",""run_no"":""RUN-260505-Int8"",""process_type"":""sterilize"",""unit_size"":2.5}",
recIBJh55QmBnpht5,EVENT-251007-pht5,Pasteurized,2025-10-07T16:17:00.000Z,Ray,Sterilizer OUT,"{""run_id"":""recgARlUsOnnMosWG"",""run_no"":""RUN-251006-osWG"",""process_type"":""pasteurize"",""unit_size"":5}",
recIKE619cNp2awdl,EVENT-260624-awdl,Sterilized,2026-06-24T22:04:27.843Z,operator2.email.address@mybusiness.com,Sterilizer OUT,"{""run_id"":""rec8b9gwQ65FYFTYo"",""run_no"":""RUN-260623-FTYo"",""process_type"":""sterilize"",""unit_size"":1.5,""component_set"":null}",
recIOSRoRO9Hn6L7W,EVENT-251112-6L7W,Pasteurized,2025-11-12T19:14:00.000Z,system,Sterilizer OUT,"{""run_id"":""recQHItBShPyIc3HD"",""run_no"":""RUN-251111-c3HD"",""process_type"":""pasteurize"",""unit_size"":5}",
recITRw2r2adX7Pvb,EVENT-251001-7Pvb,Sterilized,2025-10-01T20:38:00.000Z,system,Sterilizer OUT,"{""run_id"":""recP4vPmWzLh4NPb6"",""run_no"":""RUN-251001-NPb6"",""process_type"":""sterilize"",""unit_size"":2}",
recIYxIQMrH3A7Sm2,EVENT-260307-7Sm2,Sterilized,2026-03-07T12:42:00.000Z,system,Sterilizer OUT,"{""run_id"":""recP2Xx5gAUDYMxKM"",""run_no"":""RUN-260307-MxKM"",""process_type"":""sterilize"",""unit_size"":2}",
recIYzsuaHnD6C32m,EVENT-260513-C32m,Sterilized,2026-05-13T16:47:37.020Z,system,Sterilizer OUT,"{""run_id"":""recWAbeni0r7lEmMj"",""run_no"":""RUN-260512-EmMj"",""process_type"":""sterilize"",""unit_size"":500}",
recIdkzK7fhm7an6c,EVENT-260424-an6c,Sterilized,2026-04-24T07:30:00.000Z,Robert,Sterilizer OUT,"{""run_id"":""recCSZRx6w0VbzoXm"",""run_no"":""RUN-260424-zoXm"",""process_type"":""sterilize"",""unit_size"":2}",
recIfqaL9dqpok2CX,EVENT-260523-k2CX,Sterilized,2026-05-23T19:07:25.243Z,Robert,Sterilizer OUT,"{""run_id"":""recT7cCdNjTLducvq"",""run_no"":""RUN-260523-ucvq"",""process_type"":""sterilize"",""unit_size"":2}",
recIgcAXkceqFvI2L,EVENT-251106-vI2L,Sterilized,2025-10-04T16:06:00.000Z,system,Sterilizer OUT,"{""run_id"":""recOvvPYQJdTQszRK"",""run_no"":""RUN-251106-szRK"",""process_type"":""sterilize"",""unit_size"":2.5}",
recIlE6nF810EIQDR,EVENT-260424-IQDR,Sterilized,2026-04-24T07:30:00.000Z,Robert,Sterilizer OUT,"{""run_id"":""recCSZRx6w0VbzoXm"",""run_no"":""RUN-260424-zoXm"",""process_type"":""sterilize"",""unit_size"":2}",
recIlpTVX43V7hSwM,EVENT-251218-hSwM,Sterilized,2025-12-18T16:45:53.270Z,system,Sterilizer OUT,"{""run_id"":""recK7rkZM477CArlH"",""run_no"":""RUN-251216-ArlH"",""process_type"":""sterilize"",""unit_size"":2}",
recInNujmBCvcaMAo,EVENT-260307-aMAo,Sterilized,2026-03-07T12:42:00.000Z,system,Sterilizer OUT,"{""run_id"":""recP2Xx5gAUDYMxKM"",""run_no"":""RUN-260307-MxKM"",""process_type"":""sterilize"",""unit_size"":2}",
recIxBn248BVe4oHj,EVENT-251102-4oHj,Sterilized,2025-11-02T23:42:00.000Z,system,Sterilizer OUT,"{""run_id"":""rec6exEnme6glVWIG"",""run_no"":""RUN-251102-VWIG"",""process_type"":""sterilize"",""unit_size"":500}",
recIytvIemKse9OzE,EVENT-260104-9OzE,Sterilized,2026-01-04T20:27:19.381Z,system,Sterilizer OUT,"{""run_id"":""recA4XgFrJ5Ddr9au"",""run_no"":""RUN-260104-r9au"",""process_type"":""sterilize"",""unit_size"":2}",
recJ0aRF782QR1Xha,EVENT-260115-1Xha,Pasteurized,2026-01-15T13:53:00.000Z,system,Sterilizer OUT,"{""run_id"":""recaTWosVnlSlYF7z"",""run_no"":""RUN-260115-YF7z"",""process_type"":""pasteurize"",""unit_size"":2.5}",
recJ1Jw1YEQLqk5r2,EVENT-260616-k5r2,Sterilized,2026-06-15T16:51:00.000Z,operator1.email.address@mybusiness.com,Sterilizer OUT,"{""run_id"":""reckkAU2IsJQACD2X"",""run_no"":""RUN-260615-CD2X"",""process_type"":""sterilize"",""unit_size"":1.75}",
recJ7v8OwdYRD2Yly,EVENT-251209-2Yly,Pasteurized,2025-12-09T19:58:00.000Z,system,Sterilizer OUT,"{""run_id"":""recDo8bycSvstzMxa"",""run_no"":""RUN-251209-zMxa"",""process_type"":""pasteurize"",""unit_size"":2.5}",
recJC28Xan8uSlkqm,EVENT-260716-lkqm,Consumed,,,Spawn to Bulk,"{""consumed_by_lot_ids"":[""recfTKQt97CPJYj2M"",""recvN5Wl9mXPxVEqa"",""recr3acYNMXy9fz6c""]}",
recJCRgyBeElduUJc,EVENT-250929-uUJc,Sterilized,2025-05-01T16:30:00.000Z,system,Sterilizer OUT,"{""run_id"":""rec5IxBX2con6PUNz"",""run_no"":""RUN-250929-PUNz"",""process_type"":""sterilize"",""unit_size"":2}",
recJCpF1lSk0uVsKH,EVENT-251001-VsKH,Sterilized,2025-10-01T20:38:00.000Z,system,Sterilizer OUT,"{""run_id"":""recP4vPmWzLh4NPb6"",""run_no"":""RUN-251001-NPb6"",""process_type"":""sterilize"",""unit_size"":2}",
recJHl4K85mAtrB0c,EVENT-260115-rB0c,Pasteurized,2026-01-15T13:54:00.000Z,system,Sterilizer OUT,"{""run_id"":""recwQHRE6XnoCuI8g"",""run_no"":""RUN-260115-uI8g"",""process_type"":""pasteurize"",""unit_size"":5}",
recJJxaJzaxIOPgp2,EVENT-251117-Pgp2,Pasteurized,2025-11-17T18:18:33.861Z,system,Sterilizer OUT,"{""run_id"":""reclx5p8uinIUCIfB"",""run_no"":""RUN-251117-CIfB"",""process_type"":""pasteurize"",""unit_size"":3}",
recJZqLBq87oi3Y1k,EVENT-251209-3Y1k,Pasteurized,2025-12-09T19:58:00.000Z,system,Sterilizer OUT,"{""run_id"":""recDo8bycSvstzMxa"",""run_no"":""RUN-251209-zMxa"",""process_type"":""pasteurize"",""unit_size"":2.5}",
recJfrTMohlYsRNXh,EVENT-260103-RNXh,Pasteurized,2026-01-03T18:00:45.573Z,system,Sterilizer OUT,"{""run_id"":""recUFrG4DkfZfw3tU"",""run_no"":""RUN-260103-w3tU"",""process_type"":""pasteurize"",""unit_size"":2.5}",
recJjFzcZjgc3amnu,EVENT-251218-amnu,Sterilized,2025-12-18T16:45:53.270Z,system,Sterilizer OUT,"{""run_id"":""recK7rkZM477CArlH"",""run_no"":""RUN-251216-ArlH"",""process_type"":""sterilize"",""unit_size"":2}",
recJjfM9W2RhMxlUq,EVENT-251218-xlUq,Sterilized,2025-12-18T16:45:53.270Z,system,Sterilizer OUT,"{""run_id"":""recK7rkZM477CArlH"",""run_no"":""RUN-251216-ArlH"",""process_type"":""sterilize"",""unit_size"":2}",
recJntF4KPzZO4ue6,EVENT-260624-4ue6,Sterilized,2026-06-24T22:04:27.843Z,operator2.email.address@mybusiness.com,Sterilizer OUT,"{""run_id"":""rec8b9gwQ65FYFTYo"",""run_no"":""RUN-260623-FTYo"",""process_type"":""sterilize"",""unit_size"":1.5,""component_set"":null}",
recJoRo3bp5abHiaf,EVENT-250929-Hiaf,Sterilized,2025-09-29T16:56:17.617Z,system,Sterilizer OUT,"{""run_id"":""rec05bWCGz5QaFIG6"",""run_no"":""RUN-250929-FIG6"",""process_type"":""sterilize"",""unit_size"":5}",
recJok0JuVIwu2PYa,EVENT-260409-2PYa,Sterilized,2026-04-09T20:38:59.422Z,system,Sterilizer OUT,"{""run_id"":""recppjKznbkp9cKxo"",""run_no"":""RUN-260409-cKxo"",""process_type"":""sterilize"",""unit_size"":3}",
recJrWoHo8KHBaInS,EVENT-260624-aInS,Sterilized,2026-06-24T22:15:41.781Z,operator2.email.address@mybusiness.com,Sterilizer OUT,"{""run_id"":""receqE6oTONWjkun8"",""run_no"":""RUN-260623-kun8"",""process_type"":""sterilize"",""unit_size"":5,""component_set"":""WBS_CVG_RIZ1""}",
recJwIFugX36HU8Ih,EVENT-260519-U8Ih,Sterilized,2026-05-19T18:36:15.927Z,Robert,Sterilizer OUT,"{""run_id"":""recCzwiynOzb8UQbk"",""run_no"":""RUN-260519-UQbk"",""process_type"":""sterilize"",""unit_size"":7.5}",
recJztiksGj6hwv8O,EVENT-260616-wv8O,Sterilized,2026-06-15T16:51:00.000Z,operator1.email.address@mybusiness.com,Sterilizer OUT,"{""run_id"":""reckkAU2IsJQACD2X"",""run_no"":""RUN-260615-CD2X"",""process_type"":""sterilize"",""unit_size"":1.75}",
recK1RkQ1YnVYfv20,EVENT-260307-fv20,Sterilized,2026-03-07T12:42:00.000Z,system,Sterilizer OUT,"{""run_id"":""recP2Xx5gAUDYMxKM"",""run_no"":""RUN-260307-MxKM"",""process_type"":""sterilize"",""unit_size"":2}",
recK3gaTF0cQIJgkm,EVENT-251121-Jgkm,Sterilized,2025-11-21T17:16:00.000Z,system,Sterilizer OUT,"{""run_id"":""rec7frnAiC4O8e5eA"",""run_no"":""RUN-251121-e5eA"",""process_type"":""sterilize"",""unit_size"":2.5}",
recK6kmxWo2huWi2O,EVENT-260422-Wi2O,Sterilized,2026-04-22T12:28:52.942Z,system,Sterilizer OUT,"{""run_id"":""recKxVLX61XaTp3xU"",""run_no"":""RUN-260422-p3xU"",""process_type"":""sterilize"",""unit_size"":2.5}",
recKCSyyq81wBPcH7,EVENT-250929-PcH7,Sterilized,2025-05-01T15:52:00.000Z,system,Sterilizer OUT,"{""run_id"":""recHvjFAeDQH8qi6e"",""run_no"":""RUN-250929-qi6e"",""process_type"":""sterilize"",""unit_size"":500}",
recKIrjvJQwnRIndl,EVENT-260324-Indl,Sterilized,2026-03-24T13:17:23.986Z,system,Sterilizer OUT,"{""run_id"":""recOSF8bNk5Sq0Acf"",""run_no"":""RUN-260324-0Acf"",""process_type"":""sterilize"",""unit_size"":2}",
recKJtn8sXHqFGD98,EVENT-251117-GD98,Pasteurized,2025-11-17T18:18:33.861Z,system,Sterilizer OUT,"{""run_id"":""reclx5p8uinIUCIfB"",""run_no"":""RUN-251117-CIfB"",""process_type"":""pasteurize"",""unit_size"":3}",
recKM777HYbICqogG,EVENT-260307-qogG,Sterilized,2026-03-07T12:42:00.000Z,system,Sterilizer OUT,"{""run_id"":""recP2Xx5gAUDYMxKM"",""run_no"":""RUN-260307-MxKM"",""process_type"":""sterilize"",""unit_size"":2}",
recKMFKjajU4sp774,EVENT-251031-p774,Sterilized,2025-08-01T18:22:00.000Z,system,Sterilizer OUT,"{""run_id"":""recWF8fgbaNSXThS9"",""run_no"":""RUN-251031-ThS9"",""process_type"":""sterilize"",""unit_size"":7.5}",
recKMW3kMWi5tlbS5,EVENT-250929-lbS5,Sterilized,2025-05-01T15:52:00.000Z,system,Sterilizer OUT,"{""run_id"":""recHvjFAeDQH8qi6e"",""run_no"":""RUN-250929-qi6e"",""process_type"":""sterilize"",""unit_size"":500}",
recKOeMinbsb7NBZ0,EVENT-260624-NBZ0,Sterilized,2026-06-24T22:04:27.843Z,operator2.email.address@mybusiness.com,Sterilizer OUT,"{""run_id"":""rec8b9gwQ65FYFTYo"",""run_no"":""RUN-260623-FTYo"",""process_type"":""sterilize"",""unit_size"":1.5,""component_set"":null}",
recKQKpdG77gszV8W,EVENT-251218-zV8W,Sterilized,2025-12-18T16:45:53.270Z,system,Sterilizer OUT,"{""run_id"":""recK7rkZM477CArlH"",""run_no"":""RUN-251216-ArlH"",""process_type"":""sterilize"",""unit_size"":2}",
recKWFJrEbdjOmcRH,EVENT-251006-mcRH,Sterilized,2025-10-06T13:53:00.000Z,system,Sterilizer OUT,"{""run_id"":""recuvFovld7ZjNUip"",""run_no"":""RUN-251001-NUip"",""process_type"":""sterilize"",""unit_size"":5}",
recKbYRdoxSHEsBGg,EVENT-251008-sBGg,Sterilized,2025-10-08T11:17:00.000Z,Ray,Sterilizer OUT,"{""run_id"":""recdkaSPElUbPxgL9"",""run_no"":""RUN-251007-xgL9"",""process_type"":""sterilize"",""unit_size"":300}",
recKbieMtiZE9hnUD,EVENT-251106-hnUD,Sterilized,2025-09-29T16:10:00.000Z,system,Sterilizer OUT,"{""run_id"":""recRHkSJc9nkDBSwG"",""run_no"":""RUN-251106-BSwG"",""process_type"":""sterilize"",""unit_size"":2.5}",
recKd4g5clgoEMtSm,EVENT-260115-MtSm,Pasteurized,2026-01-15T13:53:00.000Z,system,Sterilizer OUT,"{""run_id"":""recaTWosVnlSlYF7z"",""run_no"":""RUN-260115-YF7z"",""process_type"":""pasteurize"",""unit_size"":2.5}",
recKenFEzKzX6NMch,EVENT-251111-NMch,Sterilized,2025-10-06T16:33:00.000Z,system,Sterilizer OUT,"{""run_id"":""rec5eTB6PGFAwjp2X"",""run_no"":""RUN-251111-jp2X"",""process_type"":""sterilize"",""unit_size"":2}",
recKmfKO1YWAuwMr3,EVENT-260117-wMr3,Sterilized,2026-01-17T13:36:00.000Z,system,Sterilizer OUT,"{""run_id"":""recWq1rGRxOkPaZCD"",""run_no"":""RUN-260117-aZCD"",""process_type"":""sterilize"",""unit_size"":7.5}",
recKqmTymPt1tFQJC,EVENT-251121-FQJC,Sterilized,2025-11-21T17:16:00.000Z,system,Sterilizer OUT,"{""run_id"":""rec7frnAiC4O8e5eA"",""run_no"":""RUN-251121-e5eA"",""process_type"":""sterilize"",""unit_size"":2.5}",
recL7FcOdSGpG5zJJ,EVENT-260103-5zJJ,Pasteurized,2026-01-03T18:00:45.573Z,system,Sterilizer OUT,"{""run_id"":""recUFrG4DkfZfw3tU"",""run_no"":""RUN-260103-w3tU"",""process_type"":""pasteurize"",""unit_size"":2.5}",
recLCHOMM63GZyekD,EVENT-260115-yekD,Pasteurized,2026-01-15T13:54:00.000Z,system,Sterilizer OUT,"{""run_id"":""recwQHRE6XnoCuI8g"",""run_no"":""RUN-260115-uI8g"",""process_type"":""pasteurize"",""unit_size"":5}",
recLH3s8ArwAL5C4G,EVENT-260622-5C4G,Pasteurized,2026-06-22T16:35:00.000Z,operator1.email.address@mybusiness.com,Sterilizer OUT,"{""run_id"":""recPbl4pQNxvxqso0"",""run_no"":""RUN-260622-qso0"",""process_type"":""pasteurize"",""unit_size"":5}",
recLLgtctyAD7Aaqi,EVENT-251213-Aaqi,Destroyed,2025-12-13T13:16:00.000Z,system,Sterilizer OUT,"{""run_id"":""recbpQro1A7CjLRoa"",""run_no"":""RUN-251213-LRoa"",""process_type"":""sterilize""}",
recLM0kMfpA1YzrGC,EVENT-260116-zrGC,Sterilized,2026-01-16T15:44:00.000Z,system,Sterilizer OUT,"{""run_id"":""reclq0rmQHqLDQ2cQ"",""run_no"":""RUN-260116-Q2cQ"",""process_type"":""sterilize"",""unit_size"":2}",
recLMGSSj0XjQf31e,EVENT-251117-f31e,Pasteurized,2025-11-17T18:18:33.861Z,system,Sterilizer OUT,"{""run_id"":""reclx5p8uinIUCIfB"",""run_no"":""RUN-251117-CIfB"",""process_type"":""pasteurize"",""unit_size"":3}",
recLP83ESywVPlvjk,EVENT-251106-lvjk,Sterilized,2025-11-06T17:04:00.000Z,system,Sterilizer OUT,"{""run_id"":""recnZxnsSIKBiQUSS"",""run_no"":""RUN-251106-QUSS"",""process_type"":""sterilize"",""unit_size"":7.5}",
recLR9rhu4iG0vD4e,EVENT-251112-vD4e,Pasteurized,2025-11-12T19:15:00.000Z,system,Sterilizer OUT,"{""run_id"":""recuPXC2xYSKykGvI"",""run_no"":""RUN-251112-kGvI"",""process_type"":""pasteurize"",""unit_size"":5}",
recLU0WvMvcXKFevU,EVENT-260228-FevU,Sterilized,2026-02-28T18:29:00.000Z,Robert,Sterilizer OUT,"{""run_id"":""rec0JC7G8fTAXxlJZ"",""run_no"":""RUN-260228-xlJZ"",""process_type"":""sterilize"",""unit_size"":7.5}",
recLWFDJmVoT8HCQb,EVENT-251006-HCQb,Sterilized,2025-10-06T13:53:00.000Z,system,Sterilizer OUT,"{""run_id"":""recuvFovld7ZjNUip"",""run_no"":""RUN-251001-NUip"",""process_type"":""sterilize"",""unit_size"":5}",
recLYvAyQczRvU2qK,EVENT-251121-U2qK,Sterilized,2025-11-21T17:16:00.000Z,system,Sterilizer OUT,"{""run_id"":""rec7frnAiC4O8e5eA"",""run_no"":""RUN-251121-e5eA"",""process_type"":""sterilize"",""unit_size"":2.5}",
recLbr6m7lRaajEua,EVENT-251209-jEua,Pasteurized,2025-12-09T20:03:00.000Z,system,Sterilizer OUT,"{""run_id"":""reczO19IW9jGWPeeq"",""run_no"":""RUN-251209-Peeq"",""process_type"":""pasteurize"",""unit_size"":5}",
recLc9EQW7Hd8qlqj,EVENT-260104-qlqj,Sterilized,2026-01-04T20:27:19.381Z,system,Sterilizer OUT,"{""run_id"":""recA4XgFrJ5Ddr9au"",""run_no"":""RUN-260104-r9au"",""process_type"":""sterilize"",""unit_size"":2}",
recLeauS9TcqGzfZd,EVENT-260616-zfZd,Sterilized,2026-06-15T16:51:00.000Z,operator1.email.address@mybusiness.com,Sterilizer OUT,"{""run_id"":""reckkAU2IsJQACD2X"",""run_no"":""RUN-260615-CD2X"",""process_type"":""sterilize"",""unit_size"":1.75}",
recLgGcCjp6mvXIGD,EVENT-260216-XIGD,Pasteurized,2026-02-16T23:15:57.425Z,system,Sterilizer OUT,"{""run_id"":""recJCeCBGXBTRPBSS"",""run_no"":""RUN-260216-PBSS"",""process_type"":""pasteurize"",""unit_size"":5}",
recLizcks3IvQIyjt,EVENT-260526-Iyjt,Consumed,,,Spawn to Bulk,"{""consumed_by_lot_ids"":[""reckKBxS9JUTbdeQI"",""rec21IwY2VX3wM3ju"",""recuf4I8TzEOk3TY7""]}",
recLkjX3JKk7rsgzJ,EVENT-251218-sgzJ,Sterilized,2025-12-18T16:45:53.270Z,system,Sterilizer OUT,"{""run_id"":""recK7rkZM477CArlH"",""run_no"":""RUN-251216-ArlH"",""process_type"":""sterilize"",""unit_size"":2}",
recLkkZITBqaNYSvC,EVENT-251106-YSvC,Sterilized,2025-09-01T16:42:00.000Z,system,Sterilizer OUT,"{""run_id"":""reckaHmIHYrtB98FP"",""run_no"":""RUN-251106-98FP"",""process_type"":""sterilize"",""unit_size"":7.5}",
recLnD1aLIBY2Cgku,EVENT-251106-Cgku,Sterilized,2025-11-06T17:04:00.000Z,system,Sterilizer OUT,"{""run_id"":""recnZxnsSIKBiQUSS"",""run_no"":""RUN-251106-QUSS"",""process_type"":""sterilize"",""unit_size"":7.5}",
recLqQ8eyov93s36n,EVENT-250929-s36n,Sterilized,2025-05-01T16:30:00.000Z,system,Sterilizer OUT,"{""run_id"":""rec5IxBX2con6PUNz"",""run_no"":""RUN-250929-PUNz"",""process_type"":""sterilize"",""unit_size"":2}",
recLsvZDAwwCiE9Se,EVENT-260629-E9Se,Sterilized,2026-06-29T20:52:53.810Z,operator2.email.address@mybusiness.com,Sterilizer OUT,"{""run_id"":""recmOfj55C1iwlLVT"",""run_no"":""RUN-260629-lLVT"",""process_type"":""sterilize"",""unit_size"":3,""component_set"":""WBS_CVG_RIZ1""}",
recM0R7YyzTMApAJx,EVENT-251121-pAJx,Sterilized,2025-11-21T17:16:00.000Z,system,Sterilizer OUT,"{""run_id"":""rec7frnAiC4O8e5eA"",""run_no"":""RUN-251121-e5eA"",""process_type"":""sterilize"",""unit_size"":2.5}",
recM1griq4zuLP9RP,EVENT-251213-P9RP,Destroyed,2025-12-13T13:16:00.000Z,system,Sterilizer OUT,"{""run_id"":""recbpQro1A7CjLRoa"",""run_no"":""RUN-251213-LRoa"",""process_type"":""sterilize""}",
recM2dCISxqzZcJP1,EVENT-260324-cJP1,Sterilized,2026-03-24T13:17:23.986Z,system,Sterilizer OUT,"{""run_id"":""recOSF8bNk5Sq0Acf"",""run_no"":""RUN-260324-0Acf"",""process_type"":""sterilize"",""unit_size"":2}",
recM3kMdLgQ8SyCGn,EVENT-260310-yCGn,Pasteurized,2026-03-10T18:23:50.693Z,Robert,Sterilizer OUT,"{""run_id"":""recBjYHAjvHFNP65d"",""run_no"":""RUN-260310-P65d"",""process_type"":""pasteurize"",""unit_size"":5}",
recM5U9pBq0GiORh9,EVENT-260324-ORh9,Sterilized,2026-03-24T13:17:23.986Z,system,Sterilizer OUT,"{""run_id"":""recOSF8bNk5Sq0Acf"",""run_no"":""RUN-260324-0Acf"",""process_type"":""sterilize"",""unit_size"":2}",
recM8DSbJvQiZPhuE,EVENT-260104-PhuE,Sterilized,2026-01-04T20:27:19.381Z,system,Sterilizer OUT,"{""run_id"":""recA4XgFrJ5Ddr9au"",""run_no"":""RUN-260104-r9au"",""process_type"":""sterilize"",""unit_size"":2}",
recM93GYql7E3hF7E,EVENT-250929-hF7E,Sterilized,2025-05-01T16:30:00.000Z,system,Sterilizer OUT,"{""run_id"":""rec5IxBX2con6PUNz"",""run_no"":""RUN-250929-PUNz"",""process_type"":""sterilize"",""unit_size"":2}",
recMDZgokarApQvim,EVENT-260616-Qvim,Sterilized,2026-06-15T16:51:00.000Z,operator1.email.address@mybusiness.com,Sterilizer OUT,"{""run_id"":""reckkAU2IsJQACD2X"",""run_no"":""RUN-260615-CD2X"",""process_type"":""sterilize"",""unit_size"":1.75}",
recMFNsC1kkVjq3wh,EVENT-260307-q3wh,Sterilized,2026-03-07T12:42:00.000Z,system,Sterilizer OUT,"{""run_id"":""recP2Xx5gAUDYMxKM"",""run_no"":""RUN-260307-MxKM"",""process_type"":""sterilize"",""unit_size"":2}",
recMI0oW3dOSSQxv7,EVENT-251001-Qxv7,Sterilized,2025-10-01T20:38:00.000Z,system,Sterilizer OUT,"{""run_id"":""recP4vPmWzLh4NPb6"",""run_no"":""RUN-251001-NPb6"",""process_type"":""sterilize"",""unit_size"":2}",
recMJYhD9lkAhGNoP,EVENT-260505-GNoP,Sterilized,2026-05-05T22:22:14.543Z,system,Sterilizer OUT,"{""run_id"":""recNmAs6kOzTAInt8"",""run_no"":""RUN-260505-Int8"",""process_type"":""sterilize"",""unit_size"":2.5}",
recMU0ZBlCEvmPTGU,EVENT-260622-PTGU,Pasteurized,2026-06-22T16:35:00.000Z,operator1.email.address@mybusiness.com,Sterilizer OUT,"{""run_id"":""recPbl4pQNxvxqso0"",""run_no"":""RUN-260622-qso0"",""process_type"":""pasteurize"",""unit_size"":5}",
recMZHWtF7kOShYUR,EVENT-260716-hYUR,SpawnedToBulk,,,Spawn to Bulk,"{""grain_input_ids"":[""recfGPOZJ9R0N6QWZ""],""substrate_input_ids"":[""recJ9apcaFgcCboZF"",""reclZmMP755JTJ0yh"",""recQST9Vx5j2Tr9R2""],""per_output_unit_size_lb"":3.1666666666666665,""output_item_code"":""FB-GENERIC"",""output_index"":2,""output_count"":3}",
recMZLpYQgfyufF6r,EVENT-260622-fF6r,Pasteurized,2026-06-22T16:35:00.000Z,operator1.email.address@mybusiness.com,Sterilizer OUT,"{""run_id"":""recPbl4pQNxvxqso0"",""run_no"":""RUN-260622-qso0"",""process_type"":""pasteurize"",""unit_size"":5}",
recMZSWx2dpnXEJ2Q,EVENT-260422-EJ2Q,Sterilized,2026-04-22T12:28:52.942Z,system,Sterilizer OUT,"{""run_id"":""recKxVLX61XaTp3xU"",""run_no"":""RUN-260422-p3xU"",""process_type"":""sterilize"",""unit_size"":2.5}",
recMfMaRqhwJR5wmk,EVENT-260104-5wmk,Sterilized,2026-01-04T20:27:19.381Z,system,Sterilizer OUT,"{""run_id"":""recA4XgFrJ5Ddr9au"",""run_no"":""RUN-260104-r9au"",""process_type"":""sterilize"",""unit_size"":2}",
recMhPC0RS5lx5cyH,EVENT-260523-5cyH,Sterilized,2026-05-23T19:07:25.243Z,Robert,Sterilizer OUT,"{""run_id"":""recT7cCdNjTLducvq"",""run_no"":""RUN-260523-ucvq"",""process_type"":""sterilize"",""unit_size"":2}",
recMkMxJvMQdJZEaU,EVENT-251001-ZEaU,Sterilized,2025-10-01T20:38:00.000Z,system,Sterilizer OUT,"{""run_id"":""recP4vPmWzLh4NPb6"",""run_no"":""RUN-251001-NPb6"",""process_type"":""sterilize"",""unit_size"":2}",
recMlY49RhbGdgTCY,EVENT-251106-gTCY,Sterilized,2025-11-06T17:04:00.000Z,system,Sterilizer OUT,"{""run_id"":""recnZxnsSIKBiQUSS"",""run_no"":""RUN-251106-QUSS"",""process_type"":""sterilize"",""unit_size"":7.5}",
recMxkItxYIpi6hCM,EVENT-251213-6hCM,Sterilized,2025-12-13T13:16:00.000Z,system,Sterilizer OUT,"{""run_id"":""recbpQro1A7CjLRoa"",""run_no"":""RUN-251213-LRoa"",""process_type"":""sterilize"",""unit_size"":2.5}",
recMyX1fnREJ8vpQs,EVENT-251121-vpQs,Sterilized,2025-11-21T17:16:00.000Z,system,Sterilizer OUT,"{""run_id"":""rec7frnAiC4O8e5eA"",""run_no"":""RUN-251121-e5eA"",""process_type"":""sterilize"",""unit_size"":2.5}",
recN1iY138E5dLVgX,EVENT-251209-LVgX,Pasteurized,2025-12-09T19:58:00.000Z,system,Sterilizer OUT,"{""run_id"":""recDo8bycSvstzMxa"",""run_no"":""RUN-251209-zMxa"",""process_type"":""pasteurize"",""unit_size"":2.5}",
recN3zVZM8Yptuhr1,EVENT-260117-uhr1,Sterilized,2026-01-17T13:36:00.000Z,system,Sterilizer OUT,"{""run_id"":""recWq1rGRxOkPaZCD"",""run_no"":""RUN-260117-aZCD"",""process_type"":""sterilize"",""unit_size"":7.5}",
recN6Bs2DgdcORCHz,EVENT-260216-RCHz,Pasteurized,2026-02-16T23:15:57.425Z,system,Sterilizer OUT,"{""run_id"":""recJCeCBGXBTRPBSS"",""run_no"":""RUN-260216-PBSS"",""process_type"":""pasteurize"",""unit_size"":5}",
recN8hOUUm4wsAgHi,EVENT-251006-AgHi,Sterilized,2025-10-06T13:53:00.000Z,system,Sterilizer OUT,"{""run_id"":""recuvFovld7ZjNUip"",""run_no"":""RUN-251001-NUip"",""process_type"":""sterilize"",""unit_size"":5}",
recNAQbwXXIbEoZ4f,EVENT-251112-oZ4f,Pasteurized,2025-11-12T19:15:00.000Z,system,Sterilizer OUT,"{""run_id"":""recuPXC2xYSKykGvI"",""run_no"":""RUN-251112-kGvI"",""process_type"":""pasteurize"",""unit_size"":5}",
recNCFEZ7ngKdHgWe,EVENT-251007-HgWe,Pasteurized,2025-10-07T16:17:00.000Z,Ray,Sterilizer OUT,"{""run_id"":""recgARlUsOnnMosWG"",""run_no"":""RUN-251006-osWG"",""process_type"":""pasteurize"",""unit_size"":5}",
recNErbZnSHaCXr5s,EVENT-260104-Xr5s,Sterilized,2026-01-04T20:27:19.381Z,system,Sterilizer OUT,"{""run_id"":""recA4XgFrJ5Ddr9au"",""run_no"":""RUN-260104-r9au"",""process_type"":""sterilize"",""unit_size"":2}",
recNG8bXbP2UOr5ze,EVENT-260422-r5ze,Sterilized,2026-04-22T12:28:52.942Z,system,Sterilizer OUT,"{""run_id"":""recKxVLX61XaTp3xU"",""run_no"":""RUN-260422-p3xU"",""process_type"":""sterilize"",""unit_size"":2.5}",
recNI1WrPHXekf79n,EVENT-251229-f79n,Pasteurized,2025-12-29T19:46:46.420Z,system,Sterilizer OUT,"{""run_id"":""recDE4jIfkUYCTuuF"",""run_no"":""RUN-251229-TuuF"",""process_type"":""pasteurize"",""unit_size"":5}",
recNNBTUvE20pbUJG,EVENT-260104-bUJG,Sterilized,2026-01-04T20:27:19.381Z,system,Sterilizer OUT,"{""run_id"":""recA4XgFrJ5Ddr9au"",""run_no"":""RUN-260104-r9au"",""process_type"":""sterilize"",""unit_size"":2}",
recNNZNv5VppAMJmq,EVENT-260307-MJmq,Sterilized,2026-03-07T12:42:00.000Z,system,Sterilizer OUT,"{""run_id"":""recP2Xx5gAUDYMxKM"",""run_no"":""RUN-260307-MxKM"",""process_type"":""sterilize"",""unit_size"":2}",
recNOhGHpKjerZ4af,EVENT-260622-Z4af,Pasteurized,2026-06-22T16:35:00.000Z,operator1.email.address@mybusiness.com,Sterilizer OUT,"{""run_id"":""recPbl4pQNxvxqso0"",""run_no"":""RUN-260622-qso0"",""process_type"":""pasteurize"",""unit_size"":5}",
recNWgWVEUXTjhiEC,EVENT-251008-hiEC,Sterilized,2025-10-08T11:17:00.000Z,Ray,Sterilizer OUT,"{""run_id"":""recdkaSPElUbPxgL9"",""run_no"":""RUN-251007-xgL9"",""process_type"":""sterilize"",""unit_size"":300}",
recNWqYrxsisec1B5,EVENT-251106-c1B5,Sterilized,2025-10-04T16:06:00.000Z,system,Sterilizer OUT,"{""run_id"":""recOvvPYQJdTQszRK"",""run_no"":""RUN-251106-szRK"",""process_type"":""sterilize"",""unit_size"":2.5}",
recNcLd78T0dAROxi,EVENT-251013-ROxi,Pasteurized,2025-09-01T19:26:00.000Z,system,Sterilizer OUT,"{""run_id"":""recZjdmiO6FX311Nb"",""run_no"":""RUN-251013-11Nb"",""process_type"":""pasteurize"",""unit_size"":2.5}",
recNjvaKDF8qTjZ80,EVENT-251031-jZ80,Sterilized,2025-10-30T19:34:00.000Z,Ray,Sterilizer OUT,"{""run_id"":""recUp0YyktIFcGwuf"",""run_no"":""RUN-251030-Gwuf"",""process_type"":""sterilize"",""unit_size"":500}",
recNtGUPy6rSOdgbt,EVENT-260307-dgbt,Sterilized,2026-03-07T12:42:00.000Z,system,Sterilizer OUT,"{""run_id"":""recP2Xx5gAUDYMxKM"",""run_no"":""RUN-260307-MxKM"",""process_type"":""sterilize"",""unit_size"":2}",
recNulfeMNSAusMh4,EVENT-251216-sMh4,Sterilized,2025-12-16T16:38:00.000Z,system,Sterilizer OUT,"{""run_id"":""recd8oY6zF8OChGI0"",""run_no"":""RUN-251213-hGI0"",""process_type"":""sterilize"",""unit_size"":7.5}",
recO0l0SgcPwIu2yx,EVENT-260616-u2yx,Sterilized,2026-06-15T16:51:00.000Z,operator1.email.address@mybusiness.com,Sterilizer OUT,"{""run_id"":""reckkAU2IsJQACD2X"",""run_no"":""RUN-260615-CD2X"",""process_type"":""sterilize"",""unit_size"":1.75}",
recO9GeyE8zBl39Xh,EVENT-260104-39Xh,Sterilized,2026-01-04T20:27:19.381Z,system,Sterilizer OUT,"{""run_id"":""recA4XgFrJ5Ddr9au"",""run_no"":""RUN-260104-r9au"",""process_type"":""sterilize"",""unit_size"":2}",
recO9piwON7g4yBny,EVENT-260616-yBny,Sterilized,2026-06-15T16:51:00.000Z,operator1.email.address@mybusiness.com,Sterilizer OUT,"{""run_id"":""reckkAU2IsJQACD2X"",""run_no"":""RUN-260615-CD2X"",""process_type"":""sterilize"",""unit_size"":1.75}",
recOCJYRHx3QIDcrw,EVENT-260424-Dcrw,Sterilized,2026-04-24T07:30:00.000Z,Robert,Sterilizer OUT,"{""run_id"":""recCSZRx6w0VbzoXm"",""run_no"":""RUN-260424-zoXm"",""process_type"":""sterilize"",""unit_size"":2}",
recOCfkyMPI5Gt0kO,EVENT-260523-t0kO,Sterilized,2026-05-23T19:07:25.243Z,Robert,Sterilizer OUT,"{""run_id"":""recT7cCdNjTLducvq"",""run_no"":""RUN-260523-ucvq"",""process_type"":""sterilize"",""unit_size"":2}",
recOFX7nUqDtpY94P,EVENT-260716-Y94P,Sterilized,2026-07-16T19:09:00.000Z,operator1.email.address@mybusiness.com,Sterilizer OUT,"{""run_id"":""recH9XtQ3GNRt9tvy"",""run_no"":""RUN-260716-9tvy"",""process_type"":""sterilize"",""unit_size"":2.5,""component_set"":null}",
recOGfWU4oUTJ4iAF,EVENT-251117-4iAF,Pasteurized,2025-11-17T18:18:33.861Z,system,Sterilizer OUT,"{""run_id"":""reclx5p8uinIUCIfB"",""run_no"":""RUN-251117-CIfB"",""process_type"":""pasteurize"",""unit_size"":3}",
recOH2LOGN4IsjMtg,EVENT-250929-jMtg,Sterilized,2025-08-01T18:28:00.000Z,system,Sterilizer OUT,"{""run_id"":""reci6qyctBY2UEJbw"",""run_no"":""RUN-250929-EJbw"",""process_type"":""sterilize"",""unit_size"":5}",
recOLCNsdUTwFDx5B,EVENT-250929-Dx5B,Sterilized,2025-08-01T18:28:00.000Z,system,Sterilizer OUT,"{""run_id"":""reci6qyctBY2UEJbw"",""run_no"":""RUN-250929-EJbw"",""process_type"":""sterilize"",""unit_size"":5}",
recOQEVCsg9QLf0JQ,EVENT-260525-f0JQ,Pasteurized,2026-05-25T18:58:06.442Z,Robert,Sterilizer OUT,"{""run_id"":""recgRAjPX8HKei2lj"",""run_no"":""RUN-260525-i2lj"",""process_type"":""pasteurize"",""unit_size"":5}",
recOXi3GlU9a0fyZG,EVENT-260117-fyZG,Sterilized,2026-01-17T13:35:00.000Z,system,Sterilizer OUT,"{""run_id"":""recnsscrJxfGLlP8i"",""run_no"":""RUN-260117-lP8i"",""process_type"":""sterilize"",""unit_size"":2.5}",
recOeE0Inq4wr2MIe,EVENT-260424-2MIe,Sterilized,2026-04-24T07:30:00.000Z,Robert,Sterilizer OUT,"{""run_id"":""recCSZRx6w0VbzoXm"",""run_no"":""RUN-260424-zoXm"",""process_type"":""sterilize"",""unit_size"":2}",
recOmkwlIinxR6uoQ,EVENT-260624-6uoQ,Sterilized,2026-06-24T22:04:27.843Z,operator2.email.address@mybusiness.com,Sterilizer OUT,"{""run_id"":""rec8b9gwQ65FYFTYo"",""run_no"":""RUN-260623-FTYo"",""process_type"":""sterilize"",""unit_size"":1.5,""component_set"":null}",
recOtYUtnGuPinDLq,EVENT-260117-nDLq,Sterilized,2026-01-17T13:35:00.000Z,system,Sterilizer OUT,"{""run_id"":""recnsscrJxfGLlP8i"",""run_no"":""RUN-260117-lP8i"",""process_type"":""sterilize"",""unit_size"":2.5}",
recP18Itb0OGJyOcg,EVENT-260716-yOcg,Sterilized,2026-07-16T19:09:00.000Z,operator1.email.address@mybusiness.com,Sterilizer OUT,"{""run_id"":""recH9XtQ3GNRt9tvy"",""run_no"":""RUN-260716-9tvy"",""process_type"":""sterilize"",""unit_size"":2.5,""component_set"":null}",
recP2KK39WcKzsX48,EVENT-260324-sX48,Sterilized,2026-03-24T13:17:23.986Z,system,Sterilizer OUT,"{""run_id"":""recOSF8bNk5Sq0Acf"",""run_no"":""RUN-260324-0Acf"",""process_type"":""sterilize"",""unit_size"":2}",
recP2U0VMNaCV3iQ5,EVENT-260117-3iQ5,Sterilized,2026-01-17T13:35:00.000Z,system,Sterilizer OUT,"{""run_id"":""recnsscrJxfGLlP8i"",""run_no"":""RUN-260117-lP8i"",""process_type"":""sterilize"",""unit_size"":2.5}",
recP2WvaFC1pY7alQ,EVENT-260307-7alQ,Sterilized,2026-03-07T12:42:00.000Z,system,Sterilizer OUT,"{""run_id"":""recP2Xx5gAUDYMxKM"",""run_no"":""RUN-260307-MxKM"",""process_type"":""sterilize"",""unit_size"":2}",
recP478Oq3aluqTjg,EVENT-260523-qTjg,Sterilized,2026-05-23T19:07:25.243Z,Robert,Sterilizer OUT,"{""run_id"":""recT7cCdNjTLducvq"",""run_no"":""RUN-260523-ucvq"",""process_type"":""sterilize"",""unit_size"":2}",
recP67lU1HRR6vVoT,EVENT-250929-vVoT,Sterilized,2025-08-01T18:28:00.000Z,system,Sterilizer OUT,"{""run_id"":""reci6qyctBY2UEJbw"",""run_no"":""RUN-250929-EJbw"",""process_type"":""sterilize"",""unit_size"":5}",
recP6zkuBq1hZTYSB,EVENT-260523-TYSB,Sterilized,2026-05-23T19:07:25.243Z,Robert,Sterilizer OUT,"{""run_id"":""recT7cCdNjTLducvq"",""run_no"":""RUN-260523-ucvq"",""process_type"":""sterilize"",""unit_size"":2}",
recP7tAPFJUAR01x0,EVENT-251008-01x0,Sterilized,2025-10-08T11:17:00.000Z,Ray,Sterilizer OUT,"{""run_id"":""recdkaSPElUbPxgL9"",""run_no"":""RUN-251007-xgL9"",""process_type"":""sterilize"",""unit_size"":300}",
recP94v6J97UU3ahv,EVENT-260523-3ahv,Sterilized,2026-05-23T19:07:25.243Z,Robert,Sterilizer OUT,"{""run_id"":""recT7cCdNjTLducvq"",""run_no"":""RUN-260523-ucvq"",""process_type"":""sterilize"",""unit_size"":2}",
recPB2R64HxlYNTcM,EVENT-251213-NTcM,Sterilized,2025-05-24T17:31:00.000Z,system,Sterilizer OUT,"{""run_id"":""rec9j3VusnvUCMMk2"",""run_no"":""RUN-251213-MMk2"",""process_type"":""sterilize"",""unit_size"":2}",
recPEa8xOiYHFvMCO,EVENT-260424-vMCO,Sterilized,2026-04-24T07:30:00.000Z,Robert,Sterilizer OUT,"{""run_id"":""recCSZRx6w0VbzoXm"",""run_no"":""RUN-260424-zoXm"",""process_type"":""sterilize"",""unit_size"":2}",
recPIeDFixNRpqHFM,EVENT-260409-qHFM,Sterilized,2026-04-09T20:38:59.422Z,system,Sterilizer OUT,"{""run_id"":""recppjKznbkp9cKxo"",""run_no"":""RUN-260409-cKxo"",""process_type"":""sterilize"",""unit_size"":3}",
recPJIGu9ihTTxO9j,EVENT-250929-xO9j,Sterilized,2025-05-01T16:30:00.000Z,system,Sterilizer OUT,"{""run_id"":""rec5IxBX2con6PUNz"",""run_no"":""RUN-250929-PUNz"",""process_type"":""sterilize"",""unit_size"":2}",
recPJTbbWC4NMvtFg,EVENT-260523-vtFg,Sterilized,2026-05-23T19:07:25.243Z,Robert,Sterilizer OUT,"{""run_id"":""recT7cCdNjTLducvq"",""run_no"":""RUN-260523-ucvq"",""process_type"":""sterilize"",""unit_size"":2}",
recPNsKcizthztPNv,EVENT-260327-tPNv,Sterilized,2026-03-23T20:45:00.000Z,system,Sterilizer OUT,"{""run_id"":""rec8ZdEg2StmlxanB"",""run_no"":""RUN-260327-xanB"",""process_type"":""sterilize"",""unit_size"":400}",
recPPYnbI7xz5lbva,EVENT-260305-lbva,Sterilized,2026-03-05T17:21:04.594Z,Robert,Sterilizer OUT,"{""run_id"":""recrCRbHVGXTgst5W"",""run_no"":""RUN-260305-st5W"",""process_type"":""sterilize"",""unit_size"":7.5}",
recPToVgtw6nK2esj,EVENT-260422-2esj,Sterilized,2026-04-22T12:28:52.942Z,system,Sterilizer OUT,"{""run_id"":""recKxVLX61XaTp3xU"",""run_no"":""RUN-260422-p3xU"",""process_type"":""sterilize"",""unit_size"":2.5}",
recPTrZVLZ5GVPZY3,EVENT-260116-PZY3,Sterilized,2026-01-16T15:44:00.000Z,system,Sterilizer OUT,"{""run_id"":""reclq0rmQHqLDQ2cQ"",""run_no"":""RUN-260116-Q2cQ"",""process_type"":""sterilize"",""unit_size"":2}",
recPZ0nOWOMqxtI02,EVENT-251013-tI02,Pasteurized,2025-09-01T19:26:00.000Z,system,Sterilizer OUT,"{""run_id"":""recZjdmiO6FX311Nb"",""run_no"":""RUN-251013-11Nb"",""process_type"":""pasteurize"",""unit_size"":2.5}",
recPb881AWrrRa7rm,EVENT-260616-a7rm,Sterilized,2026-06-15T16:51:00.000Z,operator1.email.address@mybusiness.com,Sterilizer OUT,"{""run_id"":""reckkAU2IsJQACD2X"",""run_no"":""RUN-260615-CD2X"",""process_type"":""sterilize"",""unit_size"":1.75}",
recPcDV1cMepMXP8S,EVENT-260307-XP8S,Sterilized,2026-03-07T12:42:00.000Z,system,Sterilizer OUT,"{""run_id"":""recP2Xx5gAUDYMxKM"",""run_no"":""RUN-260307-MxKM"",""process_type"":""sterilize"",""unit_size"":2}",
recPl1E7nIHQu4fUL,EVENT-260307-4fUL,Sterilized,2026-03-07T12:42:00.000Z,system,Sterilizer OUT,"{""run_id"":""recP2Xx5gAUDYMxKM"",""run_no"":""RUN-260307-MxKM"",""process_type"":""sterilize"",""unit_size"":2}",
recPlljr5FC5MkskJ,EVENT-260310-kskJ,Pasteurized,2026-03-10T18:23:50.693Z,Robert,Sterilizer OUT,"{""run_id"":""recBjYHAjvHFNP65d"",""run_no"":""RUN-260310-P65d"",""process_type"":""pasteurize"",""unit_size"":5}",
recPnn81AbIDcVpvp,EVENT-260622-Vpvp,Pasteurized,2026-06-22T16:35:00.000Z,operator1.email.address@mybusiness.com,Sterilizer OUT,"{""run_id"":""recPbl4pQNxvxqso0"",""run_no"":""RUN-260622-qso0"",""process_type"":""pasteurize"",""unit_size"":5}",
recPoS3YKVolhffcM,EVENT-260117-ffcM,Sterilized,2026-01-17T13:35:00.000Z,system,Sterilizer OUT,"{""run_id"":""recnsscrJxfGLlP8i"",""run_no"":""RUN-260117-lP8i"",""process_type"":""sterilize"",""unit_size"":2.5}",
recPpdJyG9lKO8p1K,EVENT-251111-8p1K,Sterilized,2025-10-06T16:33:00.000Z,system,Sterilizer OUT,"{""run_id"":""rec5eTB6PGFAwjp2X"",""run_no"":""RUN-251111-jp2X"",""process_type"":""sterilize"",""unit_size"":2}",
recPyyCY0Vv414Vt6,EVENT-260104-4Vt6,Sterilized,2026-01-04T20:27:19.381Z,system,Sterilizer OUT,"{""run_id"":""recA4XgFrJ5Ddr9au"",""run_no"":""RUN-260104-r9au"",""process_type"":""sterilize"",""unit_size"":2}",
recQ0uUmMalPGvHsx,EVENT-260104-vHsx,Sterilized,2026-01-04T20:27:19.381Z,system,Sterilizer OUT,"{""run_id"":""recA4XgFrJ5Ddr9au"",""run_no"":""RUN-260104-r9au"",""process_type"":""sterilize"",""unit_size"":2}",
recQ11SEI2L6UjoHG,EVENT-260324-joHG,Sterilized,2026-03-24T13:17:23.986Z,system,Sterilizer OUT,"{""run_id"":""recOSF8bNk5Sq0Acf"",""run_no"":""RUN-260324-0Acf"",""process_type"":""sterilize"",""unit_size"":2}",
recQ2n76200TAt591,EVENT-260619-t591,Contaminated,2026-06-19T19:07:03.588Z,,Dark Room,{},
recQ5zAVc29X5BnN1,EVENT-251008-BnN1,Sterilized,2025-10-08T11:17:00.000Z,Ray,Sterilizer OUT,"{""run_id"":""recdkaSPElUbPxgL9"",""run_no"":""RUN-251007-xgL9"",""process_type"":""sterilize"",""unit_size"":300}",
recQ8ZAROnFp5RP8B,EVENT-251212-RP8B,Sterilized,2025-12-06T18:17:00.000Z,system,Sterilizer OUT,"{""run_id"":""recf9lSLONsH3GW1m"",""run_no"":""RUN-251212-GW1m"",""process_type"":""sterilize"",""unit_size"":300}",
recQB1twiMAPZphV1,EVENT-260706-phV1,SpawnedToBulk,,,Spawn to Bulk,"{""grain_input_ids"":[""recKhyC763sXlV2R3""],""substrate_input_ids"":[""recFogSVU6qM1oaya"",""rectxI4B5hYudoJqy""],""per_output_unit_size_lb"":8.5,""output_item_code"":""FB-MM75-LG"",""output_index"":0,""output_count"":2}",
recQCoc4QjWIAJHzM,EVENT-260307-JHzM,Sterilized,2026-03-07T12:42:00.000Z,system,Sterilizer OUT,"{""run_id"":""recP2Xx5gAUDYMxKM"",""run_no"":""RUN-260307-MxKM"",""process_type"":""sterilize"",""unit_size"":2}",
recQKKOn5902cLeoy,EVENT-251218-Leoy,Sterilized,2025-12-18T16:45:53.270Z,system,Sterilizer OUT,"{""run_id"":""recK7rkZM477CArlH"",""run_no"":""RUN-251216-ArlH"",""process_type"":""sterilize"",""unit_size"":2}",
recQKl0VAHIZqxQlb,EVENT-250929-xQlb,Sterilized,2025-09-29T16:56:17.617Z,system,Sterilizer OUT,"{""run_id"":""rec05bWCGz5QaFIG6"",""run_no"":""RUN-250929-FIG6"",""process_type"":""sterilize"",""unit_size"":5}",
recQKlOneuJghXvlg,EVENT-260310-Xvlg,Pasteurized,2026-03-10T18:23:50.693Z,Robert,Sterilizer OUT,"{""run_id"":""recBjYHAjvHFNP65d"",""run_no"":""RUN-260310-P65d"",""process_type"":""pasteurize"",""unit_size"":5}",
recQMnqSXw24xjsB7,EVENT-260310-jsB7,Pasteurized,2026-03-10T18:23:50.693Z,Robert,Sterilizer OUT,"{""run_id"":""recBjYHAjvHFNP65d"",""run_no"":""RUN-260310-P65d"",""process_type"":""pasteurize"",""unit_size"":5}",
recQOhrHyrZeTClKW,EVENT-251106-ClKW,Sterilized,2025-05-01T16:16:00.000Z,system,Sterilizer OUT,"{""run_id"":""recLnmMSDfJzwR3QW"",""run_no"":""RUN-251106-R3QW"",""process_type"":""sterilize"",""unit_size"":2}",
recQPXhRnwk6U1O6a,EVENT-251106-1O6a,Sterilized,2025-09-01T16:42:00.000Z,system,Sterilizer OUT,"{""run_id"":""reckaHmIHYrtB98FP"",""run_no"":""RUN-251106-98FP"",""process_type"":""sterilize"",""unit_size"":7.5}",
recQPrwyDPYT8wXod,EVENT-251121-wXod,Sterilized,2025-11-21T17:16:00.000Z,system,Sterilizer OUT,"{""run_id"":""rec7frnAiC4O8e5eA"",""run_no"":""RUN-251121-e5eA"",""process_type"":""sterilize"",""unit_size"":2.5}",
recQU1brMXS3p8X5l,EVENT-260307-8X5l,Sterilized,2026-03-07T12:42:00.000Z,system,Sterilizer OUT,"{""run_id"":""recP2Xx5gAUDYMxKM"",""run_no"":""RUN-260307-MxKM"",""process_type"":""sterilize"",""unit_size"":2}",
recQUXkRq25dJB9jc,EVENT-251121-B9jc,Sterilized,2025-11-21T17:16:00.000Z,system,Sterilizer OUT,"{""run_id"":""rec7frnAiC4O8e5eA"",""run_no"":""RUN-251121-e5eA"",""process_type"":""sterilize"",""unit_size"":2.5}",
recQVP2IV3XG3rxFg,EVENT-250929-rxFg,Sterilized,2025-08-01T18:28:00.000Z,system,Sterilizer OUT,"{""run_id"":""reci6qyctBY2UEJbw"",""run_no"":""RUN-250929-EJbw"",""process_type"":""sterilize"",""unit_size"":5}",
recQXZm6r9XZIyeDK,EVENT-260104-yeDK,Sterilized,2026-01-04T20:27:19.381Z,system,Sterilizer OUT,"{""run_id"":""recA4XgFrJ5Ddr9au"",""run_no"":""RUN-260104-r9au"",""process_type"":""sterilize"",""unit_size"":2}",
recQXz2DC72TGVdtc,EVENT-251013-Vdtc,Pasteurized,2025-09-01T19:26:00.000Z,system,Sterilizer OUT,"{""run_id"":""recZjdmiO6FX311Nb"",""run_no"":""RUN-251013-11Nb"",""process_type"":""pasteurize"",""unit_size"":2.5}",
recQYiW2b7hziLoXi,EVENT-251117-LoXi,Pasteurized,2025-11-17T18:18:33.861Z,system,Sterilizer OUT,"{""run_id"":""reclx5p8uinIUCIfB"",""run_no"":""RUN-251117-CIfB"",""process_type"":""pasteurize"",""unit_size"":3}",
recQf1yHT9ylc16Ni,EVENT-250929-16Ni,Sterilized,2025-08-01T18:28:00.000Z,system,Sterilizer OUT,"{""run_id"":""reci6qyctBY2UEJbw"",""run_no"":""RUN-250929-EJbw"",""process_type"":""sterilize"",""unit_size"":5}",
recQk1BrDGMquJgzs,EVENT-251004-Jgzs,Sterilized,2025-10-04T22:52:20.076Z,system,Sterilizer OUT,"{""run_id"":""recNYZ14Enhg7fwbw"",""run_no"":""RUN-251004-fwbw"",""process_type"":""sterilize"",""unit_size"":2.5}",
recQmACMGADHIK5Hg,EVENT-260117-K5Hg,Sterilized,2026-01-17T13:36:00.000Z,system,Sterilizer OUT,"{""run_id"":""recWq1rGRxOkPaZCD"",""run_no"":""RUN-260117-aZCD"",""process_type"":""sterilize"",""unit_size"":7.5}",
recQmR3OdPMNk5Eno,EVENT-260307-5Eno,Sterilized,2026-03-07T12:42:00.000Z,system,Sterilizer OUT,"{""run_id"":""recP2Xx5gAUDYMxKM"",""run_no"":""RUN-260307-MxKM"",""process_type"":""sterilize"",""unit_size"":2}",
recQmcHNa4QvqNIwG,EVENT-260305-NIwG,Sterilized,2026-03-05T17:21:04.594Z,Robert,Sterilizer OUT,"{""run_id"":""recrCRbHVGXTgst5W"",""run_no"":""RUN-260305-st5W"",""process_type"":""sterilize"",""unit_size"":7.5}",
recQqiQpw1G0z2b2r,EVENT-251031-2b2r,Sterilized,2025-08-01T18:22:00.000Z,system,Sterilizer OUT,"{""run_id"":""recWF8fgbaNSXThS9"",""run_no"":""RUN-251031-ThS9"",""process_type"":""sterilize"",""unit_size"":7.5}",
recQs3Uqh5aM4FNq3,EVENT-260324-FNq3,Sterilized,2026-03-24T13:17:23.986Z,system,Sterilizer OUT,"{""run_id"":""recOSF8bNk5Sq0Acf"",""run_no"":""RUN-260324-0Acf"",""process_type"":""sterilize"",""unit_size"":2}",
recQxSAH2TL7lz6EN,EVENT-260103-z6EN,Pasteurized,2026-01-03T18:06:18.361Z,system,Sterilizer OUT,"{""run_id"":""recnmVSmZQ40uboWR"",""run_no"":""RUN-260103-boWR"",""process_type"":""pasteurize"",""unit_size"":5}",
recQxu5cz7ko6e9A3,EVENT-260523-e9A3,Sterilized,2026-05-23T19:07:25.243Z,Robert,Sterilizer OUT,"{""run_id"":""recT7cCdNjTLducvq"",""run_no"":""RUN-260523-ucvq"",""process_type"":""sterilize"",""unit_size"":2}",
recQzKVF9NPkrdGbq,EVENT-251013-dGbq,Pasteurized,2025-09-01T19:26:00.000Z,system,Sterilizer OUT,"{""run_id"":""recZjdmiO6FX311Nb"",""run_no"":""RUN-251013-11Nb"",""process_type"":""pasteurize"",""unit_size"":2.5}",
recQzl1Uo9IVXQIxI,EVENT-251001-QIxI,Sterilized,2025-10-01T20:38:00.000Z,system,Sterilizer OUT,"{""run_id"":""recP4vPmWzLh4NPb6"",""run_no"":""RUN-251001-NPb6"",""process_type"":""sterilize"",""unit_size"":2}",
recR0TETAX5M4nUiq,EVENT-260307-nUiq,Sterilized,2026-03-07T12:42:00.000Z,system,Sterilizer OUT,"{""run_id"":""recP2Xx5gAUDYMxKM"",""run_no"":""RUN-260307-MxKM"",""process_type"":""sterilize"",""unit_size"":2}",
recR1ddcTNma7RaJn,EVENT-260307-RaJn,Sterilized,2026-03-07T12:42:00.000Z,system,Sterilizer OUT,"{""run_id"":""recP2Xx5gAUDYMxKM"",""run_no"":""RUN-260307-MxKM"",""process_type"":""sterilize"",""unit_size"":2}",
recR507Z1aiC3u8K0,EVENT-250929-u8K0,Sterilized,2025-09-29T22:50:42.101Z,system,Sterilizer OUT,"{""run_id"":""recpd74cnbJYjk5ef"",""run_no"":""RUN-250929-k5ef"",""process_type"":""sterilize"",""unit_size"":500}",
recR66Yon4Ck444SL,EVENT-251218-44SL,Sterilized,2025-12-18T16:45:53.270Z,system,Sterilizer OUT,"{""run_id"":""recK7rkZM477CArlH"",""run_no"":""RUN-251216-ArlH"",""process_type"":""sterilize"",""unit_size"":2}",
recR96XVwtlyf9Rgu,EVENT-251111-9Rgu,Sterilized,2025-10-01T16:29:00.000Z,system,Sterilizer OUT,"{""run_id"":""recHK1NaAet3fOk54"",""run_no"":""RUN-251111-Ok54"",""process_type"":""sterilize"",""unit_size"":2.5}",
recREFbBybImyky6y,EVENT-260324-ky6y,Sterilized,2026-03-24T13:17:23.986Z,system,Sterilizer OUT,"{""run_id"":""recOSF8bNk5Sq0Acf"",""run_no"":""RUN-260324-0Acf"",""process_type"":""sterilize"",""unit_size"":2}",
recRETXWOgP8E1dt4,EVENT-260622-1dt4,Pasteurized,2026-06-22T16:35:00.000Z,operator1.email.address@mybusiness.com,Sterilizer OUT,"{""run_id"":""recPbl4pQNxvxqso0"",""run_no"":""RUN-260622-qso0"",""process_type"":""pasteurize"",""unit_size"":5}",
recRFnoRlmuJp9ZRV,EVENT-251218-9ZRV,Sterilized,2025-12-18T16:45:53.270Z,system,Sterilizer OUT,"{""run_id"":""recK7rkZM477CArlH"",""run_no"":""RUN-251216-ArlH"",""process_type"":""sterilize"",""unit_size"":2}",
recRItyPl8MhxRqaE,EVENT-260716-RqaE,SpawnedToBulk,,,Spawn to Bulk,"{""grain_input_ids"":[""recfGPOZJ9R0N6QWZ""],""substrate_input_ids"":[""recJ9apcaFgcCboZF"",""reclZmMP755JTJ0yh"",""recQST9Vx5j2Tr9R2""],""per_output_unit_size_lb"":3.1666666666666665,""output_item_code"":""FB-GENERIC"",""output_index"":1,""output_count"":3}",
recRLJnRzOAVZKNiQ,EVENT-250929-KNiQ,Sterilized,2025-08-01T18:28:00.000Z,system,Sterilizer OUT,"{""run_id"":""reci6qyctBY2UEJbw"",""run_no"":""RUN-250929-EJbw"",""process_type"":""sterilize"",""unit_size"":5}",
recRQfEuZJnAodbQH,EVENT-260624-dbQH,Sterilized,2026-06-24T22:04:27.843Z,operator2.email.address@mybusiness.com,Sterilizer OUT,"{""run_id"":""rec8b9gwQ65FYFTYo"",""run_no"":""RUN-260623-FTYo"",""process_type"":""sterilize"",""unit_size"":1.5,""component_set"":null}",
recRSRutIYz8IAFml,EVENT-260624-AFml,Sterilized,2026-06-24T22:04:27.843Z,operator2.email.address@mybusiness.com,Sterilizer OUT,"{""run_id"":""rec8b9gwQ65FYFTYo"",""run_no"":""RUN-260623-FTYo"",""process_type"":""sterilize"",""unit_size"":1.5,""component_set"":null}",
recRY6YTdmKXLv3Z2,EVENT-260624-v3Z2,Sterilized,2026-06-24T22:04:27.843Z,operator2.email.address@mybusiness.com,Sterilizer OUT,"{""run_id"":""rec8b9gwQ65FYFTYo"",""run_no"":""RUN-260623-FTYo"",""process_type"":""sterilize"",""unit_size"":1.5,""component_set"":null}",
recRZVoQ8EgtQTl97,EVENT-260422-Tl97,Sterilized,2026-04-22T12:29:05.101Z,system,Sterilizer OUT,"{""run_id"":""recswN3XMcVEeXbvP"",""run_no"":""RUN-260422-XbvP"",""process_type"":""sterilize"",""unit_size"":5}",
recRbwGLadOP1xPXL,EVENT-260104-xPXL,Sterilized,2026-01-04T20:27:19.381Z,system,Sterilizer OUT,"{""run_id"":""recA4XgFrJ5Ddr9au"",""run_no"":""RUN-260104-r9au"",""process_type"":""sterilize"",""unit_size"":2}",
recRdFf59rg4uBqUI,EVENT-260716-BqUI,SpawnedToBulk,,,Spawn to Bulk,"{""grain_input_ids"":[""recflofAblWGLAYo4""],""substrate_input_ids"":[""recg3oW0OvDVnyTL6"",""recPZ9TWSnPW84Aqy"",""reczAOAVJ591qCoFp""],""per_output_unit_size_lb"":3.1666666666666665,""output_item_code"":""FB-GENERIC"",""output_index"":2,""output_count"":3}",
recRfSE9Vzh3hp0hX,EVENT-260422-p0hX,Sterilized,2026-04-22T12:28:52.942Z,system,Sterilizer OUT,"{""run_id"":""recKxVLX61XaTp3xU"",""run_no"":""RUN-260422-p3xU"",""process_type"":""sterilize"",""unit_size"":2.5}",
recRhstrACE1weSLL,EVENT-260307-eSLL,Sterilized,2026-03-07T12:42:00.000Z,system,Sterilizer OUT,"{""run_id"":""recP2Xx5gAUDYMxKM"",""run_no"":""RUN-260307-MxKM"",""process_type"":""sterilize"",""unit_size"":2}",
recRniyP5QtTYn5eo,EVENT-260525-n5eo,Pasteurized,2026-05-25T18:58:06.442Z,Robert,Sterilizer OUT,"{""run_id"":""recgRAjPX8HKei2lj"",""run_no"":""RUN-260525-i2lj"",""process_type"":""pasteurize"",""unit_size"":5}",
recRnpEXz5qNfXBYz,EVENT-251106-XBYz,Sterilized,2025-09-29T16:10:00.000Z,system,Sterilizer OUT,"{""run_id"":""recRHkSJc9nkDBSwG"",""run_no"":""RUN-251106-BSwG"",""process_type"":""sterilize"",""unit_size"":2.5}",
recRsccysygL0GVxl,EVENT-251010-GVxl,Sterilized,2025-08-01T15:52:00.000Z,system,Sterilizer OUT,"{""run_id"":""recxQamyId4vlxFeA"",""run_no"":""RUN-251010-xFeA"",""process_type"":""sterilize"",""unit_size"":2}",
recRvo7eQrrM039CK,EVENT-251010-39CK,Sterilized,2025-08-01T15:52:00.000Z,system,Sterilizer OUT,"{""run_id"":""recxQamyId4vlxFeA"",""run_no"":""RUN-251010-xFeA"",""process_type"":""sterilize"",""unit_size"":2}",
recRwmlfhI1hXeMlZ,EVENT-251111-eMlZ,Sterilized,2025-10-06T16:33:00.000Z,system,Sterilizer OUT,"{""run_id"":""rec5eTB6PGFAwjp2X"",""run_no"":""RUN-251111-jp2X"",""process_type"":""sterilize"",""unit_size"":2}",
recRze4MOcVV4jVNZ,EVENT-260422-jVNZ,Sterilized,2026-04-22T12:29:05.101Z,system,Sterilizer OUT,"{""run_id"":""recswN3XMcVEeXbvP"",""run_no"":""RUN-260422-XbvP"",""process_type"":""sterilize"",""unit_size"":5}",
recS1eHtPl1WWowTf,EVENT-260422-owTf,Sterilized,2026-04-22T12:28:52.942Z,system,Sterilizer OUT,"{""run_id"":""recKxVLX61XaTp3xU"",""run_no"":""RUN-260422-p3xU"",""process_type"":""sterilize"",""unit_size"":2.5}",
recS4VmcNnariOeXb,EVENT-260310-OeXb,Pasteurized,2026-03-10T18:23:50.693Z,Robert,Sterilizer OUT,"{""run_id"":""recBjYHAjvHFNP65d"",""run_no"":""RUN-260310-P65d"",""process_type"":""pasteurize"",""unit_size"":5}",
recS4eXiaIPyf4eX0,EVENT-251007-4eX0,Pasteurized,2025-10-07T16:17:00.000Z,Ray,Sterilizer OUT,"{""run_id"":""recgARlUsOnnMosWG"",""run_no"":""RUN-251006-osWG"",""process_type"":""pasteurize"",""unit_size"":5}",
recS6Bni995a4cVcz,EVENT-251007-cVcz,Pasteurized,2025-10-07T16:17:00.000Z,Ray,Sterilizer OUT,"{""run_id"":""recgARlUsOnnMosWG"",""run_no"":""RUN-251006-osWG"",""process_type"":""pasteurize"",""unit_size"":5}",
recSGFqONadPL6UQi,EVENT-260622-6UQi,Pasteurized,2026-06-22T16:35:00.000Z,operator1.email.address@mybusiness.com,Sterilizer OUT,"{""run_id"":""recPbl4pQNxvxqso0"",""run_no"":""RUN-260622-qso0"",""process_type"":""pasteurize"",""unit_size"":5}",
recSIuvBaaRtz0smg,EVENT-260713-0smg,Contaminated,2026-07-13T21:00:19.675Z,,Dark Room,{},
recSJpPJ6fSON0bZf,EVENT-251213-0bZf,Sterilized,2025-05-24T17:31:00.000Z,system,Sterilizer OUT,"{""run_id"":""rec9j3VusnvUCMMk2"",""run_no"":""RUN-251213-MMk2"",""process_type"":""sterilize"",""unit_size"":2}",
recSLZUXmqFFB6LTQ,EVENT-260505-6LTQ,Sterilized,2026-05-05T22:22:14.543Z,system,Sterilizer OUT,"{""run_id"":""recNmAs6kOzTAInt8"",""run_no"":""RUN-260505-Int8"",""process_type"":""sterilize"",""unit_size"":2.5}",
recSLmLA6C65Mlr1t,EVENT-251106-lr1t,Destroyed,2025-11-06T17:02:00.000Z,system,Sterilizer OUT,"{""run_id"":""recUJVuiWCggzJU5w"",""run_no"":""RUN-251102-JU5w"",""process_type"":""sterilize""}",
recSLscRpQyQueH50,EVENT-251008-eH50,Sterilized,2025-10-08T11:17:00.000Z,Ray,Sterilizer OUT,"{""run_id"":""recdkaSPElUbPxgL9"",""run_no"":""RUN-251007-xgL9"",""process_type"":""sterilize"",""unit_size"":300}",
recSQLS4qojyRiJOx,EVENT-260104-iJOx,Sterilized,2026-01-04T20:27:19.381Z,system,Sterilizer OUT,"{""run_id"":""recA4XgFrJ5Ddr9au"",""run_no"":""RUN-260104-r9au"",""process_type"":""sterilize"",""unit_size"":2}",
recSU1h8ZLswefIjF,EVENT-260619-fIjF,Contaminated,2026-06-19T19:07:03.253Z,,Dark Room,{},
recSUIGCvC89f8YNW,EVENT-260324-8YNW,Sterilized,2026-03-24T13:17:23.986Z,system,Sterilizer OUT,"{""run_id"":""recOSF8bNk5Sq0Acf"",""run_no"":""RUN-260324-0Acf"",""process_type"":""sterilize"",""unit_size"":2}",
recSVQMUTiwnY3YsY,EVENT-251229-3YsY,Pasteurized,2025-12-29T19:46:46.420Z,system,Sterilizer OUT,"{""run_id"":""recDE4jIfkUYCTuuF"",""run_no"":""RUN-251229-TuuF"",""process_type"":""pasteurize"",""unit_size"":5}",
recSXxWET3zu3egBz,EVENT-250929-egBz,Sterilized,2025-05-01T15:52:00.000Z,system,Sterilizer OUT,"{""run_id"":""recHvjFAeDQH8qi6e"",""run_no"":""RUN-250929-qi6e"",""process_type"":""sterilize"",""unit_size"":500}",
recSYKfptLR4RkgVP,EVENT-251106-kgVP,Sterilized,2025-11-06T17:04:00.000Z,system,Sterilizer OUT,"{""run_id"":""recnZxnsSIKBiQUSS"",""run_no"":""RUN-251106-QUSS"",""process_type"":""sterilize"",""unit_size"":7.5}",
recSaIAH2owXmDXoW,EVENT-260216-DXoW,Pasteurized,2026-02-16T23:15:56.486Z,system,Sterilizer OUT,"{""run_id"":""recJCeCBGXBTRPBSS"",""run_no"":""RUN-260216-PBSS"",""process_type"":""pasteurize"",""unit_size"":5}",
recSd0ZGYZsazUbWz,EVENT-260523-UbWz,Sterilized,2026-05-23T19:07:25.243Z,Robert,Sterilizer OUT,"{""run_id"":""recT7cCdNjTLducvq"",""run_no"":""RUN-260523-ucvq"",""process_type"":""sterilize"",""unit_size"":2}",
recSeKHWBkYphP84Q,EVENT-250929-P84Q,Sterilized,2025-08-01T18:28:00.000Z,system,Sterilizer OUT,"{""run_id"":""reci6qyctBY2UEJbw"",""run_no"":""RUN-250929-EJbw"",""process_type"":""sterilize"",""unit_size"":5}",
recSgsw2bBcmCeswS,EVENT-260424-eswS,Sterilized,2026-04-24T07:30:00.000Z,Robert,Sterilizer OUT,"{""run_id"":""recCSZRx6w0VbzoXm"",""run_no"":""RUN-260424-zoXm"",""process_type"":""sterilize"",""unit_size"":2}",
recSjn0VGmtJV6OhC,EVENT-260604-6OhC,Consumed,,,Spawn to Bulk,"{""consumed_by_lot_ids"":[""recSb12KhkuLEPiBa"",""recBeCccJEu9LKfXF"",""recjPFilRhGRSx4P0""]}",
recSlLeqCSXHIpIkP,EVENT-251111-pIkP,Sterilized,2025-10-06T16:33:00.000Z,system,Sterilizer OUT,"{""run_id"":""rec5eTB6PGFAwjp2X"",""run_no"":""RUN-251111-jp2X"",""process_type"":""sterilize"",""unit_size"":2}",
recSmiOAl6DcMW2Pw,EVENT-260629-W2Pw,Sterilized,2026-06-29T20:52:53.810Z,operator2.email.address@mybusiness.com,Sterilizer OUT,"{""run_id"":""recmOfj55C1iwlLVT"",""run_no"":""RUN-260629-lLVT"",""process_type"":""sterilize"",""unit_size"":3,""component_set"":""WBS_CVG_RIZ1""}",
recSwfMZV9UdfcdVR,EVENT-251229-cdVR,Pasteurized,2025-12-29T19:44:27.969Z,system,Sterilizer OUT,"{""run_id"":""recKMrStfLoJWj1I6"",""run_no"":""RUN-251229-j1I6"",""process_type"":""pasteurize"",""unit_size"":2.5}",
recSyUAM7BuBHxdp2,EVENT-251111-xdp2,Sterilized,2025-10-06T16:33:00.000Z,system,Sterilizer OUT,"{""run_id"":""rec5eTB6PGFAwjp2X"",""run_no"":""RUN-251111-jp2X"",""process_type"":""sterilize"",""unit_size"":2}",
recT62DDGg4ef9yzu,EVENT-251229-9yzu,Pasteurized,2025-12-29T19:44:27.969Z,system,Sterilizer OUT,"{""run_id"":""recKMrStfLoJWj1I6"",""run_no"":""RUN-251229-j1I6"",""process_type"":""pasteurize"",""unit_size"":2.5}",
recT77EMpN7ExCoBV,EVENT-260716-CoBV,Consumed,,,Spawn to Bulk,"{""consumed_by_lot_ids"":[""recIuUpWM4VtZkQ24"",""rectzsA2X0Y490AsE"",""recZm7U14atzF7Uyn""]}",
recT7FD4bUdc3MCB4,EVENT-251106-MCB4,Sterilized,2025-09-29T16:10:00.000Z,system,Sterilizer OUT,"{""run_id"":""recRHkSJc9nkDBSwG"",""run_no"":""RUN-251106-BSwG"",""process_type"":""sterilize"",""unit_size"":2.5}",
recT83lzEYTcGQrl0,EVENT-251121-Qrl0,Sterilized,2025-11-21T17:16:00.000Z,system,Sterilizer OUT,"{""run_id"":""rec7frnAiC4O8e5eA"",""run_no"":""RUN-251121-e5eA"",""process_type"":""sterilize"",""unit_size"":2.5}",
recTBOWbNYQ209IlL,EVENT-260424-9IlL,Sterilized,2026-04-24T07:30:00.000Z,Robert,Sterilizer OUT,"{""run_id"":""recCSZRx6w0VbzoXm"",""run_no"":""RUN-260424-zoXm"",""process_type"":""sterilize"",""unit_size"":2}",
recTEKmc3XCY7S7Zr,EVENT-260103-S7Zr,Pasteurized,2026-01-03T18:06:18.361Z,system,Sterilizer OUT,"{""run_id"":""recnmVSmZQ40uboWR"",""run_no"":""RUN-260103-boWR"",""process_type"":""pasteurize"",""unit_size"":5}",
recTJX1SlocOHrAJ1,EVENT-260116-rAJ1,Destroyed,2026-01-16T16:17:00.000Z,system,Sterilizer OUT,"{""run_id"":""recrx6AxbFfK4CIF3"",""run_no"":""RUN-260116-CIF3"",""process_type"":""sterilize""}",
recTKvRyUKrWh1PrN,EVENT-250929-1PrN,Sterilized,2025-05-01T15:52:00.000Z,system,Sterilizer OUT,"{""run_id"":""recHvjFAeDQH8qi6e"",""run_no"":""RUN-250929-qi6e"",""process_type"":""sterilize"",""unit_size"":500}",
recTKxbvvqq2N2kTr,EVENT-251212-2kTr,Sterilized,2025-12-06T18:17:00.000Z,system,Sterilizer OUT,"{""run_id"":""recf9lSLONsH3GW1m"",""run_no"":""RUN-251212-GW1m"",""process_type"":""sterilize"",""unit_size"":300}",
recTXnIg0f85D7QPr,EVENT-251006-7QPr,Sterilized,2025-10-06T13:51:00.000Z,system,Sterilizer OUT,"{""run_id"":""recZ5UNgT0575CXLE"",""run_no"":""RUN-251001-CXLE"",""process_type"":""sterilize"",""unit_size"":2}",
recTYvbfU7qhLMITq,EVENT-260706-MITq,SpawnedToBulk,,,Spawn to Bulk,"{""grain_input_ids"":[""recKhyC763sXlV2R3""],""substrate_input_ids"":[""recFogSVU6qM1oaya"",""rectxI4B5hYudoJqy""],""per_output_unit_size_lb"":8.5,""output_item_code"":""FB-MM75-LG"",""output_index"":1,""output_count"":2}",
recTbiFMU0Q71Lcmy,EVENT-251106-Lcmy,Sterilized,2025-11-06T17:04:00.000Z,system,Sterilizer OUT,"{""run_id"":""recnZxnsSIKBiQUSS"",""run_no"":""RUN-251106-QUSS"",""process_type"":""sterilize"",""unit_size"":7.5}",
recTgA9PxVjnY8q0A,EVENT-260310-8q0A,Pasteurized,2026-03-10T18:23:50.693Z,Robert,Sterilizer OUT,"{""run_id"":""recBjYHAjvHFNP65d"",""run_no"":""RUN-260310-P65d"",""process_type"":""pasteurize"",""unit_size"":5}",
recTiM90EcFeLSNLH,EVENT-251213-SNLH,Sterilized,2025-12-13T13:16:00.000Z,system,Sterilizer OUT,"{""run_id"":""recbpQro1A7CjLRoa"",""run_no"":""RUN-251213-LRoa"",""process_type"":""sterilize"",""unit_size"":2.5}",
recTnyG5jkLmsp5eM,EVENT-260307-p5eM,Sterilized,2026-03-07T12:42:00.000Z,system,Sterilizer OUT,"{""run_id"":""recP2Xx5gAUDYMxKM"",""run_no"":""RUN-260307-MxKM"",""process_type"":""sterilize"",""unit_size"":2}",
recTp8BbEPbhl8qtu,EVENT-260424-8qtu,Sterilized,2026-04-24T07:30:00.000Z,Robert,Sterilizer OUT,"{""run_id"":""recCSZRx6w0VbzoXm"",""run_no"":""RUN-260424-zoXm"",""process_type"":""sterilize"",""unit_size"":2}",
recTyfxSCyZEnkqNd,EVENT-260216-kqNd,Pasteurized,2026-02-16T23:15:56.486Z,system,Sterilizer OUT,"{""run_id"":""recJCeCBGXBTRPBSS"",""run_no"":""RUN-260216-PBSS"",""process_type"":""pasteurize"",""unit_size"":5}",
recU5deQsjYmsnl0F,EVENT-251218-nl0F,Sterilized,2025-12-18T16:45:53.270Z,system,Sterilizer OUT,"{""run_id"":""recK7rkZM477CArlH"",""run_no"":""RUN-251216-ArlH"",""process_type"":""sterilize"",""unit_size"":2}",
recU6xfgVb8tZt25P,EVENT-251110-t25P,Sterilized,2025-11-10T23:45:00.000Z,system,Sterilizer OUT,"{""run_id"":""reczVlsRndrXCAWUz"",""run_no"":""RUN-251106-AWUz"",""process_type"":""sterilize"",""unit_size"":7.5}",
recUBFVsIBU3pEWRl,EVENT-260512-EWRl,Sterilized,2026-05-12T15:21:55.005Z,system,Sterilizer OUT,"{""run_id"":""rec0NcLKQYHfN0M5j"",""run_no"":""RUN-260512-0M5j"",""process_type"":""sterilize"",""unit_size"":500}",
recUChKJQiagjf0rC,EVENT-251229-f0rC,Pasteurized,2025-12-29T19:46:46.420Z,system,Sterilizer OUT,"{""run_id"":""recDE4jIfkUYCTuuF"",""run_no"":""RUN-251229-TuuF"",""process_type"":""pasteurize"",""unit_size"":5}",
recUDaRdlQzTugLzQ,EVENT-251001-gLzQ,Sterilized,2025-10-01T20:38:00.000Z,system,Sterilizer OUT,"{""run_id"":""recP4vPmWzLh4NPb6"",""run_no"":""RUN-251001-NPb6"",""process_type"":""sterilize"",""unit_size"":2}",
recUEkDq5nnfAzTff,EVENT-251222-zTff,Sterilized,2025-10-31T19:02:00.000Z,system,Sterilizer OUT,"{""run_id"":""recdgXpg9IZToekD7"",""run_no"":""RUN-251222-ekD7"",""process_type"":""sterilize"",""unit_size"":500}",
recUEvawhIx9yCWzz,EVENT-260216-CWzz,Pasteurized,2026-02-16T23:15:57.425Z,system,Sterilizer OUT,"{""run_id"":""recJCeCBGXBTRPBSS"",""run_no"":""RUN-260216-PBSS"",""process_type"":""pasteurize"",""unit_size"":5}",
recUEzjEyDJtrBlnl,EVENT-251106-Blnl,Sterilized,2025-09-29T16:10:00.000Z,system,Sterilizer OUT,"{""run_id"":""recRHkSJc9nkDBSwG"",""run_no"":""RUN-251106-BSwG"",""process_type"":""sterilize"",""unit_size"":2.5}",
recUMZt53qKzYOFLf,EVENT-260424-OFLf,Sterilized,2026-04-24T07:30:00.000Z,Robert,Sterilizer OUT,"{""run_id"":""recCSZRx6w0VbzoXm"",""run_no"":""RUN-260424-zoXm"",""process_type"":""sterilize"",""unit_size"":2}",
recUNQVE1jEhlTuMf,EVENT-260216-TuMf,Pasteurized,2026-02-16T23:15:57.425Z,system,Sterilizer OUT,"{""run_id"":""recJCeCBGXBTRPBSS"",""run_no"":""RUN-260216-PBSS"",""process_type"":""pasteurize"",""unit_size"":5}",
recUSysWSxfSuZlTo,EVENT-251006-ZlTo,Sterilized,2025-10-06T13:53:00.000Z,system,Sterilizer OUT,"{""run_id"":""recuvFovld7ZjNUip"",""run_no"":""RUN-251001-NUip"",""process_type"":""sterilize"",""unit_size"":5}",
recUVdGoghX56IIbC,EVENT-260103-IIbC,Pasteurized,2026-01-03T18:06:18.361Z,system,Sterilizer OUT,"{""run_id"":""recnmVSmZQ40uboWR"",""run_no"":""RUN-260103-boWR"",""process_type"":""pasteurize"",""unit_size"":5}",
recUbyrqQHkfZdnWE,EVENT-260307-dnWE,Sterilized,2026-03-07T12:42:00.000Z,system,Sterilizer OUT,"{""run_id"":""recP2Xx5gAUDYMxKM"",""run_no"":""RUN-260307-MxKM"",""process_type"":""sterilize"",""unit_size"":2}",
recUe4Y9ThCAsECup,EVENT-251229-ECup,Pasteurized,2025-12-29T19:44:27.969Z,system,Sterilizer OUT,"{""run_id"":""recKMrStfLoJWj1I6"",""run_no"":""RUN-251229-j1I6"",""process_type"":""pasteurize"",""unit_size"":2.5}",
recUhDyGgnBEo3N2n,EVENT-260228-3N2n,Sterilized,2026-02-28T18:29:00.000Z,Robert,Sterilizer OUT,"{""run_id"":""rec0JC7G8fTAXxlJZ"",""run_no"":""RUN-260228-xlJZ"",""process_type"":""sterilize"",""unit_size"":7.5}",
recUjbcwwGtJkA4l3,EVENT-260706-A4l3,SpawnedToBulk,,,Spawn to Bulk,"{""grain_input_ids"":[""reccNKmQ81Gw9tdqs""],""substrate_input_ids"":[""rec20crkKcED5G637"",""recFr4uYO9qmWoGlJ""],""per_output_unit_size_lb"":8.5,""output_item_code"":""FB-MM75-LG"",""output_index"":0,""output_count"":2}",
recUkQAEOi6gkGgHl,EVENT-251218-GgHl,Sterilized,2025-12-18T16:45:53.270Z,system,Sterilizer OUT,"{""run_id"":""recK7rkZM477CArlH"",""run_no"":""RUN-251216-ArlH"",""process_type"":""sterilize"",""unit_size"":2}",
recUkUGetJGntqYFU,EVENT-251218-qYFU,Sterilized,2025-12-18T16:45:53.270Z,system,Sterilizer OUT,"{""run_id"":""recK7rkZM477CArlH"",""run_no"":""RUN-251216-ArlH"",""process_type"":""sterilize"",""unit_size"":2}",
recUlTgKfkTcJrUDc,EVENT-260505-rUDc,Sterilized,2026-05-05T22:22:14.543Z,system,Sterilizer OUT,"{""run_id"":""recNmAs6kOzTAInt8"",""run_no"":""RUN-260505-Int8"",""process_type"":""sterilize"",""unit_size"":2.5}",
recUmGe1cXiAAqxiI,EVENT-250929-qxiI,Sterilized,2025-05-01T15:52:00.000Z,system,Sterilizer OUT,"{""run_id"":""recHvjFAeDQH8qi6e"",""run_no"":""RUN-250929-qi6e"",""process_type"":""sterilize"",""unit_size"":500}",
recUtib9B9vYM9fri,EVENT-251218-9fri,Sterilized,2025-12-18T16:45:53.270Z,system,Sterilizer OUT,"{""run_id"":""recK7rkZM477CArlH"",""run_no"":""RUN-251216-ArlH"",""process_type"":""sterilize"",""unit_size"":2}",
recUuYPzlUXaMOJwP,EVENT-251001-OJwP,Sterilized,2025-10-01T20:38:00.000Z,system,Sterilizer OUT,"{""run_id"":""recP4vPmWzLh4NPb6"",""run_no"":""RUN-251001-NPb6"",""process_type"":""sterilize"",""unit_size"":2}",
recUvxVMRirxv5Bqw,EVENT-251218-5Bqw,Sterilized,2025-12-18T16:45:53.270Z,system,Sterilizer OUT,"{""run_id"":""recK7rkZM477CArlH"",""run_no"":""RUN-251216-ArlH"",""process_type"":""sterilize"",""unit_size"":2}",
recUzgTHGspSqir7N,EVENT-251106-ir7N,Sterilized,2025-10-04T16:06:00.000Z,system,Sterilizer OUT,"{""run_id"":""recOvvPYQJdTQszRK"",""run_no"":""RUN-251106-szRK"",""process_type"":""sterilize"",""unit_size"":2.5}",
recV1xVwQoSQco3eA,EVENT-251001-o3eA,Destroyed,2025-10-01T20:38:00.000Z,system,Sterilizer OUT,"{""run_id"":""recZq84toSy7fiWCn"",""run_no"":""RUN-251001-iWCn"",""process_type"":""sterilize""}",
recV4Q5QpSacLxcHD,EVENT-260523-xcHD,Sterilized,2026-05-23T19:07:25.243Z,Robert,Sterilizer OUT,"{""run_id"":""recT7cCdNjTLducvq"",""run_no"":""RUN-260523-ucvq"",""process_type"":""sterilize"",""unit_size"":2}",
recVMNqpdfG29vIR6,EVENT-260116-vIR6,Sterilized,2026-01-16T15:44:00.000Z,system,Sterilizer OUT,"{""run_id"":""reclq0rmQHqLDQ2cQ"",""run_no"":""RUN-260116-Q2cQ"",""process_type"":""sterilize"",""unit_size"":2}",
recVSoLNpGFmcrHW1,EVENT-260604-rHW1,Consumed,,,Spawn to Bulk,"{""consumed_by_lot_ids"":[""recaxldoz7QOJC9FM"",""recpRhbOBoltMe6wx"",""recG5YgCk43K0oqPv""]}",
recVUOAe2KMwr2Iiq,EVENT-260716-2Iiq,SpawnedToBulk,,,Spawn to Bulk,"{""grain_input_ids"":[""recflofAblWGLAYo4""],""substrate_input_ids"":[""recg3oW0OvDVnyTL6"",""recPZ9TWSnPW84Aqy"",""reczAOAVJ591qCoFp""],""per_output_unit_size_lb"":3.1666666666666665,""output_item_code"":""FB-GENERIC"",""output_index"":1,""output_count"":3}",
recVW2s0rS0IoROKi,EVENT-260116-ROKi,Sterilized,2026-01-16T15:44:00.000Z,system,Sterilizer OUT,"{""run_id"":""reclq0rmQHqLDQ2cQ"",""run_no"":""RUN-260116-Q2cQ"",""process_type"":""sterilize"",""unit_size"":2}",
recVWRlEC41XzFFyO,EVENT-251121-FFyO,Sterilized,2025-11-21T17:16:00.000Z,system,Sterilizer OUT,"{""run_id"":""rec7frnAiC4O8e5eA"",""run_no"":""RUN-251121-e5eA"",""process_type"":""sterilize"",""unit_size"":2.5}",
recVXgUNxYWqoYg0q,EVENT-260525-Yg0q,Pasteurized,2026-05-25T18:58:06.442Z,Robert,Sterilizer OUT,"{""run_id"":""recgRAjPX8HKei2lj"",""run_no"":""RUN-260525-i2lj"",""process_type"":""pasteurize"",""unit_size"":5}",
recVXuCILNzpM5Rc8,EVENT-260523-5Rc8,Sterilized,2026-05-23T19:07:25.243Z,Robert,Sterilizer OUT,"{""run_id"":""recT7cCdNjTLducvq"",""run_no"":""RUN-260523-ucvq"",""process_type"":""sterilize"",""unit_size"":2}",
recVdAXVlRXcyU1Nn,EVENT-260619-U1Nn,Contaminated,2026-06-19T19:06:48.673Z,,Dark Room,{},
recVevbeig8LmJ6PN,EVENT-251001-J6PN,Destroyed,2025-10-01T20:38:00.000Z,system,Sterilizer OUT,"{""run_id"":""recZq84toSy7fiWCn"",""run_no"":""RUN-251001-iWCn"",""process_type"":""sterilize""}",
recVpDSvPLdWymnq6,EVENT-251117-mnq6,Pasteurized,2025-11-17T18:18:33.861Z,system,Sterilizer OUT,"{""run_id"":""reclx5p8uinIUCIfB"",""run_no"":""RUN-251117-CIfB"",""process_type"":""pasteurize"",""unit_size"":3}",
recVqKZXtfnUpjLwf,EVENT-260525-jLwf,Pasteurized,2026-05-25T18:58:06.442Z,Robert,Sterilizer OUT,"{""run_id"":""recgRAjPX8HKei2lj"",""run_no"":""RUN-260525-i2lj"",""process_type"":""pasteurize"",""unit_size"":5}",
recVqujC4Y4ARHRxU,EVENT-251229-HRxU,Pasteurized,2025-12-29T19:44:27.969Z,system,Sterilizer OUT,"{""run_id"":""recKMrStfLoJWj1I6"",""run_no"":""RUN-251229-j1I6"",""process_type"":""pasteurize"",""unit_size"":2.5}",
recVrXzZ7hWelkrM9,EVENT-260424-krM9,Sterilized,2026-04-24T07:30:00.000Z,Robert,Sterilizer OUT,"{""run_id"":""recCSZRx6w0VbzoXm"",""run_no"":""RUN-260424-zoXm"",""process_type"":""sterilize"",""unit_size"":2}",
recVzmTXzxQVKOwKf,EVENT-260327-OwKf,Sterilized,2026-03-23T20:45:00.000Z,system,Sterilizer OUT,"{""run_id"":""rec8ZdEg2StmlxanB"",""run_no"":""RUN-260327-xanB"",""process_type"":""sterilize"",""unit_size"":400}",
recW1vBJWDm67CBfr,EVENT-251112-CBfr,Pasteurized,2025-11-12T19:15:00.000Z,system,Sterilizer OUT,"{""run_id"":""recuPXC2xYSKykGvI"",""run_no"":""RUN-251112-kGvI"",""process_type"":""pasteurize"",""unit_size"":5}",
recW4qjR11FdW5fcJ,EVENT-251218-5fcJ,Sterilized,2025-12-18T16:45:53.270Z,system,Sterilizer OUT,"{""run_id"":""recK7rkZM477CArlH"",""run_no"":""RUN-251216-ArlH"",""process_type"":""sterilize"",""unit_size"":2}",
recW9ridMTPc3v6Qc,EVENT-251121-v6Qc,Sterilized,2025-11-21T17:16:00.000Z,system,Sterilizer OUT,"{""run_id"":""rec7frnAiC4O8e5eA"",""run_no"":""RUN-251121-e5eA"",""process_type"":""sterilize"",""unit_size"":2.5}",
recWAqW6juLkljlL5,EVENT-251209-jlL5,Pasteurized,2025-12-09T19:58:00.000Z,system,Sterilizer OUT,"{""run_id"":""recDo8bycSvstzMxa"",""run_no"":""RUN-251209-zMxa"",""process_type"":""pasteurize"",""unit_size"":2.5}",
recWFGtKe6NBXHT6y,EVENT-251218-HT6y,Sterilized,2025-12-18T16:45:53.270Z,system,Sterilizer OUT,"{""run_id"":""recK7rkZM477CArlH"",""run_no"":""RUN-251216-ArlH"",""process_type"":""sterilize"",""unit_size"":2}",
recWFzl0CZwgVKzKo,EVENT-260324-KzKo,Sterilized,2026-03-24T13:17:23.986Z,system,Sterilizer OUT,"{""run_id"":""recOSF8bNk5Sq0Acf"",""run_no"":""RUN-260324-0Acf"",""process_type"":""sterilize"",""unit_size"":2}",
recWGDyUuOqrKXsnl,EVENT-260716-Xsnl,Consumed,,,Spawn to Bulk,"{""consumed_by_lot_ids"":[""recfTKQt97CPJYj2M"",""recvN5Wl9mXPxVEqa"",""recr3acYNMXy9fz6c""]}",
recWGiRYbDwwpgxAs,EVENT-250929-gxAs,Sterilized,2025-05-01T15:52:00.000Z,system,Sterilizer OUT,"{""run_id"":""recHvjFAeDQH8qi6e"",""run_no"":""RUN-250929-qi6e"",""process_type"":""sterilize"",""unit_size"":500}",
recWK2sWdWmG7RPpt,EVENT-251010-RPpt,Sterilized,2025-08-01T15:52:00.000Z,system,Sterilizer OUT,"{""run_id"":""recxQamyId4vlxFeA"",""run_no"":""RUN-251010-xFeA"",""process_type"":""sterilize"",""unit_size"":2}",
recWKLLZdKMEYzdeb,EVENT-251112-zdeb,Pasteurized,2025-11-12T19:14:00.000Z,system,Sterilizer OUT,"{""run_id"":""recQHItBShPyIc3HD"",""run_no"":""RUN-251111-c3HD"",""process_type"":""pasteurize"",""unit_size"":5}",
recWKrie5Vc6n6kZL,EVENT-260216-6kZL,Pasteurized,2026-02-16T23:15:56.486Z,system,Sterilizer OUT,"{""run_id"":""recJCeCBGXBTRPBSS"",""run_no"":""RUN-260216-PBSS"",""process_type"":""pasteurize"",""unit_size"":5}",
recWLD5nEGXqF8n26,EVENT-251031-8n26,Sterilized,2025-08-01T18:12:00.000Z,system,Sterilizer OUT,"{""run_id"":""recQEIfVEQwEfmIJ7"",""run_no"":""RUN-251031-mIJ7"",""process_type"":""sterilize"",""unit_size"":7.5}",
recWNcUX6qCCrXRhI,EVENT-251218-XRhI,Sterilized,2025-12-18T16:45:53.270Z,system,Sterilizer OUT,"{""run_id"":""recK7rkZM477CArlH"",""run_no"":""RUN-251216-ArlH"",""process_type"":""sterilize"",""unit_size"":2}",
recWVRYHNlJe1aODg,EVENT-260228-aODg,Sterilized,2026-02-28T18:29:00.000Z,Robert,Sterilizer OUT,"{""run_id"":""rec0JC7G8fTAXxlJZ"",""run_no"":""RUN-260228-xlJZ"",""process_type"":""sterilize"",""unit_size"":7.5}",
recWWW4VBAmb2MOIe,EVENT-260324-MOIe,Sterilized,2026-03-24T13:17:23.986Z,system,Sterilizer OUT,"{""run_id"":""recOSF8bNk5Sq0Acf"",""run_no"":""RUN-260324-0Acf"",""process_type"":""sterilize"",""unit_size"":2}",
recWX2CKjnF2Qnffy,EVENT-251209-nffy,Pasteurized,2025-12-09T19:58:00.000Z,system,Sterilizer OUT,"{""run_id"":""recDo8bycSvstzMxa"",""run_no"":""RUN-251209-zMxa"",""process_type"":""pasteurize"",""unit_size"":2.5}",
recWb73LGNundKIqW,EVENT-260624-KIqW,Sterilized,2026-06-24T22:15:41.781Z,operator2.email.address@mybusiness.com,Sterilizer OUT,"{""run_id"":""receqE6oTONWjkun8"",""run_no"":""RUN-260623-kun8"",""process_type"":""sterilize"",""unit_size"":5,""component_set"":""WBS_CVG_RIZ1""}",
recWbcr9H6tlOWfFA,EVENT-260310-WfFA,Pasteurized,2026-03-10T18:23:50.693Z,Robert,Sterilizer OUT,"{""run_id"":""recBjYHAjvHFNP65d"",""run_no"":""RUN-260310-P65d"",""process_type"":""pasteurize"",""unit_size"":5}",
recWffLIh4QYDRBBU,EVENT-260307-RBBU,Sterilized,2026-03-07T12:42:00.000Z,system,Sterilizer OUT,"{""run_id"":""recP2Xx5gAUDYMxKM"",""run_no"":""RUN-260307-MxKM"",""process_type"":""sterilize"",""unit_size"":2}",
recWgTGO0z2TqDdZY,EVENT-251229-DdZY,Pasteurized,2025-12-29T19:44:27.969Z,system,Sterilizer OUT,"{""run_id"":""recKMrStfLoJWj1I6"",""run_no"":""RUN-251229-j1I6"",""process_type"":""pasteurize"",""unit_size"":2.5}",
recWjiz52OXTII2hX,EVENT-251218-I2hX,Sterilized,2025-12-18T16:45:53.270Z,system,Sterilizer OUT,"{""run_id"":""recK7rkZM477CArlH"",""run_no"":""RUN-251216-ArlH"",""process_type"":""sterilize"",""unit_size"":2}",
recWl2oT5C1QQvZgc,EVENT-260616-vZgc,Sterilized,2026-06-15T16:51:00.000Z,operator1.email.address@mybusiness.com,Sterilizer OUT,"{""run_id"":""reckkAU2IsJQACD2X"",""run_no"":""RUN-260615-CD2X"",""process_type"":""sterilize"",""unit_size"":1.75}",
recWmWDjnETZaaSPM,EVENT-260525-aSPM,Pasteurized,2026-05-25T18:58:06.442Z,Robert,Sterilizer OUT,"{""run_id"":""recgRAjPX8HKei2lj"",""run_no"":""RUN-260525-i2lj"",""process_type"":""pasteurize"",""unit_size"":5}",
recWotOHCEAmQnKpX,EVENT-260505-nKpX,Destroyed,2026-05-05T22:22:14.543Z,system,Sterilizer OUT,"{""run_id"":""recNmAs6kOzTAInt8"",""run_no"":""RUN-260505-Int8"",""process_type"":""sterilize""}",
recWru6ec24HTge3t,EVENT-260103-ge3t,Pasteurized,2026-01-03T18:00:45.573Z,system,Sterilizer OUT,"{""run_id"":""recUFrG4DkfZfw3tU"",""run_no"":""RUN-260103-w3tU"",""process_type"":""pasteurize"",""unit_size"":2.5}",
recWuXfE8wRf0XYDb,EVENT-260330-XYDb,Sterilized,2026-03-30T17:39:50.874Z,system,Sterilizer OUT,"{""run_id"":""rect5WtJiGG4WFH27"",""run_no"":""RUN-260327-FH27"",""process_type"":""sterilize"",""unit_size"":500}",
recWxq8V7mzkqQTg3,EVENT-260422-QTg3,Sterilized,2026-04-22T12:29:05.101Z,system,Sterilizer OUT,"{""run_id"":""recswN3XMcVEeXbvP"",""run_no"":""RUN-260422-XbvP"",""process_type"":""sterilize"",""unit_size"":5}",
recX2s6DblwTKrbxK,EVENT-251010-rbxK,Sterilized,2025-08-01T15:52:00.000Z,system,Sterilizer OUT,"{""run_id"":""recxQamyId4vlxFeA"",""run_no"":""RUN-251010-xFeA"",""process_type"":""sterilize"",""unit_size"":2}",
recX3JqmktCNhXo3b,EVENT-260713-Xo3b,Contaminated,2026-07-13T21:00:18.349Z,,Dark Room,{},
recX3ua3Dm6ICDzWB,EVENT-260616-DzWB,Sterilized,2026-06-15T16:51:00.000Z,operator1.email.address@mybusiness.com,Sterilizer OUT,"{""run_id"":""reckkAU2IsJQACD2X"",""run_no"":""RUN-260615-CD2X"",""process_type"":""sterilize"",""unit_size"":1.75}",
recX43ZYEq5DjBydD,EVENT-251121-BydD,Sterilized,2025-11-21T17:16:00.000Z,system,Sterilizer OUT,"{""run_id"":""rec7frnAiC4O8e5eA"",""run_no"":""RUN-251121-e5eA"",""process_type"":""sterilize"",""unit_size"":2.5}",
recX6HevAoKqMOjyy,EVENT-260115-Ojyy,Pasteurized,2026-01-15T13:53:00.000Z,system,Sterilizer OUT,"{""run_id"":""recaTWosVnlSlYF7z"",""run_no"":""RUN-260115-YF7z"",""process_type"":""pasteurize"",""unit_size"":2.5}",
recXCDqEvDjVP4Zdt,EVENT-260104-4Zdt,Sterilized,2026-01-04T20:27:19.381Z,system,Sterilizer OUT,"{""run_id"":""recA4XgFrJ5Ddr9au"",""run_no"":""RUN-260104-r9au"",""process_type"":""sterilize"",""unit_size"":2}",
recXF5qhlZJEV1LFg,EVENT-251031-1LFg,Sterilized,2025-10-30T19:34:00.000Z,Ray,Sterilizer OUT,"{""run_id"":""recUp0YyktIFcGwuf"",""run_no"":""RUN-251030-Gwuf"",""process_type"":""sterilize"",""unit_size"":500}",
recXGUTCaiek3QlTe,EVENT-251209-QlTe,Pasteurized,2025-12-09T19:58:00.000Z,system,Sterilizer OUT,"{""run_id"":""recDo8bycSvstzMxa"",""run_no"":""RUN-251209-zMxa"",""process_type"":""pasteurize"",""unit_size"":2.5}",
recXL31oKYwJkhAOS,EVENT-260716-hAOS,Sterilized,2026-07-16T19:09:00.000Z,operator1.email.address@mybusiness.com,Sterilizer OUT,"{""run_id"":""recq6e2hNvwWS4YjH"",""run_no"":""RUN-260716-4YjH"",""process_type"":""sterilize"",""unit_size"":7.5,""component_set"":null}",
recXUgpbNpLz5GUGt,EVENT-251006-GUGt,Sterilized,2025-10-06T13:51:00.000Z,system,Sterilizer OUT,"{""run_id"":""recZ5UNgT0575CXLE"",""run_no"":""RUN-251001-CXLE"",""process_type"":""sterilize"",""unit_size"":2}",
recXYA5kHndPZDIbC,EVENT-260525-DIbC,Consumed,,,Spawn to Bulk,"{""consumed_by_lot_ids"":[""recKFLJnzJa3diGH0"",""rec6OsCbSV2NcR7DI"",""recvIZ7GMolPya3FN""]}",
recXaCM8qZQhPOB3B,EVENT-260513-OB3B,Sterilized,2026-05-13T16:47:37.020Z,system,Sterilizer OUT,"{""run_id"":""recWAbeni0r7lEmMj"",""run_no"":""RUN-260512-EmMj"",""process_type"":""sterilize"",""unit_size"":500}",
recXeLd79gx7LefIw,EVENT-251031-efIw,Sterilized,2025-08-01T18:12:00.000Z,system,Sterilizer OUT,"{""run_id"":""recQEIfVEQwEfmIJ7"",""run_no"":""RUN-251031-mIJ7"",""process_type"":""sterilize"",""unit_size"":7.5}",
recXgLEOArcofQo46,EVENT-251004-Qo46,Sterilized,2025-10-04T22:52:20.076Z,system,Sterilizer OUT,"{""run_id"":""recNYZ14Enhg7fwbw"",""run_no"":""RUN-251004-fwbw"",""process_type"":""sterilize"",""unit_size"":2.5}",
recXkHCpyW65fZUoc,EVENT-250929-ZUoc,Sterilized,2025-05-01T15:52:00.000Z,system,Sterilizer OUT,"{""run_id"":""recHvjFAeDQH8qi6e"",""run_no"":""RUN-250929-qi6e"",""process_type"":""sterilize"",""unit_size"":500}",
recXlBS8GqYGB9WsJ,EVENT-251110-9WsJ,Sterilized,2025-11-10T23:45:00.000Z,system,Sterilizer OUT,"{""run_id"":""reczVlsRndrXCAWUz"",""run_no"":""RUN-251106-AWUz"",""process_type"":""sterilize"",""unit_size"":7.5}",
recXo3YbgWpijVqhL,EVENT-251001-VqhL,Sterilized,2025-10-01T20:38:00.000Z,system,Sterilizer OUT,"{""run_id"":""recP4vPmWzLh4NPb6"",""run_no"":""RUN-251001-NPb6"",""process_type"":""sterilize"",""unit_size"":2}",
recXp4EiRdfbJzfAX,EVENT-251218-zfAX,Sterilized,2025-12-18T16:45:53.270Z,system,Sterilizer OUT,"{""run_id"":""recK7rkZM477CArlH"",""run_no"":""RUN-251216-ArlH"",""process_type"":""sterilize"",""unit_size"":2}",
recXsL75B5ITrlUrM,EVENT-260330-lUrM,Sterilized,2026-03-30T17:39:50.874Z,system,Sterilizer OUT,"{""run_id"":""rect5WtJiGG4WFH27"",""run_no"":""RUN-260327-FH27"",""process_type"":""sterilize"",""unit_size"":500}",
recXudzxptssTudAZ,EVENT-251121-udAZ,Sterilized,2025-11-21T17:16:00.000Z,system,Sterilizer OUT,"{""run_id"":""rec7frnAiC4O8e5eA"",""run_no"":""RUN-251121-e5eA"",""process_type"":""sterilize"",""unit_size"":2.5}",
recXv4OeQ43aZP1aO,EVENT-251013-P1aO,Pasteurized,2025-09-01T19:26:00.000Z,system,Sterilizer OUT,"{""run_id"":""recZjdmiO6FX311Nb"",""run_no"":""RUN-251013-11Nb"",""process_type"":""pasteurize"",""unit_size"":2.5}",
recXwrXJZPA7kPwZn,EVENT-260523-PwZn,Sterilized,2026-05-23T19:07:25.243Z,Robert,Sterilizer OUT,"{""run_id"":""recT7cCdNjTLducvq"",""run_no"":""RUN-260523-ucvq"",""process_type"":""sterilize"",""unit_size"":2}",
recY1DEknknnfqhtN,EVENT-251218-qhtN,Sterilized,2025-12-18T16:45:53.270Z,system,Sterilizer OUT,"{""run_id"":""recK7rkZM477CArlH"",""run_no"":""RUN-251216-ArlH"",""process_type"":""sterilize"",""unit_size"":2}",
recY5ebotYRRcnj1o,EVENT-251110-nj1o,Sterilized,2025-11-10T23:45:00.000Z,system,Sterilizer OUT,"{""run_id"":""reczVlsRndrXCAWUz"",""run_no"":""RUN-251106-AWUz"",""process_type"":""sterilize"",""unit_size"":7.5}",
recY8eRWd1iXcjp33,EVENT-251001-jp33,Sterilized,2025-10-01T20:38:00.000Z,system,Sterilizer OUT,"{""run_id"":""recP4vPmWzLh4NPb6"",""run_no"":""RUN-251001-NPb6"",""process_type"":""sterilize"",""unit_size"":2}",
recY9opkuXzGaCetG,EVENT-251121-CetG,Sterilized,2025-11-21T17:16:00.000Z,system,Sterilizer OUT,"{""run_id"":""rec7frnAiC4O8e5eA"",""run_no"":""RUN-251121-e5eA"",""process_type"":""sterilize"",""unit_size"":2.5}",
recYBNfM72iGG4ipJ,EVENT-260525-4ipJ,Pasteurized,2026-05-25T18:58:06.442Z,Robert,Sterilizer OUT,"{""run_id"":""recgRAjPX8HKei2lj"",""run_no"":""RUN-260525-i2lj"",""process_type"":""pasteurize"",""unit_size"":5}",
recYDd48zJRFUJTZq,EVENT-251213-JTZq,Sterilized,2025-05-24T17:31:00.000Z,system,Sterilizer OUT,"{""run_id"":""rec9j3VusnvUCMMk2"",""run_no"":""RUN-251213-MMk2"",""process_type"":""sterilize"",""unit_size"":2}",
recYFrHbD1hgBLpsU,EVENT-251229-LpsU,Pasteurized,2025-12-29T19:44:27.969Z,system,Sterilizer OUT,"{""run_id"":""recKMrStfLoJWj1I6"",""run_no"":""RUN-251229-j1I6"",""process_type"":""pasteurize"",""unit_size"":2.5}",
recYGqKsqHy8yfknd,EVENT-260525-fknd,Pasteurized,2026-05-25T18:58:06.442Z,Robert,Sterilizer OUT,"{""run_id"":""recgRAjPX8HKei2lj"",""run_no"":""RUN-260525-i2lj"",""process_type"":""pasteurize"",""unit_size"":5}",
recYHgpoGXLQHgMB2,EVENT-260307-gMB2,Sterilized,2026-03-07T12:42:00.000Z,system,Sterilizer OUT,"{""run_id"":""recP2Xx5gAUDYMxKM"",""run_no"":""RUN-260307-MxKM"",""process_type"":""sterilize"",""unit_size"":2}",
recYJ2ENoIIVhVuCr,EVENT-251229-VuCr,Pasteurized,2025-12-29T19:46:46.420Z,system,Sterilizer OUT,"{""run_id"":""recDE4jIfkUYCTuuF"",""run_no"":""RUN-251229-TuuF"",""process_type"":""pasteurize"",""unit_size"":5}",
recYLDYOFpBkzSpwa,EVENT-251213-Spwa,Destroyed,2025-12-13T13:16:00.000Z,system,Sterilizer OUT,"{""run_id"":""recbpQro1A7CjLRoa"",""run_no"":""RUN-251213-LRoa"",""process_type"":""sterilize""}",
recYLF1OAokiXAB7H,EVENT-251121-AB7H,Sterilized,2025-11-21T17:16:00.000Z,system,Sterilizer OUT,"{""run_id"":""rec7frnAiC4O8e5eA"",""run_no"":""RUN-251121-e5eA"",""process_type"":""sterilize"",""unit_size"":2.5}",
recYNqVKGRx9gkTOo,EVENT-250929-kTOo,Sterilized,2025-09-29T16:56:17.617Z,system,Sterilizer OUT,"{""run_id"":""rec05bWCGz5QaFIG6"",""run_no"":""RUN-250929-FIG6"",""process_type"":""sterilize"",""unit_size"":5}",
recYSMZYWS5S6gMIL,EVENT-260716-gMIL,Sterilized,2026-07-16T19:09:00.000Z,operator1.email.address@mybusiness.com,Sterilizer OUT,"{""run_id"":""recq6e2hNvwWS4YjH"",""run_no"":""RUN-260716-4YjH"",""process_type"":""sterilize"",""unit_size"":7.5,""component_set"":null}",
recYSiaiuJoJQW05f,EVENT-260115-W05f,Pasteurized,2026-01-15T13:53:00.000Z,system,Sterilizer OUT,"{""run_id"":""recaTWosVnlSlYF7z"",""run_no"":""RUN-260115-YF7z"",""process_type"":""pasteurize"",""unit_size"":2.5}",
recYU26CpTSBOGQNE,EVENT-251121-GQNE,Sterilized,2025-11-21T17:16:00.000Z,system,Sterilizer OUT,"{""run_id"":""rec7frnAiC4O8e5eA"",""run_no"":""RUN-251121-e5eA"",""process_type"":""sterilize"",""unit_size"":2.5}",
recYcHj0H1eFghl7h,EVENT-260324-hl7h,Sterilized,2026-03-24T13:17:23.986Z,system,Sterilizer OUT,"{""run_id"":""recOSF8bNk5Sq0Acf"",""run_no"":""RUN-260324-0Acf"",""process_type"":""sterilize"",""unit_size"":2}",
recYg35jJuhBglZ1N,EVENT-260115-lZ1N,Pasteurized,2026-01-15T13:54:00.000Z,system,Sterilizer OUT,"{""run_id"":""recwQHRE6XnoCuI8g"",""run_no"":""RUN-260115-uI8g"",""process_type"":""pasteurize"",""unit_size"":5}",
recYlRADSUztnO7PQ,EVENT-260505-O7PQ,Sterilized,2026-05-05T22:22:14.543Z,system,Sterilizer OUT,"{""run_id"":""recNmAs6kOzTAInt8"",""run_no"":""RUN-260505-Int8"",""process_type"":""sterilize"",""unit_size"":2.5}",
recYqTZ6mUqWiF7Do,EVENT-260104-F7Do,Sterilized,2026-01-04T20:27:19.381Z,system,Sterilizer OUT,"{""run_id"":""recA4XgFrJ5Ddr9au"",""run_no"":""RUN-260104-r9au"",""process_type"":""sterilize"",""unit_size"":2}",
recYv6pecg3jPn5Jf,EVENT-260409-n5Jf,Sterilized,2026-04-09T20:38:59.422Z,system,Sterilizer OUT,"{""run_id"":""recppjKznbkp9cKxo"",""run_no"":""RUN-260409-cKxo"",""process_type"":""sterilize"",""unit_size"":3}",
recYyOMt0PrnQF9jw,EVENT-250929-F9jw,Sterilized,2025-05-01T15:52:00.000Z,system,Sterilizer OUT,"{""run_id"":""recHvjFAeDQH8qi6e"",""run_no"":""RUN-250929-qi6e"",""process_type"":""sterilize"",""unit_size"":500}",
recYyqhPJma41NUQU,EVENT-251218-NUQU,Sterilized,2025-12-18T16:45:53.270Z,system,Sterilizer OUT,"{""run_id"":""recK7rkZM477CArlH"",""run_no"":""RUN-251216-ArlH"",""process_type"":""sterilize"",""unit_size"":2}",
recZAsWepGHAfginK,EVENT-260713-ginK,SpawnedToBulk,,,Spawn to Bulk,"{""grain_input_ids"":[""recuFurbEVrwWYrz8""],""substrate_input_ids"":[""recmFku57yRtfqkub"",""receL0vTHMoY5B30M"",""recp7KLAsLcPgLVDJ""],""per_output_unit_size_lb"":3.1666666666666665,""output_item_code"":""FB-MM75-SM"",""output_index"":0,""output_count"":3}",
recZCHzFArBz6uiuv,EVENT-260424-uiuv,Sterilized,2026-04-24T07:30:00.000Z,Robert,Sterilizer OUT,"{""run_id"":""recCSZRx6w0VbzoXm"",""run_no"":""RUN-260424-zoXm"",""process_type"":""sterilize"",""unit_size"":2}",
recZFtPk8ZTSTJzBq,EVENT-260523-JzBq,Sterilized,2026-05-23T19:07:25.243Z,Robert,Sterilizer OUT,"{""run_id"":""recT7cCdNjTLducvq"",""run_no"":""RUN-260523-ucvq"",""process_type"":""sterilize"",""unit_size"":2}",
recZIUP7pWBLjOSOB,EVENT-251006-OSOB,Sterilized,2025-10-06T13:51:00.000Z,system,Sterilizer OUT,"{""run_id"":""recZ5UNgT0575CXLE"",""run_no"":""RUN-251001-CXLE"",""process_type"":""sterilize"",""unit_size"":2}",
recZIptAC1DkBMuhq,EVENT-251218-Muhq,Sterilized,2025-12-18T16:45:53.270Z,system,Sterilizer OUT,"{""run_id"":""recK7rkZM477CArlH"",""run_no"":""RUN-251216-ArlH"",""process_type"":""sterilize"",""unit_size"":2}",
recZNQ4GWwpOFBHH4,EVENT-250929-BHH4,Sterilized,2025-09-29T16:56:17.617Z,system,Sterilizer OUT,"{""run_id"":""rec05bWCGz5QaFIG6"",""run_no"":""RUN-250929-FIG6"",""process_type"":""sterilize"",""unit_size"":5}",
recZQDRgichY0WtaW,EVENT-260505-WtaW,Sterilized,2026-05-05T22:22:14.543Z,system,Sterilizer OUT,"{""run_id"":""recNmAs6kOzTAInt8"",""run_no"":""RUN-260505-Int8"",""process_type"":""sterilize"",""unit_size"":2.5}",
recZQZBBp7U5A6y39,EVENT-251008-6y39,Sterilized,2025-10-08T11:17:00.000Z,Ray,Sterilizer OUT,"{""run_id"":""recdkaSPElUbPxgL9"",""run_no"":""RUN-251007-xgL9"",""process_type"":""sterilize"",""unit_size"":300}",
recZSzDp9ZQHp5MJ4,EVENT-260116-5MJ4,Sterilized,2026-01-16T15:44:00.000Z,system,Sterilizer OUT,"{""run_id"":""rec5Wae27XQI9MFN2"",""run_no"":""RUN-260116-MFN2"",""process_type"":""sterilize"",""unit_size"":2.5}",
recZTkJDt4GUjkViQ,EVENT-250929-kViQ,Sterilized,2025-09-29T16:56:17.617Z,system,Sterilizer OUT,"{""run_id"":""rec05bWCGz5QaFIG6"",""run_no"":""RUN-250929-FIG6"",""process_type"":""sterilize"",""unit_size"":5}",
recZcCIsvLocfrcqz,EVENT-251229-rcqz,Pasteurized,2025-12-29T19:44:27.969Z,system,Sterilizer OUT,"{""run_id"":""recKMrStfLoJWj1I6"",""run_no"":""RUN-251229-j1I6"",""process_type"":""pasteurize"",""unit_size"":2.5}",
recZopoN4QHGSmQ33,EVENT-260630-mQ33,Consumed,,,Spawn to Bulk,"{""consumed_by_lot_ids"":[""recgzcpyVih7jmLfp"",""recYD9AQiHgFMmf05"",""recEckxx2Hs7IftGu""]}",
recZqF8QPnj9DMJ1y,EVENT-251216-MJ1y,Sterilized,2025-12-16T16:43:00.000Z,system,Sterilizer OUT,"{""run_id"":""recn6t4bEWBouzcg6"",""run_no"":""RUN-251216-zcg6"",""process_type"":""sterilize"",""unit_size"":7.5}",
recZsZdSO51PmVoh1,EVENT-260330-Voh1,Sterilized,2026-03-30T16:15:34.671Z,system,Sterilizer OUT,"{""run_id"":""recpFcbTcKrw3DX6J"",""run_no"":""RUN-260327-DX6J"",""process_type"":""sterilize"",""unit_size"":500}",
recZuggfc2rCNkSqW,EVENT-260523-kSqW,Sterilized,2026-05-23T19:07:25.243Z,Robert,Sterilizer OUT,"{""run_id"":""recT7cCdNjTLducvq"",""run_no"":""RUN-260523-ucvq"",""process_type"":""sterilize"",""unit_size"":2}",
recZz6QVV5J6djkwV,EVENT-260216-jkwV,Pasteurized,2026-02-16T23:15:56.486Z,system,Sterilizer OUT,"{""run_id"":""recJCeCBGXBTRPBSS"",""run_no"":""RUN-260216-PBSS"",""process_type"":""pasteurize"",""unit_size"":5}",
recZzL4ZfozXrf96M,EVENT-260523-f96M,Sterilized,2026-05-23T19:07:25.243Z,Robert,Sterilizer OUT,"{""run_id"":""recT7cCdNjTLducvq"",""run_no"":""RUN-260523-ucvq"",""process_type"":""sterilize"",""unit_size"":2}",
reca3dqAFDSzS5H6b,EVENT-250929-5H6b,Sterilized,2025-05-01T16:30:00.000Z,system,Sterilizer OUT,"{""run_id"":""rec5IxBX2con6PUNz"",""run_no"":""RUN-250929-PUNz"",""process_type"":""sterilize"",""unit_size"":2}",
reca9xJ10xK74ysns,EVENT-260327-ysns,Sterilized,2026-03-23T20:45:00.000Z,system,Sterilizer OUT,"{""run_id"":""rec8ZdEg2StmlxanB"",""run_no"":""RUN-260327-xanB"",""process_type"":""sterilize"",""unit_size"":400}",
recaAbhktqzOVwvaG,EVENT-251213-wvaG,Sterilized,2025-12-13T13:16:00.000Z,system,Sterilizer OUT,"{""run_id"":""recbpQro1A7CjLRoa"",""run_no"":""RUN-251213-LRoa"",""process_type"":""sterilize"",""unit_size"":2.5}",
recaNhiojUQuM5VKk,EVENT-260424-5VKk,Sterilized,2026-04-24T07:30:00.000Z,Robert,Sterilizer OUT,"{""run_id"":""recCSZRx6w0VbzoXm"",""run_no"":""RUN-260424-zoXm"",""process_type"":""sterilize"",""unit_size"":2}",
recaQFoQHLXtTQ1bV,EVENT-260424-Q1bV,Sterilized,2026-04-24T07:30:00.000Z,Robert,Sterilizer OUT,"{""run_id"":""recCSZRx6w0VbzoXm"",""run_no"":""RUN-260424-zoXm"",""process_type"":""sterilize"",""unit_size"":2}",
recaT5VHwwV4SDuju,EVENT-260523-Duju,Sterilized,2026-05-23T19:07:25.243Z,Robert,Sterilizer OUT,"{""run_id"":""recT7cCdNjTLducvq"",""run_no"":""RUN-260523-ucvq"",""process_type"":""sterilize"",""unit_size"":2}",
recaUmXDyi29yOxam,EVENT-260117-Oxam,Sterilized,2026-01-17T13:36:00.000Z,system,Sterilizer OUT,"{""run_id"":""recWq1rGRxOkPaZCD"",""run_no"":""RUN-260117-aZCD"",""process_type"":""sterilize"",""unit_size"":7.5}",
recaV9LutH2FYjAal,EVENT-260103-jAal,Pasteurized,2026-01-03T18:00:45.573Z,system,Sterilizer OUT,"{""run_id"":""recUFrG4DkfZfw3tU"",""run_no"":""RUN-260103-w3tU"",""process_type"":""pasteurize"",""unit_size"":2.5}",
recaZmgkoTToQzXR7,EVENT-260422-zXR7,Sterilized,2026-04-22T12:28:52.942Z,system,Sterilizer OUT,"{""run_id"":""recKxVLX61XaTp3xU"",""run_no"":""RUN-260422-p3xU"",""process_type"":""sterilize"",""unit_size"":2.5}",
recaaLeYc9OBNYLrH,EVENT-260713-YLrH,Contaminated,2026-07-13T21:00:51.230Z,,Dark Room,{},
recae0r4zEhZWmS9J,EVENT-260104-mS9J,Sterilized,2026-01-04T20:27:19.381Z,system,Sterilizer OUT,"{""run_id"":""recA4XgFrJ5Ddr9au"",""run_no"":""RUN-260104-r9au"",""process_type"":""sterilize"",""unit_size"":2}",
recakYY65kwNapFrO,EVENT-260104-pFrO,Sterilized,2026-01-04T20:27:19.381Z,system,Sterilizer OUT,"{""run_id"":""recA4XgFrJ5Ddr9au"",""run_no"":""RUN-260104-r9au"",""process_type"":""sterilize"",""unit_size"":2}",
recalBfayLLt1VjUT,EVENT-260716-VjUT,Sterilized,2026-07-16T19:09:00.000Z,operator1.email.address@mybusiness.com,Sterilizer OUT,"{""run_id"":""recH9XtQ3GNRt9tvy"",""run_no"":""RUN-260716-9tvy"",""process_type"":""sterilize"",""unit_size"":2.5,""component_set"":null}",
recanazGBDYZvZmtP,EVENT-260424-ZmtP,Sterilized,2026-04-24T07:30:00.000Z,Robert,Sterilizer OUT,"{""run_id"":""recCSZRx6w0VbzoXm"",""run_no"":""RUN-260424-zoXm"",""process_type"":""sterilize"",""unit_size"":2}",
recaoQMqv98inZzGJ,EVENT-251213-ZzGJ,Destroyed,2025-12-13T13:16:00.000Z,system,Sterilizer OUT,"{""run_id"":""recbpQro1A7CjLRoa"",""run_no"":""RUN-251213-LRoa"",""process_type"":""sterilize""}",
recapozqDerG1JPu6,EVENT-260307-JPu6,Sterilized,2026-03-07T12:42:00.000Z,system,Sterilizer OUT,"{""run_id"":""recP2Xx5gAUDYMxKM"",""run_no"":""RUN-260307-MxKM"",""process_type"":""sterilize"",""unit_size"":2}",
recapqI4knIl3fjsU,EVENT-251216-fjsU,Sterilized,2025-12-16T16:43:00.000Z,system,Sterilizer OUT,"{""run_id"":""recn6t4bEWBouzcg6"",""run_no"":""RUN-251216-zcg6"",""process_type"":""sterilize"",""unit_size"":7.5}",
recaq0mQgVC3k69ko,EVENT-260116-69ko,Sterilized,2026-01-16T16:17:00.000Z,system,Sterilizer OUT,"{""run_id"":""recrx6AxbFfK4CIF3"",""run_no"":""RUN-260116-CIF3"",""process_type"":""sterilize"",""unit_size"":7.5}",
recasKFhCy4EH4Y9Y,EVENT-260523-4Y9Y,Sterilized,2026-05-23T19:07:25.243Z,Robert,Sterilizer OUT,"{""run_id"":""recT7cCdNjTLducvq"",""run_no"":""RUN-260523-ucvq"",""process_type"":""sterilize"",""unit_size"":2}",
recatJNMPqiaHQRce,EVENT-260616-QRce,Sterilized,2026-06-15T16:51:00.000Z,operator1.email.address@mybusiness.com,Sterilizer OUT,"{""run_id"":""reckkAU2IsJQACD2X"",""run_no"":""RUN-260615-CD2X"",""process_type"":""sterilize"",""unit_size"":1.75}",
recavE750yipHDLAE,EVENT-251110-DLAE,Sterilized,2025-11-10T23:45:00.000Z,system,Sterilizer OUT,"{""run_id"":""reczVlsRndrXCAWUz"",""run_no"":""RUN-251106-AWUz"",""process_type"":""sterilize"",""unit_size"":7.5}",
recb2zEz9SnfAJn8q,EVENT-250929-Jn8q,Sterilized,2025-05-01T16:30:00.000Z,system,Sterilizer OUT,"{""run_id"":""rec5IxBX2con6PUNz"",""run_no"":""RUN-250929-PUNz"",""process_type"":""sterilize"",""unit_size"":2}",
recb3l01t5yYHE3sp,EVENT-260624-E3sp,Sterilized,2026-06-24T22:04:27.843Z,operator2.email.address@mybusiness.com,Sterilizer OUT,"{""run_id"":""rec8b9gwQ65FYFTYo"",""run_no"":""RUN-260623-FTYo"",""process_type"":""sterilize"",""unit_size"":1.5,""component_set"":null}",
recb6sqRwApSq8353,EVENT-260716-8353,Sterilized,2026-07-16T19:09:00.000Z,operator1.email.address@mybusiness.com,Sterilizer OUT,"{""run_id"":""recq6e2hNvwWS4YjH"",""run_no"":""RUN-260716-4YjH"",""process_type"":""sterilize"",""unit_size"":7.5,""component_set"":null}",
recbA353pQZcAbL1l,EVENT-251006-bL1l,Sterilized,2025-10-06T13:51:00.000Z,system,Sterilizer OUT,"{""run_id"":""recZ5UNgT0575CXLE"",""run_no"":""RUN-251001-CXLE"",""process_type"":""sterilize"",""unit_size"":2}",
recbF12QMPhhUORZu,EVENT-260324-ORZu,Sterilized,2026-03-24T13:17:23.986Z,system,Sterilizer OUT,"{""run_id"":""recOSF8bNk5Sq0Acf"",""run_no"":""RUN-260324-0Acf"",""process_type"":""sterilize"",""unit_size"":2}",
recbHGH3kEJ4Qiz32,EVENT-251121-iz32,Sterilized,2025-11-21T17:16:00.000Z,system,Sterilizer OUT,"{""run_id"":""rec7frnAiC4O8e5eA"",""run_no"":""RUN-251121-e5eA"",""process_type"":""sterilize"",""unit_size"":2.5}",
recbHwzo759iFtFmX,EVENT-251121-tFmX,Sterilized,2025-11-21T17:16:00.000Z,system,Sterilizer OUT,"{""run_id"":""rec7frnAiC4O8e5eA"",""run_no"":""RUN-251121-e5eA"",""process_type"":""sterilize"",""unit_size"":2.5}",
recbPB5yUWGKqVEyA,EVENT-260330-VEyA,Sterilized,2026-03-30T17:39:50.874Z,system,Sterilizer OUT,"{""run_id"":""rect5WtJiGG4WFH27"",""run_no"":""RUN-260327-FH27"",""process_type"":""sterilize"",""unit_size"":500}",
recbPY7DwvFqfMTwl,EVENT-260307-MTwl,Sterilized,2026-03-07T12:42:00.000Z,system,Sterilizer OUT,"{""run_id"":""recP2Xx5gAUDYMxKM"",""run_no"":""RUN-260307-MxKM"",""process_type"":""sterilize"",""unit_size"":2}",
recbQodxhsHtzdh9z,EVENT-260616-dh9z,Sterilized,2026-06-15T16:51:00.000Z,operator1.email.address@mybusiness.com,Sterilizer OUT,"{""run_id"":""reckkAU2IsJQACD2X"",""run_no"":""RUN-260615-CD2X"",""process_type"":""sterilize"",""unit_size"":1.75}",
recbWjX3qrB0Lhw3h,EVENT-251117-hw3h,Pasteurized,2025-11-17T18:18:33.861Z,system,Sterilizer OUT,"{""run_id"":""reclx5p8uinIUCIfB"",""run_no"":""RUN-251117-CIfB"",""process_type"":""pasteurize"",""unit_size"":3}",
recbYIzw8arc4lKX6,EVENT-260116-lKX6,Sterilized,2026-01-16T15:44:00.000Z,system,Sterilizer OUT,"{""run_id"":""rec5Wae27XQI9MFN2"",""run_no"":""RUN-260116-MFN2"",""process_type"":""sterilize"",""unit_size"":2.5}",
recbYfll9cxDXCYhD,EVENT-251121-CYhD,Sterilized,2025-11-21T17:16:00.000Z,system,Sterilizer OUT,"{""run_id"":""rec7frnAiC4O8e5eA"",""run_no"":""RUN-251121-e5eA"",""process_type"":""sterilize"",""unit_size"":2.5}",
recbZTGhKrCRTaqNs,EVENT-250929-aqNs,Sterilized,2025-05-01T16:30:00.000Z,system,Sterilizer OUT,"{""run_id"":""rec5IxBX2con6PUNz"",""run_no"":""RUN-250929-PUNz"",""process_type"":""sterilize"",""unit_size"":2}",
recba0tgEt4rmEpYJ,EVENT-260116-EpYJ,Sterilized,2026-01-16T15:44:00.000Z,system,Sterilizer OUT,"{""run_id"":""rec5Wae27XQI9MFN2"",""run_no"":""RUN-260116-MFN2"",""process_type"":""sterilize"",""unit_size"":2.5}",
recbcDF6LttgUrDjS,EVENT-260624-rDjS,Sterilized,2026-06-24T22:04:27.843Z,operator2.email.address@mybusiness.com,Sterilizer OUT,"{""run_id"":""rec8b9gwQ65FYFTYo"",""run_no"":""RUN-260623-FTYo"",""process_type"":""sterilize"",""unit_size"":1.5,""component_set"":null}",
recbk8iUIOkVyComV,EVENT-260523-ComV,Sterilized,2026-05-23T19:07:25.243Z,Robert,Sterilizer OUT,"{""run_id"":""recT7cCdNjTLducvq"",""run_no"":""RUN-260523-ucvq"",""process_type"":""sterilize"",""unit_size"":2}",
recbmFoMgF9bgPmXh,EVENT-260216-PmXh,Pasteurized,2026-02-16T23:15:56.486Z,system,Sterilizer OUT,"{""run_id"":""recJCeCBGXBTRPBSS"",""run_no"":""RUN-260216-PBSS"",""process_type"":""pasteurize"",""unit_size"":5}",
recbmmw9wUcXQUyzS,EVENT-260307-UyzS,Sterilized,2026-03-07T12:42:00.000Z,system,Sterilizer OUT,"{""run_id"":""recP2Xx5gAUDYMxKM"",""run_no"":""RUN-260307-MxKM"",""process_type"":""sterilize"",""unit_size"":2}",
recboGjeiZQz81DFK,EVENT-260513-1DFK,Sterilized,2026-05-13T16:47:37.020Z,system,Sterilizer OUT,"{""run_id"":""recWAbeni0r7lEmMj"",""run_no"":""RUN-260512-EmMj"",""process_type"":""sterilize"",""unit_size"":500}",
recbsMgIpbgYd4Nuk,EVENT-260616-4Nuk,Sterilized,2026-06-15T16:51:00.000Z,operator1.email.address@mybusiness.com,Sterilizer OUT,"{""run_id"":""reckkAU2IsJQACD2X"",""run_no"":""RUN-260615-CD2X"",""process_type"":""sterilize"",""unit_size"":1.75}",
recc1UK5AaTiUvUSD,EVENT-260216-vUSD,Pasteurized,2026-02-16T23:15:56.486Z,system,Sterilizer OUT,"{""run_id"":""recJCeCBGXBTRPBSS"",""run_no"":""RUN-260216-PBSS"",""process_type"":""pasteurize"",""unit_size"":5}",
recc2LCNlUYDkFCFS,EVENT-260104-FCFS,Sterilized,2026-01-04T20:27:19.381Z,system,Sterilizer OUT,"{""run_id"":""recA4XgFrJ5Ddr9au"",""run_no"":""RUN-260104-r9au"",""process_type"":""sterilize"",""unit_size"":2}",
recc2sXWfMNqMWWtf,EVENT-251112-WWtf,Pasteurized,2025-11-12T19:15:00.000Z,system,Sterilizer OUT,"{""run_id"":""recuPXC2xYSKykGvI"",""run_no"":""RUN-251112-kGvI"",""process_type"":""pasteurize"",""unit_size"":5}",
recc68EFYoOs1Shl4,EVENT-251117-Shl4,Pasteurized,2025-11-17T18:18:33.861Z,system,Sterilizer OUT,"{""run_id"":""reclx5p8uinIUCIfB"",""run_no"":""RUN-251117-CIfB"",""process_type"":""pasteurize"",""unit_size"":3}",
recc6sjDmb4pcz6W0,EVENT-260422-z6W0,Sterilized,2026-04-22T12:29:05.101Z,system,Sterilizer OUT,"{""run_id"":""recswN3XMcVEeXbvP"",""run_no"":""RUN-260422-XbvP"",""process_type"":""sterilize"",""unit_size"":5}",
reccA7nVsC4145qlv,EVENT-251031-5qlv,Sterilized,2025-08-01T18:22:00.000Z,system,Sterilizer OUT,"{""run_id"":""recWF8fgbaNSXThS9"",""run_no"":""RUN-251031-ThS9"",""process_type"":""sterilize"",""unit_size"":7.5}",
reccAHeeK0cUzXEMY,EVENT-251006-XEMY,Sterilized,2025-10-06T13:51:00.000Z,system,Sterilizer OUT,"{""run_id"":""recZ5UNgT0575CXLE"",""run_no"":""RUN-251001-CXLE"",""process_type"":""sterilize"",""unit_size"":2}",
reccHz73KewJhPWnY,EVENT-251218-PWnY,Sterilized,2025-12-18T16:45:53.270Z,system,Sterilizer OUT,"{""run_id"":""recK7rkZM477CArlH"",""run_no"":""RUN-251216-ArlH"",""process_type"":""sterilize"",""unit_size"":2}",
reccIJKSmpnQd86rP,EVENT-251212-86rP,Sterilized,2025-12-06T18:17:00.000Z,system,Sterilizer OUT,"{""run_id"":""recf9lSLONsH3GW1m"",""run_no"":""RUN-251212-GW1m"",""process_type"":""sterilize"",""unit_size"":300}",
reccK3lU8SzsiSZWd,EVENT-260616-SZWd,Sterilized,2026-06-15T16:51:00.000Z,operator1.email.address@mybusiness.com,Sterilizer OUT,"{""run_id"":""reckkAU2IsJQACD2X"",""run_no"":""RUN-260615-CD2X"",""process_type"":""sterilize"",""unit_size"":1.75}",
reccNnwpu6k4B60e8,EVENT-260330-60e8,Sterilized,2026-03-30T16:15:34.671Z,system,Sterilizer OUT,"{""run_id"":""recpFcbTcKrw3DX6J"",""run_no"":""RUN-260327-DX6J"",""process_type"":""sterilize"",""unit_size"":500}",
reccOv6prYtmFOwiB,EVENT-260104-OwiB,Sterilized,2026-01-04T20:27:19.381Z,system,Sterilizer OUT,"{""run_id"":""recA4XgFrJ5Ddr9au"",""run_no"":""RUN-260104-r9au"",""process_type"":""sterilize"",""unit_size"":2}",
reccTHm1RDCRQwB8u,EVENT-250929-wB8u,Sterilized,2025-09-29T16:56:17.617Z,system,Sterilizer OUT,"{""run_id"":""rec05bWCGz5QaFIG6"",""run_no"":""RUN-250929-FIG6"",""process_type"":""sterilize"",""unit_size"":5}",
reccZTXGCGbEWgiei,EVENT-250929-giei,Sterilized,2025-05-01T15:52:00.000Z,system,Sterilizer OUT,"{""run_id"":""recHvjFAeDQH8qi6e"",""run_no"":""RUN-250929-qi6e"",""process_type"":""sterilize"",""unit_size"":500}",
reccdqGCT48mMZRyp,EVENT-250929-ZRyp,Sterilized,2025-08-01T18:28:00.000Z,system,Sterilizer OUT,"{""run_id"":""reci6qyctBY2UEJbw"",""run_no"":""RUN-250929-EJbw"",""process_type"":""sterilize"",""unit_size"":5}",
reccf91sFRyf8H9uf,EVENT-260523-H9uf,Sterilized,2026-05-23T19:07:25.243Z,Robert,Sterilizer OUT,"{""run_id"":""recT7cCdNjTLducvq"",""run_no"":""RUN-260523-ucvq"",""process_type"":""sterilize"",""unit_size"":2}",
reccfMWiLKnUzrSfM,EVENT-260616-rSfM,Sterilized,2026-06-15T16:51:00.000Z,operator1.email.address@mybusiness.com,Sterilizer OUT,"{""run_id"":""reckkAU2IsJQACD2X"",""run_no"":""RUN-260615-CD2X"",""process_type"":""sterilize"",""unit_size"":1.75}",
reccfWkGZ5ZX6VJgj,EVENT-251006-VJgj,Sterilized,2025-10-06T13:51:00.000Z,system,Sterilizer OUT,"{""run_id"":""recZ5UNgT0575CXLE"",""run_no"":""RUN-251001-CXLE"",""process_type"":""sterilize"",""unit_size"":2}",
recckjQOT6buG5Irt,EVENT-260624-5Irt,Sterilized,2026-06-24T22:04:27.843Z,operator2.email.address@mybusiness.com,Sterilizer OUT,"{""run_id"":""rec8b9gwQ65FYFTYo"",""run_no"":""RUN-260623-FTYo"",""process_type"":""sterilize"",""unit_size"":1.5,""component_set"":null}",
reccqWes6En5PBrS0,EVENT-251218-BrS0,Sterilized,2025-12-18T16:45:53.270Z,system,Sterilizer OUT,"{""run_id"":""recK7rkZM477CArlH"",""run_no"":""RUN-251216-ArlH"",""process_type"":""sterilize"",""unit_size"":2}",
reccx45txFwciiljv,EVENT-260324-iljv,Sterilized,2026-03-24T13:17:23.986Z,system,Sterilizer OUT,"{""run_id"":""recOSF8bNk5Sq0Acf"",""run_no"":""RUN-260324-0Acf"",""process_type"":""sterilize"",""unit_size"":2}",
reccxuv4tEnX7z3YY,EVENT-260505-z3YY,Sterilized,2026-05-05T22:22:14.543Z,system,Sterilizer OUT,"{""run_id"":""recNmAs6kOzTAInt8"",""run_no"":""RUN-260505-Int8"",""process_type"":""sterilize"",""unit_size"":2.5}",
reccywPAaliIxpa1T,EVENT-260310-pa1T,Pasteurized,2026-03-10T18:23:50.693Z,Robert,Sterilizer OUT,"{""run_id"":""recBjYHAjvHFNP65d"",""run_no"":""RUN-260310-P65d"",""process_type"":""pasteurize"",""unit_size"":5}",
recd0bVzeeTqGw10v,EVENT-250929-w10v,Sterilized,2025-08-01T18:28:00.000Z,system,Sterilizer OUT,"{""run_id"":""reci6qyctBY2UEJbw"",""run_no"":""RUN-250929-EJbw"",""process_type"":""sterilize"",""unit_size"":5}",
recd9oHKgI61HfcVJ,EVENT-260523-fcVJ,Sterilized,2026-05-23T19:07:25.243Z,Robert,Sterilizer OUT,"{""run_id"":""recT7cCdNjTLducvq"",""run_no"":""RUN-260523-ucvq"",""process_type"":""sterilize"",""unit_size"":2}",
recdF7BxJXra43fav,EVENT-260409-3fav,Sterilized,2026-04-09T20:38:59.422Z,system,Sterilizer OUT,"{""run_id"":""recppjKznbkp9cKxo"",""run_no"":""RUN-260409-cKxo"",""process_type"":""sterilize"",""unit_size"":3}",
recdJdrAPLwfCN3oJ,EVENT-260629-N3oJ,Sterilized,2026-06-29T20:52:53.810Z,operator2.email.address@mybusiness.com,Sterilizer OUT,"{""run_id"":""recmOfj55C1iwlLVT"",""run_no"":""RUN-260629-lLVT"",""process_type"":""sterilize"",""unit_size"":3,""component_set"":""WBS_CVG_RIZ1""}",
recdS6kLEqTn6kO31,EVENT-260424-kO31,Sterilized,2026-04-24T07:30:00.000Z,Robert,Sterilizer OUT,"{""run_id"":""recCSZRx6w0VbzoXm"",""run_no"":""RUN-260424-zoXm"",""process_type"":""sterilize"",""unit_size"":2}",
recdUqupKjLDJPSIY,EVENT-251106-PSIY,Sterilized,2025-10-04T16:06:00.000Z,system,Sterilizer OUT,"{""run_id"":""recOvvPYQJdTQszRK"",""run_no"":""RUN-251106-szRK"",""process_type"":""sterilize"",""unit_size"":2.5}",
recddkrp95U3Mztmv,EVENT-260619-ztmv,Contaminated,2026-06-19T19:06:53.332Z,,Dark Room,{},
recdhFd9qEfGBPAag,EVENT-260716-PAag,Sterilized,2026-07-16T19:09:00.000Z,operator1.email.address@mybusiness.com,Sterilizer OUT,"{""run_id"":""recH9XtQ3GNRt9tvy"",""run_no"":""RUN-260716-9tvy"",""process_type"":""sterilize"",""unit_size"":2.5,""component_set"":null}",
recdiGo197IYiijTb,EVENT-251106-ijTb,Sterilized,2025-09-29T16:10:00.000Z,system,Sterilizer OUT,"{""run_id"":""recRHkSJc9nkDBSwG"",""run_no"":""RUN-251106-BSwG"",""process_type"":""sterilize"",""unit_size"":2.5}",
recdjLs5LHpXWXxPY,EVENT-260629-XxPY,Sterilized,2026-06-29T20:53:00.000Z,system,Sterilizer OUT,"{""run_id"":""recwjKJcMtXVRXJNz"",""run_no"":""RUN-260629-XJNz"",""process_type"":""sterilize"",""unit_size"":5,""component_set"":null}",
recdm7ZWj4t35shaC,EVENT-251121-shaC,Sterilized,2025-11-21T17:16:00.000Z,system,Sterilizer OUT,"{""run_id"":""rec7frnAiC4O8e5eA"",""run_no"":""RUN-251121-e5eA"",""process_type"":""sterilize"",""unit_size"":2.5}",
recdpvdt3LlNBtquU,EVENT-260324-tquU,Sterilized,2026-03-24T13:17:23.986Z,system,Sterilizer OUT,"{""run_id"":""recOSF8bNk5Sq0Acf"",""run_no"":""RUN-260324-0Acf"",""process_type"":""sterilize"",""unit_size"":2}",
recdq4GitwLx4aAAj,EVENT-260115-aAAj,Pasteurized,2026-01-15T13:53:00.000Z,system,Sterilizer OUT,"{""run_id"":""recaTWosVnlSlYF7z"",""run_no"":""RUN-260115-YF7z"",""process_type"":""pasteurize"",""unit_size"":2.5}",
recdqFo0gs4K3JxIf,EVENT-251121-JxIf,Sterilized,2025-11-21T17:16:00.000Z,system,Sterilizer OUT,"{""run_id"":""rec7frnAiC4O8e5eA"",""run_no"":""RUN-251121-e5eA"",""process_type"":""sterilize"",""unit_size"":2.5}",
recdvguGIKoiOotKl,EVENT-251111-otKl,Sterilized,2025-10-06T16:33:00.000Z,system,Sterilizer OUT,"{""run_id"":""rec5eTB6PGFAwjp2X"",""run_no"":""RUN-251111-jp2X"",""process_type"":""sterilize"",""unit_size"":2}",
recdxiR6dXmfF5bGy,EVENT-260324-5bGy,Sterilized,2026-03-24T13:17:23.986Z,system,Sterilizer OUT,"{""run_id"":""recOSF8bNk5Sq0Acf"",""run_no"":""RUN-260324-0Acf"",""process_type"":""sterilize"",""unit_size"":2}",
rece00ecFA3Khb4iY,EVENT-260228-b4iY,Sterilized,2026-02-28T18:29:00.000Z,Robert,Sterilizer OUT,"{""run_id"":""rec0JC7G8fTAXxlJZ"",""run_no"":""RUN-260228-xlJZ"",""process_type"":""sterilize"",""unit_size"":7.5}",
rece0h6Yy0tMjn7u3,EVENT-251007-n7u3,Pasteurized,2025-10-07T16:17:00.000Z,Ray,Sterilizer OUT,"{""run_id"":""recgARlUsOnnMosWG"",""run_no"":""RUN-251006-osWG"",""process_type"":""pasteurize"",""unit_size"":5}",
rece5jraWkYVZpbqH,EVENT-251031-pbqH,Sterilized,2025-08-01T18:22:00.000Z,system,Sterilizer OUT,"{""run_id"":""recWF8fgbaNSXThS9"",""run_no"":""RUN-251031-ThS9"",""process_type"":""sterilize"",""unit_size"":7.5}",
rece7lCCrDgtW6Ctp,EVENT-260116-6Ctp,Sterilized,2026-01-16T16:17:00.000Z,system,Sterilizer OUT,"{""run_id"":""recrx6AxbFfK4CIF3"",""run_no"":""RUN-260116-CIF3"",""process_type"":""sterilize"",""unit_size"":7.5}",
rece8eZcwIqvhg3QK,EVENT-260104-g3QK,Sterilized,2026-01-04T20:27:19.381Z,system,Sterilizer OUT,"{""run_id"":""recA4XgFrJ5Ddr9au"",""run_no"":""RUN-260104-r9au"",""process_type"":""sterilize"",""unit_size"":2}",
receAU87rCnW8XVRG,EVENT-251218-XVRG,Sterilized,2025-12-18T16:45:53.270Z,system,Sterilizer OUT,"{""run_id"":""recK7rkZM477CArlH"",""run_no"":""RUN-251216-ArlH"",""process_type"":""sterilize"",""unit_size"":2}",
receBB2QU9UoO4mKE,EVENT-251121-4mKE,Sterilized,2025-11-21T17:16:00.000Z,system,Sterilizer OUT,"{""run_id"":""rec7frnAiC4O8e5eA"",""run_no"":""RUN-251121-e5eA"",""process_type"":""sterilize"",""unit_size"":2.5}",
receLAINbZjtGAMHS,EVENT-250929-AMHS,Sterilized,2025-09-29T16:56:17.617Z,system,Sterilizer OUT,"{""run_id"":""rec05bWCGz5QaFIG6"",""run_no"":""RUN-250929-FIG6"",""process_type"":""sterilize"",""unit_size"":5}",
receMqrDUrzU18wbt,EVENT-260307-8wbt,Sterilized,2026-03-07T12:42:00.000Z,system,Sterilizer OUT,"{""run_id"":""recP2Xx5gAUDYMxKM"",""run_no"":""RUN-260307-MxKM"",""process_type"":""sterilize"",""unit_size"":2}",
receR6o30KVflkIdI,EVENT-251013-kIdI,Pasteurized,2025-09-01T19:26:00.000Z,system,Sterilizer OUT,"{""run_id"":""recZjdmiO6FX311Nb"",""run_no"":""RUN-251013-11Nb"",""process_type"":""pasteurize"",""unit_size"":2.5}",
receRBGTZcQ9ftdpM,EVENT-260616-tdpM,Sterilized,2026-06-15T16:51:00.000Z,operator1.email.address@mybusiness.com,Sterilizer OUT,"{""run_id"":""reckkAU2IsJQACD2X"",""run_no"":""RUN-260615-CD2X"",""process_type"":""sterilize"",""unit_size"":1.75}",
receRnmO4j57wmlWv,EVENT-260307-mlWv,Sterilized,2026-03-07T12:42:00.000Z,system,Sterilizer OUT,"{""run_id"":""recP2Xx5gAUDYMxKM"",""run_no"":""RUN-260307-MxKM"",""process_type"":""sterilize"",""unit_size"":2}",
receT6kFnNdX8ClEL,EVENT-251007-ClEL,Pasteurized,2025-10-07T16:17:00.000Z,Ray,Sterilizer OUT,"{""run_id"":""recgARlUsOnnMosWG"",""run_no"":""RUN-251006-osWG"",""process_type"":""pasteurize"",""unit_size"":5}",
receUIEcbdY2lBFES,EVENT-251121-BFES,Sterilized,2025-11-21T17:16:00.000Z,system,Sterilizer OUT,"{""run_id"":""rec7frnAiC4O8e5eA"",""run_no"":""RUN-251121-e5eA"",""process_type"":""sterilize"",""unit_size"":2.5}",
receZeGTQAKY9BM6J,EVENT-260228-BM6J,Sterilized,2026-02-28T18:29:00.000Z,Robert,Sterilizer OUT,"{""run_id"":""rec0JC7G8fTAXxlJZ"",""run_no"":""RUN-260228-xlJZ"",""process_type"":""sterilize"",""unit_size"":7.5}",
receewT9EwrdctlzM,EVENT-251112-tlzM,Pasteurized,2025-11-12T19:14:00.000Z,system,Sterilizer OUT,"{""run_id"":""recQHItBShPyIc3HD"",""run_no"":""RUN-251111-c3HD"",""process_type"":""pasteurize"",""unit_size"":5}",
recefbJdyGjRAyNdW,EVENT-260228-yNdW,Sterilized,2026-02-28T18:29:00.000Z,Robert,Sterilizer OUT,"{""run_id"":""rec0JC7G8fTAXxlJZ"",""run_no"":""RUN-260228-xlJZ"",""process_type"":""sterilize"",""unit_size"":7.5}",
recegp6bxcjJ2vlEE,EVENT-251218-vlEE,Sterilized,2025-12-18T16:45:53.270Z,system,Sterilizer OUT,"{""run_id"":""recK7rkZM477CArlH"",""run_no"":""RUN-251216-ArlH"",""process_type"":""sterilize"",""unit_size"":2}",
recelvzwxKj4Kfmft,EVENT-251209-fmft,Pasteurized,2025-12-09T20:03:00.000Z,system,Sterilizer OUT,"{""run_id"":""reczO19IW9jGWPeeq"",""run_no"":""RUN-251209-Peeq"",""process_type"":""pasteurize"",""unit_size"":5}",
receoOHss91w7E33p,EVENT-250929-E33p,Sterilized,2025-09-29T16:56:17.617Z,system,Sterilizer OUT,"{""run_id"":""rec05bWCGz5QaFIG6"",""run_no"":""RUN-250929-FIG6"",""process_type"":""sterilize"",""unit_size"":5}",
recepMsIpnvlnvaXp,EVENT-260523-vaXp,Sterilized,2026-05-23T19:07:25.243Z,Robert,Sterilizer OUT,"{""run_id"":""recT7cCdNjTLducvq"",""run_no"":""RUN-260523-ucvq"",""process_type"":""sterilize"",""unit_size"":2}",
recesPP6B3w60elyz,EVENT-251112-elyz,Pasteurized,2025-11-12T19:14:00.000Z,system,Sterilizer OUT,"{""run_id"":""recQHItBShPyIc3HD"",""run_no"":""RUN-251111-c3HD"",""process_type"":""pasteurize"",""unit_size"":5}",
recetrHqk54kO7ZBo,EVENT-260505-7ZBo,Destroyed,2026-05-05T22:22:14.543Z,system,Sterilizer OUT,"{""run_id"":""recNmAs6kOzTAInt8"",""run_no"":""RUN-260505-Int8"",""process_type"":""sterilize""}",
recezHiprMzNtTXR9,EVENT-251213-TXR9,Sterilized,2025-12-13T13:16:00.000Z,system,Sterilizer OUT,"{""run_id"":""recbpQro1A7CjLRoa"",""run_no"":""RUN-251213-LRoa"",""process_type"":""sterilize"",""unit_size"":2.5}",
recf0blUpuwvPtVPX,EVENT-260716-tVPX,Consumed,,,Spawn to Bulk,"{""consumed_by_lot_ids"":[""recOcbDldTKj2rSiB"",""recer483vxFZJnNYT"",""recZZPMcrQpkcUFXv""]}",
recf3CRGLR3NNuNdF,EVENT-260324-uNdF,Sterilized,2026-03-24T13:17:23.986Z,system,Sterilizer OUT,"{""run_id"":""recOSF8bNk5Sq0Acf"",""run_no"":""RUN-260324-0Acf"",""process_type"":""sterilize"",""unit_size"":2}",
recf4LLUG8v9LDlP8,EVENT-260624-DlP8,Sterilized,2026-06-24T22:04:27.843Z,operator2.email.address@mybusiness.com,Sterilizer OUT,"{""run_id"":""rec8b9gwQ65FYFTYo"",""run_no"":""RUN-260623-FTYo"",""process_type"":""sterilize"",""unit_size"":1.5,""component_set"":null}",
recf7GvzALIstvIvF,EVENT-260115-vIvF,Pasteurized,2026-01-15T13:53:00.000Z,system,Sterilizer OUT,"{""run_id"":""recaTWosVnlSlYF7z"",""run_no"":""RUN-260115-YF7z"",""process_type"":""pasteurize"",""unit_size"":2.5}",
recfC7eseBKAMnQ0H,EVENT-260216-nQ0H,Pasteurized,2026-02-16T23:15:57.425Z,system,Sterilizer OUT,"{""run_id"":""recJCeCBGXBTRPBSS"",""run_no"":""RUN-260216-PBSS"",""process_type"":""pasteurize"",""unit_size"":5}",
recfCcST0nSxq8QYU,EVENT-260116-8QYU,Sterilized,2026-01-16T15:44:00.000Z,system,Sterilizer OUT,"{""run_id"":""reclq0rmQHqLDQ2cQ"",""run_no"":""RUN-260116-Q2cQ"",""process_type"":""sterilize"",""unit_size"":2}",
recfDLDYi7iPNgK5O,EVENT-251218-gK5O,Sterilized,2025-12-18T16:45:53.270Z,system,Sterilizer OUT,"{""run_id"":""recK7rkZM477CArlH"",""run_no"":""RUN-251216-ArlH"",""process_type"":""sterilize"",""unit_size"":2}",
recfDjwSUFhtrVqMo,EVENT-251216-VqMo,Destroyed,2025-12-16T16:38:00.000Z,system,Sterilizer OUT,"{""run_id"":""recd8oY6zF8OChGI0"",""run_no"":""RUN-251213-hGI0"",""process_type"":""sterilize""}",
recfK7VbzGDFNkRAO,EVENT-260324-kRAO,Sterilized,2026-03-24T13:17:23.986Z,system,Sterilizer OUT,"{""run_id"":""recOSF8bNk5Sq0Acf"",""run_no"":""RUN-260324-0Acf"",""process_type"":""sterilize"",""unit_size"":2}",
recfLpc1yEOX4VrXR,EVENT-260624-VrXR,Sterilized,2026-06-24T22:15:41.781Z,operator2.email.address@mybusiness.com,Sterilizer OUT,"{""run_id"":""receqE6oTONWjkun8"",""run_no"":""RUN-260623-kun8"",""process_type"":""sterilize"",""unit_size"":5,""component_set"":""WBS_CVG_RIZ1""}",
recfQjGLknUPZBqKU,EVENT-260716-BqKU,Sterilized,2026-07-16T19:09:00.000Z,operator1.email.address@mybusiness.com,Sterilizer OUT,"{""run_id"":""recH9XtQ3GNRt9tvy"",""run_no"":""RUN-260716-9tvy"",""process_type"":""sterilize"",""unit_size"":2.5,""component_set"":null}",
recfS0uePCKEyjSmL,EVENT-260324-jSmL,Sterilized,2026-03-24T13:17:23.986Z,system,Sterilizer OUT,"{""run_id"":""recOSF8bNk5Sq0Acf"",""run_no"":""RUN-260324-0Acf"",""process_type"":""sterilize"",""unit_size"":2}",
recfS5qgFjEMAuo6O,EVENT-260624-uo6O,Sterilized,2026-06-24T22:15:41.781Z,operator2.email.address@mybusiness.com,Sterilizer OUT,"{""run_id"":""receqE6oTONWjkun8"",""run_no"":""RUN-260623-kun8"",""process_type"":""sterilize"",""unit_size"":5,""component_set"":""WBS_CVG_RIZ1""}",
recfTmhT7eoduUWWO,EVENT-260616-UWWO,Sterilized,2026-06-15T16:51:00.000Z,operator1.email.address@mybusiness.com,Sterilizer OUT,"{""run_id"":""reckkAU2IsJQACD2X"",""run_no"":""RUN-260615-CD2X"",""process_type"":""sterilize"",""unit_size"":1.75}",
recfbqIyi54cLP1Pu,EVENT-251218-P1Pu,Sterilized,2025-12-18T16:45:53.270Z,system,Sterilizer OUT,"{""run_id"":""recK7rkZM477CArlH"",""run_no"":""RUN-251216-ArlH"",""process_type"":""sterilize"",""unit_size"":2}",
recfeNjKQ05cjZ5Wz,EVENT-251121-Z5Wz,Sterilized,2025-11-21T17:16:00.000Z,system,Sterilizer OUT,"{""run_id"":""rec7frnAiC4O8e5eA"",""run_no"":""RUN-251121-e5eA"",""process_type"":""sterilize"",""unit_size"":2.5}",
recfeOV4EQf5NTpcR,EVENT-251209-TpcR,Pasteurized,2025-12-09T19:58:00.000Z,system,Sterilizer OUT,"{""run_id"":""recDo8bycSvstzMxa"",""run_no"":""RUN-251209-zMxa"",""process_type"":""pasteurize"",""unit_size"":2.5}",
recfeX7WR7SvMssst,EVENT-260505-ssst,Sterilized,2026-05-05T22:22:14.543Z,system,Sterilizer OUT,"{""run_id"":""recNmAs6kOzTAInt8"",""run_no"":""RUN-260505-Int8"",""process_type"":""sterilize"",""unit_size"":2.5}",
recfmecuHvP3w7wBP,EVENT-251216-7wBP,Sterilized,2025-12-16T16:38:00.000Z,system,Sterilizer OUT,"{""run_id"":""recd8oY6zF8OChGI0"",""run_no"":""RUN-251213-hGI0"",""process_type"":""sterilize"",""unit_size"":7.5}",
recfpLWKAD4VdpcS4,EVENT-260424-pcS4,Sterilized,2026-04-24T07:30:00.000Z,Robert,Sterilizer OUT,"{""run_id"":""recCSZRx6w0VbzoXm"",""run_no"":""RUN-260424-zoXm"",""process_type"":""sterilize"",""unit_size"":2}",
recfpLv2ig3ESci33,EVENT-251218-ci33,Sterilized,2025-12-18T16:45:53.270Z,system,Sterilizer OUT,"{""run_id"":""recK7rkZM477CArlH"",""run_no"":""RUN-251216-ArlH"",""process_type"":""sterilize"",""unit_size"":2}",
recft6siJoCsSXg9P,EVENT-251213-Xg9P,Destroyed,2025-12-13T13:16:00.000Z,system,Sterilizer OUT,"{""run_id"":""recbpQro1A7CjLRoa"",""run_no"":""RUN-251213-LRoa"",""process_type"":""sterilize""}",
recfuV8xdGJ9WEVtR,EVENT-260624-EVtR,Sterilized,2026-06-24T22:04:27.843Z,operator2.email.address@mybusiness.com,Sterilizer OUT,"{""run_id"":""rec8b9gwQ65FYFTYo"",""run_no"":""RUN-260623-FTYo"",""process_type"":""sterilize"",""unit_size"":1.5,""component_set"":null}",
recfwG2glK02vmJf7,EVENT-260622-mJf7,Pasteurized,2026-06-22T16:35:00.000Z,operator1.email.address@mybusiness.com,Sterilizer OUT,"{""run_id"":""recPbl4pQNxvxqso0"",""run_no"":""RUN-260622-qso0"",""process_type"":""pasteurize"",""unit_size"":5}",
recfx8cJpIacAMDYa,EVENT-260624-MDYa,Sterilized,2026-06-24T22:04:27.843Z,operator2.email.address@mybusiness.com,Sterilizer OUT,"{""run_id"":""rec8b9gwQ65FYFTYo"",""run_no"":""RUN-260623-FTYo"",""process_type"":""sterilize"",""unit_size"":1.5,""component_set"":null}",
recg5rfk5a8S8WeSp,EVENT-250929-WeSp,Sterilized,2025-05-01T16:30:00.000Z,system,Sterilizer OUT,"{""run_id"":""rec5IxBX2con6PUNz"",""run_no"":""RUN-250929-PUNz"",""process_type"":""sterilize"",""unit_size"":2}",
recg8RPnqc9cyRPsk,EVENT-251212-RPsk,Sterilized,2025-12-06T18:17:00.000Z,system,Sterilizer OUT,"{""run_id"":""recf9lSLONsH3GW1m"",""run_no"":""RUN-251212-GW1m"",""process_type"":""sterilize"",""unit_size"":300}",
recgCEeahYumrH3kJ,EVENT-260422-H3kJ,Sterilized,2026-04-22T12:28:52.942Z,system,Sterilizer OUT,"{""run_id"":""recKxVLX61XaTp3xU"",""run_no"":""RUN-260422-p3xU"",""process_type"":""sterilize"",""unit_size"":2.5}",
recgCdQVNlUzNqp3F,EVENT-260115-qp3F,Pasteurized,2026-01-15T13:54:00.000Z,system,Sterilizer OUT,"{""run_id"":""recwQHRE6XnoCuI8g"",""run_no"":""RUN-260115-uI8g"",""process_type"":""pasteurize"",""unit_size"":5}",
recgCh4uzEPBKt6Vk,EVENT-251209-t6Vk,Pasteurized,2025-12-09T19:58:00.000Z,system,Sterilizer OUT,"{""run_id"":""recDo8bycSvstzMxa"",""run_no"":""RUN-251209-zMxa"",""process_type"":""pasteurize"",""unit_size"":2.5}",
recgEGYowT38J8p9k,EVENT-260512-8p9k,Sterilized,2026-05-12T15:21:55.005Z,system,Sterilizer OUT,"{""run_id"":""rec0NcLKQYHfN0M5j"",""run_no"":""RUN-260512-0M5j"",""process_type"":""sterilize"",""unit_size"":500}",
recgG0VWr2HW9qBCb,EVENT-251112-qBCb,Pasteurized,2025-11-12T19:15:00.000Z,system,Sterilizer OUT,"{""run_id"":""recuPXC2xYSKykGvI"",""run_no"":""RUN-251112-kGvI"",""process_type"":""pasteurize"",""unit_size"":5}",
recgKHhC5ImGhQeqE,EVENT-251218-QeqE,Sterilized,2025-12-18T16:45:53.270Z,system,Sterilizer OUT,"{""run_id"":""recK7rkZM477CArlH"",""run_no"":""RUN-251216-ArlH"",""process_type"":""sterilize"",""unit_size"":2}",
recgMvi7wzwcUTjhG,EVENT-260424-TjhG,Sterilized,2026-04-24T07:30:00.000Z,Robert,Sterilizer OUT,"{""run_id"":""recCSZRx6w0VbzoXm"",""run_no"":""RUN-260424-zoXm"",""process_type"":""sterilize"",""unit_size"":2}",
recgNTS49iXDdA3zD,EVENT-260616-A3zD,Sterilized,2026-06-15T16:51:00.000Z,operator1.email.address@mybusiness.com,Sterilizer OUT,"{""run_id"":""reckkAU2IsJQACD2X"",""run_no"":""RUN-260615-CD2X"",""process_type"":""sterilize"",""unit_size"":1.75}",
recgUTveU6JEcMZ6U,EVENT-260716-MZ6U,Sterilized,2026-07-16T19:09:00.000Z,operator1.email.address@mybusiness.com,Sterilizer OUT,"{""run_id"":""recH9XtQ3GNRt9tvy"",""run_no"":""RUN-260716-9tvy"",""process_type"":""sterilize"",""unit_size"":2.5,""component_set"":null}",
recgVTQZb1mbWCR4x,EVENT-260616-CR4x,Sterilized,2026-06-15T16:51:00.000Z,operator1.email.address@mybusiness.com,Sterilizer OUT,"{""run_id"":""reckkAU2IsJQACD2X"",""run_no"":""RUN-260615-CD2X"",""process_type"":""sterilize"",""unit_size"":1.75}",
recgXtcMQpIjnGoTb,EVENT-251001-GoTb,Sterilized,2025-10-01T20:38:00.000Z,system,Sterilizer OUT,"{""run_id"":""recP4vPmWzLh4NPb6"",""run_no"":""RUN-251001-NPb6"",""process_type"":""sterilize"",""unit_size"":2}",
recgXtkfk2uaHdBv6,EVENT-260525-dBv6,Pasteurized,2026-05-25T18:58:06.442Z,Robert,Sterilizer OUT,"{""run_id"":""recgRAjPX8HKei2lj"",""run_no"":""RUN-260525-i2lj"",""process_type"":""pasteurize"",""unit_size"":5}",
recgZFxUedLKBV8i3,EVENT-260424-V8i3,Sterilized,2026-04-24T07:30:00.000Z,Robert,Sterilizer OUT,"{""run_id"":""recCSZRx6w0VbzoXm"",""run_no"":""RUN-260424-zoXm"",""process_type"":""sterilize"",""unit_size"":2}",
recgiMTsuJ1rMAAuf,EVENT-250929-AAuf,Sterilized,2025-09-29T16:56:17.617Z,system,Sterilizer OUT,"{""run_id"":""rec05bWCGz5QaFIG6"",""run_no"":""RUN-250929-FIG6"",""process_type"":""sterilize"",""unit_size"":5}",
recgkUDdlgBmYSc6k,EVENT-260104-Sc6k,Sterilized,2026-01-04T20:27:19.381Z,system,Sterilizer OUT,"{""run_id"":""recA4XgFrJ5Ddr9au"",""run_no"":""RUN-260104-r9au"",""process_type"":""sterilize"",""unit_size"":2}",
recgqMUQhFKWPtPnQ,EVENT-251106-tPnQ,Sterilized,2025-11-06T17:04:00.000Z,system,Sterilizer OUT,"{""run_id"":""recnZxnsSIKBiQUSS"",""run_no"":""RUN-251106-QUSS"",""process_type"":""sterilize"",""unit_size"":7.5}",
recgtJKz6K0l2JLG3,EVENT-251209-JLG3,Pasteurized,2025-12-09T20:03:00.000Z,system,Sterilizer OUT,"{""run_id"":""reczO19IW9jGWPeeq"",""run_no"":""RUN-251209-Peeq"",""process_type"":""pasteurize"",""unit_size"":5}",
rech2aoB3E4clVBq0,EVENT-251121-VBq0,Sterilized,2025-11-21T17:16:00.000Z,system,Sterilizer OUT,"{""run_id"":""rec7frnAiC4O8e5eA"",""run_no"":""RUN-251121-e5eA"",""process_type"":""sterilize"",""unit_size"":2.5}",
rech43UH91VgAeu7Q,EVENT-260115-eu7Q,Pasteurized,2026-01-15T13:54:00.000Z,system,Sterilizer OUT,"{""run_id"":""recwQHRE6XnoCuI8g"",""run_no"":""RUN-260115-uI8g"",""process_type"":""pasteurize"",""unit_size"":5}",
rechCsAhqMIVXufY6,EVENT-251218-ufY6,Sterilized,2025-12-18T16:45:53.270Z,system,Sterilizer OUT,"{""run_id"":""recK7rkZM477CArlH"",""run_no"":""RUN-251216-ArlH"",""process_type"":""sterilize"",""unit_size"":2}",
rechEVaaRcdC80zxF,EVENT-251209-0zxF,Pasteurized,2025-12-09T19:58:00.000Z,system,Sterilizer OUT,"{""run_id"":""recDo8bycSvstzMxa"",""run_no"":""RUN-251209-zMxa"",""process_type"":""pasteurize"",""unit_size"":2.5}",
rechErwNfmAipQvmM,EVENT-251106-QvmM,Sterilized,2025-09-01T16:42:00.000Z,system,Sterilizer OUT,"{""run_id"":""reckaHmIHYrtB98FP"",""run_no"":""RUN-251106-98FP"",""process_type"":""sterilize"",""unit_size"":7.5}",
rechEx8WDLeUGrBJ0,EVENT-260310-rBJ0,Pasteurized,2026-03-10T18:23:50.693Z,Robert,Sterilizer OUT,"{""run_id"":""recBjYHAjvHFNP65d"",""run_no"":""RUN-260310-P65d"",""process_type"":""pasteurize"",""unit_size"":5}",
rechG6xnJ93YkDpgp,EVENT-260103-Dpgp,Pasteurized,2026-01-03T18:00:45.573Z,system,Sterilizer OUT,"{""run_id"":""recUFrG4DkfZfw3tU"",""run_no"":""RUN-260103-w3tU"",""process_type"":""pasteurize"",""unit_size"":2.5}",
rechHBpQD0lxGk8Oa,EVENT-251121-k8Oa,Sterilized,2025-11-21T17:16:00.000Z,system,Sterilizer OUT,"{""run_id"":""rec7frnAiC4O8e5eA"",""run_no"":""RUN-251121-e5eA"",""process_type"":""sterilize"",""unit_size"":2.5}",
rechK3GJbxfRkp0zN,EVENT-260104-p0zN,Sterilized,2026-01-04T20:27:19.381Z,system,Sterilizer OUT,"{""run_id"":""recA4XgFrJ5Ddr9au"",""run_no"":""RUN-260104-r9au"",""process_type"":""sterilize"",""unit_size"":2}",
rechKq0a6UjRyIS99,EVENT-260716-IS99,Sterilized,2026-07-16T19:09:00.000Z,operator1.email.address@mybusiness.com,Sterilizer OUT,"{""run_id"":""recH9XtQ3GNRt9tvy"",""run_no"":""RUN-260716-9tvy"",""process_type"":""sterilize"",""unit_size"":2.5,""component_set"":null}",
rechLuoivBHQyM17W,EVENT-260424-M17W,Sterilized,2026-04-24T07:30:00.000Z,Robert,Sterilizer OUT,"{""run_id"":""recCSZRx6w0VbzoXm"",""run_no"":""RUN-260424-zoXm"",""process_type"":""sterilize"",""unit_size"":2}",
rechRBp3Gtd7Kz2y7,EVENT-251007-z2y7,Pasteurized,2025-10-07T16:17:00.000Z,Ray,Sterilizer OUT,"{""run_id"":""recgARlUsOnnMosWG"",""run_no"":""RUN-251006-osWG"",""process_type"":""pasteurize"",""unit_size"":5}",
rechTXm29ibKl3yQA,EVENT-250929-3yQA,Sterilized,2025-05-01T16:30:00.000Z,system,Sterilizer OUT,"{""run_id"":""rec5IxBX2con6PUNz"",""run_no"":""RUN-250929-PUNz"",""process_type"":""sterilize"",""unit_size"":2}",
rechTxd1zzgpUDsbI,EVENT-260117-DsbI,Sterilized,2026-01-17T13:36:00.000Z,system,Sterilizer OUT,"{""run_id"":""recWq1rGRxOkPaZCD"",""run_no"":""RUN-260117-aZCD"",""process_type"":""sterilize"",""unit_size"":7.5}",
rechgpMsJ5w0OU711,EVENT-251218-U711,Sterilized,2025-12-18T16:45:53.270Z,system,Sterilizer OUT,"{""run_id"":""recK7rkZM477CArlH"",""run_no"":""RUN-251216-ArlH"",""process_type"":""sterilize"",""unit_size"":2}",
rechrLotH3jbk8m7c,EVENT-260505-8m7c,Sterilized,2026-05-05T22:22:14.543Z,system,Sterilizer OUT,"{""run_id"":""recNmAs6kOzTAInt8"",""run_no"":""RUN-260505-Int8"",""process_type"":""sterilize"",""unit_size"":2.5}",
rechrl8UG8s1m3bgz,EVENT-260324-3bgz,Sterilized,2026-03-24T13:17:23.986Z,system,Sterilizer OUT,"{""run_id"":""recOSF8bNk5Sq0Acf"",""run_no"":""RUN-260324-0Acf"",""process_type"":""sterilize"",""unit_size"":2}",
rechu6InUJ7H7gRaZ,EVENT-260422-gRaZ,Sterilized,2026-04-22T12:28:52.942Z,system,Sterilizer OUT,"{""run_id"":""recKxVLX61XaTp3xU"",""run_no"":""RUN-260422-p3xU"",""process_type"":""sterilize"",""unit_size"":2.5}",
rechv6ESOr42DtkCO,EVENT-260505-tkCO,Sterilized,2026-05-05T22:22:14.543Z,system,Sterilizer OUT,"{""run_id"":""recNmAs6kOzTAInt8"",""run_no"":""RUN-260505-Int8"",""process_type"":""sterilize"",""unit_size"":2.5}",
rechxKdcPg2BmfBcm,EVENT-260324-fBcm,Sterilized,2026-03-24T13:17:23.986Z,system,Sterilizer OUT,"{""run_id"":""recOSF8bNk5Sq0Acf"",""run_no"":""RUN-260324-0Acf"",""process_type"":""sterilize"",""unit_size"":2}",
rechxP6B8ggsPTV78,EVENT-251121-TV78,Sterilized,2025-11-21T17:16:00.000Z,system,Sterilizer OUT,"{""run_id"":""rec7frnAiC4O8e5eA"",""run_no"":""RUN-251121-e5eA"",""process_type"":""sterilize"",""unit_size"":2.5}",
rechyIEaqiZfq6eF7,EVENT-250929-6eF7,Sterilized,2025-09-29T16:56:17.617Z,system,Sterilizer OUT,"{""run_id"":""rec05bWCGz5QaFIG6"",""run_no"":""RUN-250929-FIG6"",""process_type"":""sterilize"",""unit_size"":5}",
rechywUFKexnkED9l,EVENT-260505-ED9l,Destroyed,2026-05-05T22:22:14.543Z,system,Sterilizer OUT,"{""run_id"":""recNmAs6kOzTAInt8"",""run_no"":""RUN-260505-Int8"",""process_type"":""sterilize""}",
rechzARsQCmUjcK24,EVENT-260330-cK24,Sterilized,2026-03-30T17:39:50.874Z,system,Sterilizer OUT,"{""run_id"":""rect5WtJiGG4WFH27"",""run_no"":""RUN-260327-FH27"",""process_type"":""sterilize"",""unit_size"":500}",
reci28wCeAN4uEkob,EVENT-251007-Ekob,Pasteurized,2025-10-07T16:17:00.000Z,Ray,Sterilizer OUT,"{""run_id"":""recgARlUsOnnMosWG"",""run_no"":""RUN-251006-osWG"",""process_type"":""pasteurize"",""unit_size"":5}",
reci45BLGdc0P0dr7,EVENT-260616-0dr7,Sterilized,2026-06-15T16:51:00.000Z,operator1.email.address@mybusiness.com,Sterilizer OUT,"{""run_id"":""reckkAU2IsJQACD2X"",""run_no"":""RUN-260615-CD2X"",""process_type"":""sterilize"",""unit_size"":1.75}",
reci6IVmvPGt4o6RT,EVENT-260624-o6RT,Sterilized,2026-06-24T22:04:27.843Z,operator2.email.address@mybusiness.com,Sterilizer OUT,"{""run_id"":""rec8b9gwQ65FYFTYo"",""run_no"":""RUN-260623-FTYo"",""process_type"":""sterilize"",""unit_size"":1.5,""component_set"":null}",
reciBraP6BJFDcJkB,EVENT-260624-cJkB,Sterilized,2026-06-24T22:04:27.843Z,operator2.email.address@mybusiness.com,Sterilizer OUT,"{""run_id"":""rec8b9gwQ65FYFTYo"",""run_no"":""RUN-260623-FTYo"",""process_type"":""sterilize"",""unit_size"":1.5,""component_set"":null}",
reciCML5KzA9nbIDh,EVENT-260324-bIDh,Sterilized,2026-03-24T13:17:23.986Z,system,Sterilizer OUT,"{""run_id"":""recOSF8bNk5Sq0Acf"",""run_no"":""RUN-260324-0Acf"",""process_type"":""sterilize"",""unit_size"":2}",
reciI6C9jznyR83ED,EVENT-251209-83ED,Pasteurized,2025-12-09T19:58:00.000Z,system,Sterilizer OUT,"{""run_id"":""recDo8bycSvstzMxa"",""run_no"":""RUN-251209-zMxa"",""process_type"":""pasteurize"",""unit_size"":2.5}",
reciIJOfdmm0PISTf,EVENT-251213-ISTf,Sterilized,2025-12-13T13:16:00.000Z,system,Sterilizer OUT,"{""run_id"":""recbpQro1A7CjLRoa"",""run_no"":""RUN-251213-LRoa"",""process_type"":""sterilize"",""unit_size"":2.5}",
reciIwT330MsNHkzy,EVENT-260716-Hkzy,Sterilized,2026-07-16T19:09:00.000Z,operator1.email.address@mybusiness.com,Sterilizer OUT,"{""run_id"":""recH9XtQ3GNRt9tvy"",""run_no"":""RUN-260716-9tvy"",""process_type"":""sterilize"",""unit_size"":2.5,""component_set"":null}",
reciK92MG6WdqGS23,EVENT-251213-GS23,Sterilized,2025-12-13T13:17:00.000Z,system,Sterilizer OUT,"{""run_id"":""recyjDcb5rvR1lqIC"",""run_no"":""RUN-251213-lqIC"",""process_type"":""sterilize"",""unit_size"":7.5}",
reciLNwsEO5ccTuQB,EVENT-260519-TuQB,Sterilized,2026-05-19T18:36:15.927Z,Robert,Sterilizer OUT,"{""run_id"":""recCzwiynOzb8UQbk"",""run_no"":""RUN-260519-UQbk"",""process_type"":""sterilize"",""unit_size"":7.5}",
reciOOvTMpK3cxMOZ,EVENT-260512-xMOZ,Sterilized,2026-05-12T15:21:55.005Z,system,Sterilizer OUT,"{""run_id"":""rec0NcLKQYHfN0M5j"",""run_no"":""RUN-260512-0M5j"",""process_type"":""sterilize"",""unit_size"":500}",
reciWGMntmOweClrL,EVENT-260527-ClrL,Consumed,,,Spawn to Bulk,"{""consumed_by_lot_ids"":[""rec0Ou39594uhivas"",""recywrkBXg4lMad09"",""recAokWTpZXovP2IF""]}",
reciWOiLYuD2RPein,EVENT-251013-Pein,Pasteurized,2025-09-01T19:26:00.000Z,system,Sterilizer OUT,"{""run_id"":""recZjdmiO6FX311Nb"",""run_no"":""RUN-251013-11Nb"",""process_type"":""pasteurize"",""unit_size"":2.5}",
recij27Rthj9lxsix,EVENT-251121-xsix,Sterilized,2025-11-21T17:16:00.000Z,system,Sterilizer OUT,"{""run_id"":""rec7frnAiC4O8e5eA"",""run_no"":""RUN-251121-e5eA"",""process_type"":""sterilize"",""unit_size"":2.5}",
recil9sotWVmobftS,EVENT-251001-bftS,Sterilized,2025-10-01T20:38:00.000Z,system,Sterilizer OUT,"{""run_id"":""recZq84toSy7fiWCn"",""run_no"":""RUN-251001-iWCn"",""process_type"":""sterilize"",""unit_size"":5}",
recipvWBAAMislb00,EVENT-251218-lb00,Sterilized,2025-12-18T16:45:53.270Z,system,Sterilizer OUT,"{""run_id"":""recK7rkZM477CArlH"",""run_no"":""RUN-251216-ArlH"",""process_type"":""sterilize"",""unit_size"":2}",
recis1cAcOOJg6A0O,EVENT-251031-6A0O,Sterilized,2025-08-01T18:22:00.000Z,system,Sterilizer OUT,"{""run_id"":""recWF8fgbaNSXThS9"",""run_no"":""RUN-251031-ThS9"",""process_type"":""sterilize"",""unit_size"":7.5}",
recis9p3PGDdnz3C2,EVENT-251008-z3C2,Sterilized,2025-10-08T11:17:00.000Z,Ray,Sterilizer OUT,"{""run_id"":""recdkaSPElUbPxgL9"",""run_no"":""RUN-251007-xgL9"",""process_type"":""sterilize"",""unit_size"":300}",
recivukUUNAqNC3i0,EVENT-260525-C3i0,Consumed,,,Spawn to Bulk,"{""consumed_by_lot_ids"":[""recT63uEuzT3Ui6Rv"",""recPm0am3RIrk8ujJ"",""recCsImiB2mdkJKu0""]}",
reciyBhhAuS5G9PHa,EVENT-260523-9PHa,Sterilized,2026-05-23T19:07:25.243Z,Robert,Sterilizer OUT,"{""run_id"":""recT7cCdNjTLducvq"",""run_no"":""RUN-260523-ucvq"",""process_type"":""sterilize"",""unit_size"":2}",
reciz17WZbW3ARMVn,EVENT-260307-RMVn,Sterilized,2026-03-07T12:42:00.000Z,system,Sterilizer OUT,"{""run_id"":""recP2Xx5gAUDYMxKM"",""run_no"":""RUN-260307-MxKM"",""process_type"":""sterilize"",""unit_size"":2}",
recizgwvkbq9AW4SN,EVENT-251212-W4SN,Sterilized,2025-12-06T18:17:00.000Z,system,Sterilizer OUT,"{""run_id"":""recf9lSLONsH3GW1m"",""run_no"":""RUN-251212-GW1m"",""process_type"":""sterilize"",""unit_size"":300}",
recjAi1fL2Fh2NHC9,EVENT-260424-NHC9,Sterilized,2026-04-24T07:30:00.000Z,Robert,Sterilizer OUT,"{""run_id"":""recCSZRx6w0VbzoXm"",""run_no"":""RUN-260424-zoXm"",""process_type"":""sterilize"",""unit_size"":2}",
recjDyO6cQ5dW5fuP,EVENT-260716-5fuP,Consumed,,,Spawn to Bulk,"{""consumed_by_lot_ids"":[""recIuUpWM4VtZkQ24"",""rectzsA2X0Y490AsE"",""recZm7U14atzF7Uyn""]}",
recjFMkjzRd0G5lGk,EVENT-260525-5lGk,Pasteurized,2026-05-25T18:58:06.442Z,Robert,Sterilizer OUT,"{""run_id"":""recgRAjPX8HKei2lj"",""run_no"":""RUN-260525-i2lj"",""process_type"":""pasteurize"",""unit_size"":5}",
recjGocRJu94J6RLQ,EVENT-260523-6RLQ,Sterilized,2026-05-23T19:07:25.243Z,Robert,Sterilizer OUT,"{""run_id"":""recT7cCdNjTLducvq"",""run_no"":""RUN-260523-ucvq"",""process_type"":""sterilize"",""unit_size"":2}",
recjIzT36KuCtz9UH,EVENT-260116-z9UH,Sterilized,2026-01-16T15:44:00.000Z,system,Sterilizer OUT,"{""run_id"":""rec5Wae27XQI9MFN2"",""run_no"":""RUN-260116-MFN2"",""process_type"":""sterilize"",""unit_size"":2.5}",
recjOKJUIsIY7trYy,EVENT-260116-trYy,Sterilized,2026-01-16T16:17:00.000Z,system,Sterilizer OUT,"{""run_id"":""recrx6AxbFfK4CIF3"",""run_no"":""RUN-260116-CIF3"",""process_type"":""sterilize"",""unit_size"":7.5}",
recjQc5hBnQY5t0tG,EVENT-260216-t0tG,Pasteurized,2026-02-16T23:15:39.467Z,system,Sterilizer OUT,"{""run_id"":""reck61MIwCHfvn4RL"",""run_no"":""RUN-260216-n4RL"",""process_type"":""pasteurize"",""unit_size"":2.5}",
recjSdhZr2XcJtMsz,EVENT-251112-tMsz,Pasteurized,2025-11-12T19:14:00.000Z,system,Sterilizer OUT,"{""run_id"":""recQHItBShPyIc3HD"",""run_no"":""RUN-251111-c3HD"",""process_type"":""pasteurize"",""unit_size"":5}",
recjatWVPzC3aB66g,EVENT-260624-B66g,Sterilized,2026-06-24T22:04:27.843Z,operator2.email.address@mybusiness.com,Sterilizer OUT,"{""run_id"":""rec8b9gwQ65FYFTYo"",""run_no"":""RUN-260623-FTYo"",""process_type"":""sterilize"",""unit_size"":1.5,""component_set"":null}",
recjiRXugcjN2jNkT,EVENT-260115-jNkT,Pasteurized,2026-01-15T13:53:00.000Z,system,Sterilizer OUT,"{""run_id"":""recaTWosVnlSlYF7z"",""run_no"":""RUN-260115-YF7z"",""process_type"":""pasteurize"",""unit_size"":2.5}",
recjpDFS33LhU4Fym,EVENT-260104-4Fym,Sterilized,2026-01-04T20:27:19.381Z,system,Sterilizer OUT,"{""run_id"":""recA4XgFrJ5Ddr9au"",""run_no"":""RUN-260104-r9au"",""process_type"":""sterilize"",""unit_size"":2}",
recjpSlXX7opaEtBx,EVENT-251117-EtBx,Pasteurized,2025-11-17T18:18:33.861Z,system,Sterilizer OUT,"{""run_id"":""reclx5p8uinIUCIfB"",""run_no"":""RUN-251117-CIfB"",""process_type"":""pasteurize"",""unit_size"":3}",
recjrwwnToTp7xMhi,EVENT-260629-xMhi,Sterilized,2026-06-29T20:52:53.810Z,operator2.email.address@mybusiness.com,Sterilizer OUT,"{""run_id"":""recmOfj55C1iwlLVT"",""run_no"":""RUN-260629-lLVT"",""process_type"":""sterilize"",""unit_size"":3,""component_set"":""WBS_CVG_RIZ1""}",
recjvWLsQm1IYxLyx,EVENT-251121-xLyx,Sterilized,2025-11-21T17:16:00.000Z,system,Sterilizer OUT,"{""run_id"":""rec7frnAiC4O8e5eA"",""run_no"":""RUN-251121-e5eA"",""process_type"":""sterilize"",""unit_size"":2.5}",
recjw2L36mXr2ejpO,EVENT-260307-ejpO,Sterilized,2026-03-07T12:42:00.000Z,system,Sterilizer OUT,"{""run_id"":""recP2Xx5gAUDYMxKM"",""run_no"":""RUN-260307-MxKM"",""process_type"":""sterilize"",""unit_size"":2}",
reck2nXWZQWdz4Zb9,EVENT-251001-4Zb9,Sterilized,2025-10-01T20:38:00.000Z,system,Sterilizer OUT,"{""run_id"":""recP4vPmWzLh4NPb6"",""run_no"":""RUN-251001-NPb6"",""process_type"":""sterilize"",""unit_size"":2}",
reck3BopGByCemdR1,EVENT-260505-mdR1,Sterilized,2026-05-05T22:22:14.543Z,system,Sterilizer OUT,"{""run_id"":""recNmAs6kOzTAInt8"",""run_no"":""RUN-260505-Int8"",""process_type"":""sterilize"",""unit_size"":2.5}",
reck3BzWLr5GUKFQi,EVENT-251106-KFQi,Sterilized,2025-11-06T17:04:00.000Z,system,Sterilizer OUT,"{""run_id"":""recnZxnsSIKBiQUSS"",""run_no"":""RUN-251106-QUSS"",""process_type"":""sterilize"",""unit_size"":7.5}",
reck6IBiYhn60EusZ,EVENT-260716-EusZ,Sterilized,2026-07-16T19:09:00.000Z,operator1.email.address@mybusiness.com,Sterilizer OUT,"{""run_id"":""recH9XtQ3GNRt9tvy"",""run_no"":""RUN-260716-9tvy"",""process_type"":""sterilize"",""unit_size"":2.5,""component_set"":null}",
reck8dtRSPcwH2AI7,EVENT-251031-2AI7,Sterilized,2025-08-01T18:22:00.000Z,system,Sterilizer OUT,"{""run_id"":""recWF8fgbaNSXThS9"",""run_no"":""RUN-251031-ThS9"",""process_type"":""sterilize"",""unit_size"":7.5}",
reckLO0DrYWhiTB67,EVENT-260103-TB67,Pasteurized,2026-01-03T18:06:18.361Z,system,Sterilizer OUT,"{""run_id"":""recnmVSmZQ40uboWR"",""run_no"":""RUN-260103-boWR"",""process_type"":""pasteurize"",""unit_size"":5}",
reckOJ2pPXsZjEa14,EVENT-260324-Ea14,Sterilized,2026-03-24T13:17:23.986Z,system,Sterilizer OUT,"{""run_id"":""recOSF8bNk5Sq0Acf"",""run_no"":""RUN-260324-0Acf"",""process_type"":""sterilize"",""unit_size"":2}",
reckUEeVRppV08VbM,EVENT-260307-8VbM,Sterilized,2026-03-07T12:42:00.000Z,system,Sterilizer OUT,"{""run_id"":""recP2Xx5gAUDYMxKM"",""run_no"":""RUN-260307-MxKM"",""process_type"":""sterilize"",""unit_size"":2}",
reckUaPuh2zrNlPur,EVENT-260523-lPur,Sterilized,2026-05-23T19:07:25.243Z,Robert,Sterilizer OUT,"{""run_id"":""recT7cCdNjTLducvq"",""run_no"":""RUN-260523-ucvq"",""process_type"":""sterilize"",""unit_size"":2}",
reckXvfwK2zSaCi9G,EVENT-260324-Ci9G,Sterilized,2026-03-24T13:17:23.986Z,system,Sterilizer OUT,"{""run_id"":""recOSF8bNk5Sq0Acf"",""run_no"":""RUN-260324-0Acf"",""process_type"":""sterilize"",""unit_size"":2}",
reckYIsOgqgCdtwAh,EVENT-260624-twAh,Sterilized,2026-06-24T22:04:27.843Z,operator2.email.address@mybusiness.com,Sterilizer OUT,"{""run_id"":""rec8b9gwQ65FYFTYo"",""run_no"":""RUN-260623-FTYo"",""process_type"":""sterilize"",""unit_size"":1.5,""component_set"":null}",
reckZ9FVDMzNcvR1n,EVENT-260716-vR1n,Sterilized,2026-07-16T19:09:00.000Z,operator1.email.address@mybusiness.com,Sterilizer OUT,"{""run_id"":""recq6e2hNvwWS4YjH"",""run_no"":""RUN-260716-4YjH"",""process_type"":""sterilize"",""unit_size"":7.5,""component_set"":null}",
reckZzp1GgoH76YZm,EVENT-260104-6YZm,Sterilized,2026-01-04T20:27:19.381Z,system,Sterilizer OUT,"{""run_id"":""recA4XgFrJ5Ddr9au"",""run_no"":""RUN-260104-r9au"",""process_type"":""sterilize"",""unit_size"":2}",
reckdGUFmCqMiKKYo,EVENT-260629-KKYo,Sterilized,2026-06-29T20:53:00.000Z,system,Sterilizer OUT,"{""run_id"":""recwjKJcMtXVRXJNz"",""run_no"":""RUN-260629-XJNz"",""process_type"":""sterilize"",""unit_size"":5,""component_set"":null}",
recke0FJ2TYTvPqfV,EVENT-251202-PqfV,Sterilized,2025-12-02T23:27:42.233Z,system,Sterilizer OUT,"{""run_id"":""recNYZ14Enhg7fwbw"",""run_no"":""RUN-251004-fwbw"",""process_type"":""sterilize"",""unit_size"":2.5}",
recknW4jxNIlQqvaL,EVENT-260324-qvaL,Sterilized,2026-03-24T13:17:23.986Z,system,Sterilizer OUT,"{""run_id"":""recOSF8bNk5Sq0Acf"",""run_no"":""RUN-260324-0Acf"",""process_type"":""sterilize"",""unit_size"":2}",
reckonP5VPg8xEMUS,EVENT-251007-EMUS,Pasteurized,2025-10-07T16:17:00.000Z,Ray,Sterilizer OUT,"{""run_id"":""recgARlUsOnnMosWG"",""run_no"":""RUN-251006-osWG"",""process_type"":""pasteurize"",""unit_size"":5}",
reckoo9rmq3CB3htb,EVENT-251001-3htb,Sterilized,2025-10-01T20:38:00.000Z,system,Sterilizer OUT,"{""run_id"":""recP4vPmWzLh4NPb6"",""run_no"":""RUN-251001-NPb6"",""process_type"":""sterilize"",""unit_size"":2}",
reckpdcuP0xhs7lhT,EVENT-260117-7lhT,Sterilized,2026-01-17T13:36:00.000Z,system,Sterilizer OUT,"{""run_id"":""recWq1rGRxOkPaZCD"",""run_no"":""RUN-260117-aZCD"",""process_type"":""sterilize"",""unit_size"":7.5}",
recksmKMWjKmQNnKB,EVENT-250929-NnKB,Sterilized,2025-08-01T18:28:00.000Z,system,Sterilizer OUT,"{""run_id"":""reci6qyctBY2UEJbw"",""run_no"":""RUN-250929-EJbw"",""process_type"":""sterilize"",""unit_size"":5}",
reckvRcWGUhColOHh,EVENT-260624-lOHh,Sterilized,2026-06-24T22:04:27.843Z,operator2.email.address@mybusiness.com,Sterilizer OUT,"{""run_id"":""rec8b9gwQ65FYFTYo"",""run_no"":""RUN-260623-FTYo"",""process_type"":""sterilize"",""unit_size"":1.5,""component_set"":null}",
reckzskJpy8yO2f9j,EVENT-251218-2f9j,Sterilized,2025-12-18T16:45:53.270Z,system,Sterilizer OUT,"{""run_id"":""recK7rkZM477CArlH"",""run_no"":""RUN-251216-ArlH"",""process_type"":""sterilize"",""unit_size"":2}",
reclFZ5zinPJo1b7b,EVENT-260512-1b7b,Sterilized,2026-05-12T15:21:55.005Z,system,Sterilizer OUT,"{""run_id"":""rec0NcLKQYHfN0M5j"",""run_no"":""RUN-260512-0M5j"",""process_type"":""sterilize"",""unit_size"":500}",
reclIDKPxub11v9GY,EVENT-260616-v9GY,Sterilized,2026-06-15T16:51:00.000Z,operator1.email.address@mybusiness.com,Sterilizer OUT,"{""run_id"":""reckkAU2IsJQACD2X"",""run_no"":""RUN-260615-CD2X"",""process_type"":""sterilize"",""unit_size"":1.75}",
reclJqmXwIjoARVsW,EVENT-260104-RVsW,Sterilized,2026-01-04T20:27:19.381Z,system,Sterilizer OUT,"{""run_id"":""recA4XgFrJ5Ddr9au"",""run_no"":""RUN-260104-r9au"",""process_type"":""sterilize"",""unit_size"":2}",
reclOSt4SlkYZRNIP,EVENT-260103-RNIP,Pasteurized,2026-01-03T18:00:45.573Z,system,Sterilizer OUT,"{""run_id"":""recUFrG4DkfZfw3tU"",""run_no"":""RUN-260103-w3tU"",""process_type"":""pasteurize"",""unit_size"":2.5}",
reclQzjjwRzneThLZ,EVENT-260228-ThLZ,Sterilized,2026-02-28T18:29:00.000Z,Robert,Sterilizer OUT,"{""run_id"":""rec0JC7G8fTAXxlJZ"",""run_no"":""RUN-260228-xlJZ"",""process_type"":""sterilize"",""unit_size"":7.5}",
reclRwYe0AQDNMHuF,EVENT-260616-MHuF,Sterilized,2026-06-15T16:51:00.000Z,operator1.email.address@mybusiness.com,Sterilizer OUT,"{""run_id"":""reckkAU2IsJQACD2X"",""run_no"":""RUN-260615-CD2X"",""process_type"":""sterilize"",""unit_size"":1.75}",
reclX32kjo8Dt9eIk,EVENT-260324-9eIk,Sterilized,2026-03-24T13:17:23.986Z,system,Sterilizer OUT,"{""run_id"":""recOSF8bNk5Sq0Acf"",""run_no"":""RUN-260324-0Acf"",""process_type"":""sterilize"",""unit_size"":2}",
reclXH8IxY7poZInr,EVENT-250929-ZInr,Sterilized,2025-05-01T16:30:00.000Z,system,Sterilizer OUT,"{""run_id"":""rec5IxBX2con6PUNz"",""run_no"":""RUN-250929-PUNz"",""process_type"":""sterilize"",""unit_size"":2}",
reclYTbzPy0Q55h4C,EVENT-260324-5h4C,Sterilized,2026-03-24T13:17:23.986Z,system,Sterilizer OUT,"{""run_id"":""recOSF8bNk5Sq0Acf"",""run_no"":""RUN-260324-0Acf"",""process_type"":""sterilize"",""unit_size"":2}",
recla4rVbIi2J9g2o,EVENT-250929-9g2o,Sterilized,2025-05-01T15:52:00.000Z,system,Sterilizer OUT,"{""run_id"":""recHvjFAeDQH8qi6e"",""run_no"":""RUN-250929-qi6e"",""process_type"":""sterilize"",""unit_size"":500}",
reclb7jrsfx2MtK82,EVENT-260505-tK82,Sterilized,2026-05-05T22:23:00.000Z,system,Sterilizer OUT,"{""run_id"":""recGGBddzBqYNmguh"",""run_no"":""RUN-260505-mguh"",""process_type"":""sterilize"",""unit_size"":7.5}",
recldj3FHixYDCnx0,EVENT-260622-Cnx0,Pasteurized,2026-06-22T16:35:00.000Z,operator1.email.address@mybusiness.com,Sterilizer OUT,"{""run_id"":""recPbl4pQNxvxqso0"",""run_no"":""RUN-260622-qso0"",""process_type"":""pasteurize"",""unit_size"":5}",
recliDR6eBevhr52j,EVENT-260624-r52j,Sterilized,2026-06-24T22:04:27.843Z,operator2.email.address@mybusiness.com,Sterilizer OUT,"{""run_id"":""rec8b9gwQ65FYFTYo"",""run_no"":""RUN-260623-FTYo"",""process_type"":""sterilize"",""unit_size"":1.5,""component_set"":null}",
reclmifeXhBSotSlI,EVENT-260310-tSlI,Pasteurized,2026-03-10T18:23:35.316Z,Robert,Sterilizer OUT,"{""run_id"":""rec8cgEbS5fANlmZu"",""run_no"":""RUN-260310-lmZu"",""process_type"":""pasteurize"",""unit_size"":2.5}",
reclnRGMnLBe6pUA0,EVENT-251106-pUA0,Sterilized,2025-11-06T17:04:00.000Z,system,Sterilizer OUT,"{""run_id"":""recnZxnsSIKBiQUSS"",""run_no"":""RUN-251106-QUSS"",""process_type"":""sterilize"",""unit_size"":7.5}",
reclqS3CDlkoVxiWk,EVENT-260216-xiWk,Pasteurized,2026-02-16T23:15:57.425Z,system,Sterilizer OUT,"{""run_id"":""recJCeCBGXBTRPBSS"",""run_no"":""RUN-260216-PBSS"",""process_type"":""pasteurize"",""unit_size"":5}",
recm1DDf7S8t57rtT,EVENT-251117-7rtT,Pasteurized,2025-11-17T18:18:33.861Z,system,Sterilizer OUT,"{""run_id"":""reclx5p8uinIUCIfB"",""run_no"":""RUN-251117-CIfB"",""process_type"":""pasteurize"",""unit_size"":3}",
recm7dTxup7runOet,EVENT-251218-nOet,Sterilized,2025-12-18T16:45:53.270Z,system,Sterilizer OUT,"{""run_id"":""recK7rkZM477CArlH"",""run_no"":""RUN-251216-ArlH"",""process_type"":""sterilize"",""unit_size"":2}",
recm8z4IstofgC5zD,EVENT-260424-C5zD,Sterilized,2026-04-24T07:30:00.000Z,Robert,Sterilizer OUT,"{""run_id"":""recCSZRx6w0VbzoXm"",""run_no"":""RUN-260424-zoXm"",""process_type"":""sterilize"",""unit_size"":2}",
recmBIKr6LkT2nbwq,EVENT-260713-nbwq,SpawnedToBulk,,,Spawn to Bulk,"{""grain_input_ids"":[""recuFurbEVrwWYrz8""],""substrate_input_ids"":[""recmFku57yRtfqkub"",""receL0vTHMoY5B30M"",""recp7KLAsLcPgLVDJ""],""per_output_unit_size_lb"":3.1666666666666665,""output_item_code"":""FB-MM75-SM"",""output_index"":2,""output_count"":3}",
recmFXk98aubodtSA,EVENT-260616-dtSA,Sterilized,2026-06-15T16:51:00.000Z,operator1.email.address@mybusiness.com,Sterilizer OUT,"{""run_id"":""reckkAU2IsJQACD2X"",""run_no"":""RUN-260615-CD2X"",""process_type"":""sterilize"",""unit_size"":1.75}",
recmNKSf5KHOg0Nuc,EVENT-251106-0Nuc,Sterilized,2025-10-04T16:06:00.000Z,system,Sterilizer OUT,"{""run_id"":""recOvvPYQJdTQszRK"",""run_no"":""RUN-251106-szRK"",""process_type"":""sterilize"",""unit_size"":2.5}",
recmNLHDzq83qQOwR,EVENT-251007-QOwR,Pasteurized,2025-10-07T16:17:00.000Z,Ray,Sterilizer OUT,"{""run_id"":""recgARlUsOnnMosWG"",""run_no"":""RUN-251006-osWG"",""process_type"":""pasteurize"",""unit_size"":5}",
recmOTj2F2fOvMBYK,EVENT-260619-MBYK,Contaminated,2026-06-19T19:06:34.782Z,,Dark Room,{},
recmX8RWaY0tj36ae,EVENT-260216-36ae,Pasteurized,2026-02-16T23:15:57.425Z,system,Sterilizer OUT,"{""run_id"":""recJCeCBGXBTRPBSS"",""run_no"":""RUN-260216-PBSS"",""process_type"":""pasteurize"",""unit_size"":5}",
recmeRx6mAAb1QHPt,EVENT-260716-QHPt,Consumed,,,Spawn to Bulk,"{""consumed_by_lot_ids"":[""recIuUpWM4VtZkQ24"",""rectzsA2X0Y490AsE"",""recZm7U14atzF7Uyn""]}",
recmeSpT128tT2KwK,EVENT-260616-2KwK,Sterilized,2026-06-15T16:51:00.000Z,operator1.email.address@mybusiness.com,Sterilizer OUT,"{""run_id"":""reckkAU2IsJQACD2X"",""run_no"":""RUN-260615-CD2X"",""process_type"":""sterilize"",""unit_size"":1.75}",
recmgolLlxQtrDu4J,EVENT-260616-Du4J,Sterilized,2026-06-15T16:51:00.000Z,operator1.email.address@mybusiness.com,Sterilizer OUT,"{""run_id"":""reckkAU2IsJQACD2X"",""run_no"":""RUN-260615-CD2X"",""process_type"":""sterilize"",""unit_size"":1.75}",
recmnrRUIx66DVJhV,EVENT-251121-VJhV,Sterilized,2025-11-21T17:16:00.000Z,system,Sterilizer OUT,"{""run_id"":""rec7frnAiC4O8e5eA"",""run_no"":""RUN-251121-e5eA"",""process_type"":""sterilize"",""unit_size"":2.5}",
recmrjOKTKHv14cC6,EVENT-260324-4cC6,Sterilized,2026-03-24T13:17:23.986Z,system,Sterilizer OUT,"{""run_id"":""recOSF8bNk5Sq0Acf"",""run_no"":""RUN-260324-0Acf"",""process_type"":""sterilize"",""unit_size"":2}",
recmu0dgi4I0CF4kd,EVENT-251209-F4kd,Pasteurized,2025-12-09T20:03:00.000Z,system,Sterilizer OUT,"{""run_id"":""reczO19IW9jGWPeeq"",""run_no"":""RUN-251209-Peeq"",""process_type"":""pasteurize"",""unit_size"":5}",
recmuqdevI3as2VCZ,EVENT-260307-2VCZ,Sterilized,2026-03-07T12:42:00.000Z,system,Sterilizer OUT,"{""run_id"":""recP2Xx5gAUDYMxKM"",""run_no"":""RUN-260307-MxKM"",""process_type"":""sterilize"",""unit_size"":2}",
recmvta3KZ5bZg1qq,EVENT-251121-g1qq,Sterilized,2025-11-21T17:16:00.000Z,system,Sterilizer OUT,"{""run_id"":""rec7frnAiC4O8e5eA"",""run_no"":""RUN-251121-e5eA"",""process_type"":""sterilize"",""unit_size"":2.5}",
recmwDx4CGPqol9Ry,EVENT-251218-l9Ry,Sterilized,2025-12-18T16:45:53.270Z,system,Sterilizer OUT,"{""run_id"":""recK7rkZM477CArlH"",""run_no"":""RUN-251216-ArlH"",""process_type"":""sterilize"",""unit_size"":2}",
recn1x7ucH8j5Nwsx,EVENT-260523-Nwsx,Sterilized,2026-05-23T19:07:25.243Z,Robert,Sterilizer OUT,"{""run_id"":""recT7cCdNjTLducvq"",""run_no"":""RUN-260523-ucvq"",""process_type"":""sterilize"",""unit_size"":2}",
recn50ZYSmXGCW5rE,EVENT-260330-W5rE,Sterilized,2026-03-30T17:39:50.874Z,system,Sterilizer OUT,"{""run_id"":""rect5WtJiGG4WFH27"",""run_no"":""RUN-260327-FH27"",""process_type"":""sterilize"",""unit_size"":500}",
recn9DWlRYpsQRvkf,EVENT-260716-Rvkf,Sterilized,2026-07-16T19:09:00.000Z,operator1.email.address@mybusiness.com,Sterilizer OUT,"{""run_id"":""recq6e2hNvwWS4YjH"",""run_no"":""RUN-260716-4YjH"",""process_type"":""sterilize"",""unit_size"":7.5,""component_set"":null}",
recnDYrL9ZHRDeft3,EVENT-260104-eft3,Sterilized,2026-01-04T20:27:19.381Z,system,Sterilizer OUT,"{""run_id"":""recA4XgFrJ5Ddr9au"",""run_no"":""RUN-260104-r9au"",""process_type"":""sterilize"",""unit_size"":2}",
recnDfkmsTaXegyvz,EVENT-251006-gyvz,Sterilized,2025-10-06T13:51:00.000Z,system,Sterilizer OUT,"{""run_id"":""recZ5UNgT0575CXLE"",""run_no"":""RUN-251001-CXLE"",""process_type"":""sterilize"",""unit_size"":2}",
recnGCEwwRRxvESsb,EVENT-260422-ESsb,Sterilized,2026-04-22T12:28:52.942Z,system,Sterilizer OUT,"{""run_id"":""recKxVLX61XaTp3xU"",""run_no"":""RUN-260422-p3xU"",""process_type"":""sterilize"",""unit_size"":2.5}",
recnLY6MVWoEF80OP,EVENT-260716-80OP,Sterilized,2026-07-16T19:09:00.000Z,operator1.email.address@mybusiness.com,Sterilizer OUT,"{""run_id"":""recq6e2hNvwWS4YjH"",""run_no"":""RUN-260716-4YjH"",""process_type"":""sterilize"",""unit_size"":7.5,""component_set"":null}",
recnNm4KvEDQPh0Oo,EVENT-260716-h0Oo,Sterilized,2026-07-16T19:09:00.000Z,operator1.email.address@mybusiness.com,Sterilizer OUT,"{""run_id"":""recH9XtQ3GNRt9tvy"",""run_no"":""RUN-260716-9tvy"",""process_type"":""sterilize"",""unit_size"":2.5,""component_set"":null}",
recnSFAD1SV4nALoM,EVENT-260409-ALoM,Sterilized,2026-04-09T20:38:59.422Z,system,Sterilizer OUT,"{""run_id"":""recppjKznbkp9cKxo"",""run_no"":""RUN-260409-cKxo"",""process_type"":""sterilize"",""unit_size"":3}",
recnSXL63zuX0hnuo,EVENT-251001-hnuo,Sterilized,2025-10-01T20:38:00.000Z,system,Sterilizer OUT,"{""run_id"":""recP4vPmWzLh4NPb6"",""run_no"":""RUN-251001-NPb6"",""process_type"":""sterilize"",""unit_size"":2}",
recnU3MTYfvWOYC80,EVENT-251218-YC80,Sterilized,2025-12-18T16:45:53.270Z,system,Sterilizer OUT,"{""run_id"":""recK7rkZM477CArlH"",""run_no"":""RUN-251216-ArlH"",""process_type"":""sterilize"",""unit_size"":2}",
recnVd6ZGgVczwdMk,EVENT-251121-wdMk,Sterilized,2025-11-21T17:16:00.000Z,system,Sterilizer OUT,"{""run_id"":""rec7frnAiC4O8e5eA"",""run_no"":""RUN-251121-e5eA"",""process_type"":""sterilize"",""unit_size"":2.5}",
recnXQKVoos1YfmMJ,EVENT-251001-fmMJ,Sterilized,2025-10-01T20:38:00.000Z,system,Sterilizer OUT,"{""run_id"":""recZq84toSy7fiWCn"",""run_no"":""RUN-251001-iWCn"",""process_type"":""sterilize"",""unit_size"":5}",
recnXUXu1clwdLEQM,EVENT-260104-LEQM,Sterilized,2026-01-04T20:27:19.381Z,system,Sterilizer OUT,"{""run_id"":""recA4XgFrJ5Ddr9au"",""run_no"":""RUN-260104-r9au"",""process_type"":""sterilize"",""unit_size"":2}",
recnXv76XZZzWhTvM,EVENT-260324-hTvM,Sterilized,2026-03-24T13:17:23.986Z,system,Sterilizer OUT,"{""run_id"":""recOSF8bNk5Sq0Acf"",""run_no"":""RUN-260324-0Acf"",""process_type"":""sterilize"",""unit_size"":2}",
recnYXhtl0rufdfEi,EVENT-260305-dfEi,Sterilized,2026-03-05T17:21:04.594Z,Robert,Sterilizer OUT,"{""run_id"":""recrCRbHVGXTgst5W"",""run_no"":""RUN-260305-st5W"",""process_type"":""sterilize"",""unit_size"":7.5}",
recnZAI2qwhTHQbHq,EVENT-251213-QbHq,Sterilized,2025-12-13T13:17:00.000Z,system,Sterilizer OUT,"{""run_id"":""recyjDcb5rvR1lqIC"",""run_no"":""RUN-251213-lqIC"",""process_type"":""sterilize"",""unit_size"":7.5}",
recnbYtX7XPsPA4ql,EVENT-251008-A4ql,Sterilized,2025-10-08T11:17:00.000Z,Ray,Sterilizer OUT,"{""run_id"":""recdkaSPElUbPxgL9"",""run_no"":""RUN-251007-xgL9"",""process_type"":""sterilize"",""unit_size"":300}",
recndi1fnIadDQpFi,EVENT-260409-QpFi,Sterilized,2026-04-09T20:38:59.422Z,system,Sterilizer OUT,"{""run_id"":""recppjKznbkp9cKxo"",""run_no"":""RUN-260409-cKxo"",""process_type"":""sterilize"",""unit_size"":3}",
recnfZX6G08dUkESa,EVENT-260104-kESa,Sterilized,2026-01-04T20:27:19.381Z,system,Sterilizer OUT,"{""run_id"":""recA4XgFrJ5Ddr9au"",""run_no"":""RUN-260104-r9au"",""process_type"":""sterilize"",""unit_size"":2}",
recnjDGr8YiDLdwkE,EVENT-251218-dwkE,Sterilized,2025-12-18T16:45:53.270Z,system,Sterilizer OUT,"{""run_id"":""recK7rkZM477CArlH"",""run_no"":""RUN-251216-ArlH"",""process_type"":""sterilize"",""unit_size"":2}",
recnnlR72jU1ogWQU,EVENT-260310-gWQU,Pasteurized,2026-03-10T18:23:50.693Z,Robert,Sterilizer OUT,"{""run_id"":""recBjYHAjvHFNP65d"",""run_no"":""RUN-260310-P65d"",""process_type"":""pasteurize"",""unit_size"":5}",
recnnqcWrlLgNem1M,EVENT-260116-em1M,Sterilized,2026-01-16T15:44:00.000Z,system,Sterilizer OUT,"{""run_id"":""reclq0rmQHqLDQ2cQ"",""run_no"":""RUN-260116-Q2cQ"",""process_type"":""sterilize"",""unit_size"":2}",
recnrDows3aC5HJuM,EVENT-260104-HJuM,Sterilized,2026-01-04T20:27:19.381Z,system,Sterilizer OUT,"{""run_id"":""recA4XgFrJ5Ddr9au"",""run_no"":""RUN-260104-r9au"",""process_type"":""sterilize"",""unit_size"":2}",
recnvZto24PW3h4mx,EVENT-251213-h4mx,Sterilized,2025-12-13T13:17:00.000Z,system,Sterilizer OUT,"{""run_id"":""recyjDcb5rvR1lqIC"",""run_no"":""RUN-251213-lqIC"",""process_type"":""sterilize"",""unit_size"":7.5}",
recnyLHwSuVgm7zHC,EVENT-251218-7zHC,Sterilized,2025-12-18T16:45:53.270Z,system,Sterilizer OUT,"{""run_id"":""recK7rkZM477CArlH"",""run_no"":""RUN-251216-ArlH"",""process_type"":""sterilize"",""unit_size"":2}",
reco01FpnMVpHig6u,EVENT-260104-ig6u,Sterilized,2026-01-04T20:27:19.381Z,system,Sterilizer OUT,"{""run_id"":""recA4XgFrJ5Ddr9au"",""run_no"":""RUN-260104-r9au"",""process_type"":""sterilize"",""unit_size"":2}",
reco1oUaYU6rgI1ph,EVENT-260716-I1ph,Sterilized,2026-07-16T19:09:00.000Z,operator1.email.address@mybusiness.com,Sterilizer OUT,"{""run_id"":""recH9XtQ3GNRt9tvy"",""run_no"":""RUN-260716-9tvy"",""process_type"":""sterilize"",""unit_size"":2.5,""component_set"":null}",
reco2qRI2UNzNoVkG,EVENT-260624-oVkG,Sterilized,2026-06-24T22:04:27.843Z,operator2.email.address@mybusiness.com,Sterilizer OUT,"{""run_id"":""rec8b9gwQ65FYFTYo"",""run_no"":""RUN-260623-FTYo"",""process_type"":""sterilize"",""unit_size"":1.5,""component_set"":null}",
reco3De5dOebmB6XA,EVENT-251218-B6XA,Sterilized,2025-12-18T16:45:53.270Z,system,Sterilizer OUT,"{""run_id"":""recK7rkZM477CArlH"",""run_no"":""RUN-251216-ArlH"",""process_type"":""sterilize"",""unit_size"":2}",
reco5SxbOkwO2FBsQ,EVENT-260307-FBsQ,Sterilized,2026-03-07T12:42:00.000Z,system,Sterilizer OUT,"{""run_id"":""recP2Xx5gAUDYMxKM"",""run_no"":""RUN-260307-MxKM"",""process_type"":""sterilize"",""unit_size"":2}",
reco7E6g1QnssJ705,EVENT-260630-J705,Consumed,,,Spawn to Bulk,"{""consumed_by_lot_ids"":[""reczAi4hqw5aCXitK"",""recWgs9HIz7AOsqD5"",""recrO8rC8AiQg6Vd3""]}",
recoCWvJrGjA3XBOc,EVENT-260324-XBOc,Sterilized,2026-03-24T13:17:23.986Z,system,Sterilizer OUT,"{""run_id"":""recOSF8bNk5Sq0Acf"",""run_no"":""RUN-260324-0Acf"",""process_type"":""sterilize"",""unit_size"":2}",
recoGI3JrnQCYhOS3,EVENT-250929-hOS3,Sterilized,2025-09-29T16:56:17.617Z,system,Sterilizer OUT,"{""run_id"":""rec05bWCGz5QaFIG6"",""run_no"":""RUN-250929-FIG6"",""process_type"":""sterilize"",""unit_size"":5}",
recoHNpITXvw8ke59,EVENT-260104-ke59,Sterilized,2026-01-04T20:27:19.381Z,system,Sterilizer OUT,"{""run_id"":""recA4XgFrJ5Ddr9au"",""run_no"":""RUN-260104-r9au"",""process_type"":""sterilize"",""unit_size"":2}",
recoINTAspvkYEuqM,EVENT-251229-EuqM,Pasteurized,2025-12-29T19:44:27.969Z,system,Sterilizer OUT,"{""run_id"":""recKMrStfLoJWj1I6"",""run_no"":""RUN-251229-j1I6"",""process_type"":""pasteurize"",""unit_size"":2.5}",
recoIox7gR8uDz34i,EVENT-251218-z34i,Sterilized,2025-12-18T16:45:53.270Z,system,Sterilizer OUT,"{""run_id"":""recK7rkZM477CArlH"",""run_no"":""RUN-251216-ArlH"",""process_type"":""sterilize"",""unit_size"":2}",
recoJDNAWL8cgKZEX,EVENT-251008-KZEX,Sterilized,2025-10-08T11:17:00.000Z,Ray,Sterilizer OUT,"{""run_id"":""recdkaSPElUbPxgL9"",""run_no"":""RUN-251007-xgL9"",""process_type"":""sterilize"",""unit_size"":300}",
recoKGGjIESgn3rLd,EVENT-250929-3rLd,Sterilized,2025-05-01T16:30:00.000Z,system,Sterilizer OUT,"{""run_id"":""rec5IxBX2con6PUNz"",""run_no"":""RUN-250929-PUNz"",""process_type"":""sterilize"",""unit_size"":2}",
recoOW6NGhG9YpSJ4,EVENT-250929-pSJ4,Sterilized,2025-05-01T15:52:00.000Z,system,Sterilizer OUT,"{""run_id"":""recHvjFAeDQH8qi6e"",""run_no"":""RUN-250929-qi6e"",""process_type"":""sterilize"",""unit_size"":500}",
recoQw5RWwTpGZ5FW,EVENT-260505-Z5FW,Sterilized,2026-05-05T22:22:14.543Z,system,Sterilizer OUT,"{""run_id"":""recNmAs6kOzTAInt8"",""run_no"":""RUN-260505-Int8"",""process_type"":""sterilize"",""unit_size"":2.5}",
recoSMk3ojyihUuzw,EVENT-251212-Uuzw,Sterilized,2025-12-06T18:17:00.000Z,system,Sterilizer OUT,"{""run_id"":""recf9lSLONsH3GW1m"",""run_no"":""RUN-251212-GW1m"",""process_type"":""sterilize"",""unit_size"":300}",
recoVugEqum0Jzv5x,EVENT-251216-zv5x,Destroyed,2025-12-16T16:38:00.000Z,system,Sterilizer OUT,"{""run_id"":""recd8oY6zF8OChGI0"",""run_no"":""RUN-251213-hGI0"",""process_type"":""sterilize""}",
recoWfKevPJ8nPvC7,EVENT-260513-PvC7,Sterilized,2026-05-13T16:47:37.020Z,system,Sterilizer OUT,"{""run_id"":""recWAbeni0r7lEmMj"",""run_no"":""RUN-260512-EmMj"",""process_type"":""sterilize"",""unit_size"":500}",
recoYg6XsFwgjvjMS,EVENT-260104-vjMS,Sterilized,2026-01-04T20:27:19.381Z,system,Sterilizer OUT,"{""run_id"":""recA4XgFrJ5Ddr9au"",""run_no"":""RUN-260104-r9au"",""process_type"":""sterilize"",""unit_size"":2}",
recobMQAD09EcJGvT,EVENT-260505-JGvT,Sterilized,2026-05-05T22:22:14.543Z,system,Sterilizer OUT,"{""run_id"":""recNmAs6kOzTAInt8"",""run_no"":""RUN-260505-Int8"",""process_type"":""sterilize"",""unit_size"":2.5}",
recocf61X0DFnobwE,EVENT-251001-obwE,Destroyed,2025-10-01T20:38:00.000Z,system,Sterilizer OUT,"{""run_id"":""recZq84toSy7fiWCn"",""run_no"":""RUN-251001-iWCn"",""process_type"":""sterilize""}",
recogfykRpLm21t7P,EVENT-260713-1t7P,Contaminated,2026-07-13T21:00:50.098Z,,Dark Room,{},
recogx8z8A6zGBCgg,EVENT-260519-BCgg,Sterilized,2026-05-19T18:36:15.927Z,Robert,Sterilizer OUT,"{""run_id"":""recCzwiynOzb8UQbk"",""run_no"":""RUN-260519-UQbk"",""process_type"":""sterilize"",""unit_size"":7.5}",
recojltN42UO8T1AA,EVENT-260716-T1AA,Sterilized,2026-07-16T19:09:00.000Z,operator1.email.address@mybusiness.com,Sterilizer OUT,"{""run_id"":""recH9XtQ3GNRt9tvy"",""run_no"":""RUN-260716-9tvy"",""process_type"":""sterilize"",""unit_size"":2.5,""component_set"":null}",
recomwmR9dnVHfFA8,EVENT-251117-fFA8,Pasteurized,2025-11-17T18:18:33.861Z,system,Sterilizer OUT,"{""run_id"":""reclx5p8uinIUCIfB"",""run_no"":""RUN-251117-CIfB"",""process_type"":""pasteurize"",""unit_size"":3}",
reconkZGHK9gAwEN6,EVENT-251229-wEN6,Pasteurized,2025-12-29T19:44:27.969Z,system,Sterilizer OUT,"{""run_id"":""recKMrStfLoJWj1I6"",""run_no"":""RUN-251229-j1I6"",""process_type"":""pasteurize"",""unit_size"":2.5}",
recoosqDp5w2TNOkN,EVENT-260330-NOkN,Sterilized,2026-03-30T17:39:50.874Z,system,Sterilizer OUT,"{""run_id"":""rect5WtJiGG4WFH27"",""run_no"":""RUN-260327-FH27"",""process_type"":""sterilize"",""unit_size"":500}",
recopWZPMJdjxUhoP,EVENT-251229-UhoP,Pasteurized,2025-12-29T19:44:27.969Z,system,Sterilizer OUT,"{""run_id"":""recKMrStfLoJWj1I6"",""run_no"":""RUN-251229-j1I6"",""process_type"":""pasteurize"",""unit_size"":2.5}",
recopWuDI69qqgiRB,EVENT-251007-giRB,Pasteurized,2025-10-07T16:17:00.000Z,Ray,Sterilizer OUT,"{""run_id"":""recgARlUsOnnMosWG"",""run_no"":""RUN-251006-osWG"",""process_type"":""pasteurize"",""unit_size"":5}",
recoq7YmYZUz3Btjp,EVENT-251218-Btjp,Sterilized,2025-12-18T16:45:53.270Z,system,Sterilizer OUT,"{""run_id"":""recK7rkZM477CArlH"",""run_no"":""RUN-251216-ArlH"",""process_type"":""sterilize"",""unit_size"":2}",
recoui7KcgF6DJRXA,EVENT-260307-JRXA,Sterilized,2026-03-07T12:42:00.000Z,system,Sterilizer OUT,"{""run_id"":""recP2Xx5gAUDYMxKM"",""run_no"":""RUN-260307-MxKM"",""process_type"":""sterilize"",""unit_size"":2}",
recov2DhnjYlzMFoo,EVENT-251209-MFoo,Pasteurized,2025-12-09T19:58:00.000Z,system,Sterilizer OUT,"{""run_id"":""recDo8bycSvstzMxa"",""run_no"":""RUN-251209-zMxa"",""process_type"":""pasteurize"",""unit_size"":2.5}",
recovSH6asDM8Lve7,EVENT-260115-Lve7,Pasteurized,2026-01-15T13:53:00.000Z,system,Sterilizer OUT,"{""run_id"":""recaTWosVnlSlYF7z"",""run_no"":""RUN-260115-YF7z"",""process_type"":""pasteurize"",""unit_size"":2.5}",
recp3HsbHNenkGn2P,EVENT-260324-Gn2P,Sterilized,2026-03-24T13:17:23.986Z,system,Sterilizer OUT,"{""run_id"":""recOSF8bNk5Sq0Acf"",""run_no"":""RUN-260324-0Acf"",""process_type"":""sterilize"",""unit_size"":2}",
recp5mJVd4hAN4ZRD,EVENT-260115-4ZRD,Pasteurized,2026-01-15T13:53:00.000Z,system,Sterilizer OUT,"{""run_id"":""recaTWosVnlSlYF7z"",""run_no"":""RUN-260115-YF7z"",""process_type"":""pasteurize"",""unit_size"":2.5}",
recp6MnqOiz6uw1je,EVENT-250929-w1je,Sterilized,2025-09-29T16:56:17.617Z,system,Sterilizer OUT,"{""run_id"":""rec05bWCGz5QaFIG6"",""run_no"":""RUN-250929-FIG6"",""process_type"":""sterilize"",""unit_size"":5}",
recpC41YvDnhz0sCU,EVENT-260616-0sCU,Sterilized,2026-06-15T16:51:00.000Z,operator1.email.address@mybusiness.com,Sterilizer OUT,"{""run_id"":""reckkAU2IsJQACD2X"",""run_no"":""RUN-260615-CD2X"",""process_type"":""sterilize"",""unit_size"":1.75}",
recpF6iCEBb93RoY8,EVENT-260716-RoY8,Sterilized,2026-07-16T19:09:00.000Z,operator1.email.address@mybusiness.com,Sterilizer OUT,"{""run_id"":""recH9XtQ3GNRt9tvy"",""run_no"":""RUN-260716-9tvy"",""process_type"":""sterilize"",""unit_size"":2.5,""component_set"":null}",
recpLBMVcxIN0fd25,EVENT-260424-fd25,Sterilized,2026-04-24T07:30:00.000Z,Robert,Sterilizer OUT,"{""run_id"":""recCSZRx6w0VbzoXm"",""run_no"":""RUN-260424-zoXm"",""process_type"":""sterilize"",""unit_size"":2}",
recpSVRcgv7AHy1HZ,EVENT-251013-y1HZ,Pasteurized,2025-09-01T19:26:00.000Z,system,Sterilizer OUT,"{""run_id"":""recZjdmiO6FX311Nb"",""run_no"":""RUN-251013-11Nb"",""process_type"":""pasteurize"",""unit_size"":2.5}",
recpTpxete0VReaOt,EVENT-250929-eaOt,Sterilized,2025-05-01T16:20:00.000Z,system,Sterilizer OUT,"{""run_id"":""recDchOO5nAddnTkm"",""run_no"":""RUN-250929-nTkm"",""process_type"":""sterilize"",""unit_size"":500}",
recpXiguJDbN6Nb0M,EVENT-260616-Nb0M,Sterilized,2026-06-15T16:51:00.000Z,operator1.email.address@mybusiness.com,Sterilizer OUT,"{""run_id"":""reckkAU2IsJQACD2X"",""run_no"":""RUN-260615-CD2X"",""process_type"":""sterilize"",""unit_size"":1.75}",
recpci3u8E3WOTVXL,EVENT-251111-TVXL,Sterilized,2025-10-06T16:33:00.000Z,system,Sterilizer OUT,"{""run_id"":""rec5eTB6PGFAwjp2X"",""run_no"":""RUN-251111-jp2X"",""process_type"":""sterilize"",""unit_size"":2}",
recpfzBC8mDjsf7ZY,EVENT-260104-f7ZY,Sterilized,2026-01-04T20:27:19.381Z,system,Sterilizer OUT,"{""run_id"":""recA4XgFrJ5Ddr9au"",""run_no"":""RUN-260104-r9au"",""process_type"":""sterilize"",""unit_size"":2}",
recphZHxssW92RKfi,EVENT-260324-RKfi,Sterilized,2026-03-24T13:17:23.986Z,system,Sterilizer OUT,"{""run_id"":""recOSF8bNk5Sq0Acf"",""run_no"":""RUN-260324-0Acf"",""process_type"":""sterilize"",""unit_size"":2}",
recphsaiMwc0BEMWs,EVENT-260116-EMWs,Sterilized,2026-01-16T15:44:00.000Z,system,Sterilizer OUT,"{""run_id"":""rec5Wae27XQI9MFN2"",""run_no"":""RUN-260116-MFN2"",""process_type"":""sterilize"",""unit_size"":2.5}",
recpic6oNAIdqbibp,EVENT-260228-bibp,Sterilized,2026-02-28T18:29:00.000Z,Robert,Sterilizer OUT,"{""run_id"":""rec0JC7G8fTAXxlJZ"",""run_no"":""RUN-260228-xlJZ"",""process_type"":""sterilize"",""unit_size"":7.5}",
recplvC9nb6yVay4U,EVENT-260505-ay4U,Sterilized,2026-05-05T22:23:00.000Z,system,Sterilizer OUT,"{""run_id"":""recGGBddzBqYNmguh"",""run_no"":""RUN-260505-mguh"",""process_type"":""sterilize"",""unit_size"":7.5}",
recpnGab1vhXMbfke,EVENT-251213-bfke,Sterilized,2025-12-13T13:17:00.000Z,system,Sterilizer OUT,"{""run_id"":""recyjDcb5rvR1lqIC"",""run_no"":""RUN-251213-lqIC"",""process_type"":""sterilize"",""unit_size"":7.5}",
recpwn03l38ddmzQJ,EVENT-251218-mzQJ,Sterilized,2025-12-18T16:45:53.270Z,system,Sterilizer OUT,"{""run_id"":""recK7rkZM477CArlH"",""run_no"":""RUN-251216-ArlH"",""process_type"":""sterilize"",""unit_size"":2}",
recpzg3yif8UzYmE3,EVENT-260104-YmE3,Sterilized,2026-01-04T20:27:19.381Z,system,Sterilizer OUT,"{""run_id"":""recA4XgFrJ5Ddr9au"",""run_no"":""RUN-260104-r9au"",""process_type"":""sterilize"",""unit_size"":2}",
recq2VktO73BPcT8F,EVENT-250929-cT8F,Sterilized,2025-05-01T16:30:00.000Z,system,Sterilizer OUT,"{""run_id"":""rec5IxBX2con6PUNz"",""run_no"":""RUN-250929-PUNz"",""process_type"":""sterilize"",""unit_size"":2}",
recq3ODqfMlxuAWuz,EVENT-251209-AWuz,Pasteurized,2025-12-09T19:58:00.000Z,system,Sterilizer OUT,"{""run_id"":""recDo8bycSvstzMxa"",""run_no"":""RUN-251209-zMxa"",""process_type"":""pasteurize"",""unit_size"":2.5}",
recq7iwiowN4x8V6T,EVENT-260422-8V6T,Sterilized,2026-04-22T12:28:52.942Z,system,Sterilizer OUT,"{""run_id"":""recKxVLX61XaTp3xU"",""run_no"":""RUN-260422-p3xU"",""process_type"":""sterilize"",""unit_size"":2.5}",
recq7sb5Q0nBdmpGP,EVENT-260307-mpGP,Sterilized,2026-03-07T12:42:00.000Z,system,Sterilizer OUT,"{""run_id"":""recP2Xx5gAUDYMxKM"",""run_no"":""RUN-260307-MxKM"",""process_type"":""sterilize"",""unit_size"":2}",
recq9R6wz4U8lWHhv,EVENT-260624-WHhv,Sterilized,2026-06-24T22:04:27.843Z,operator2.email.address@mybusiness.com,Sterilizer OUT,"{""run_id"":""rec8b9gwQ65FYFTYo"",""run_no"":""RUN-260623-FTYo"",""process_type"":""sterilize"",""unit_size"":1.5,""component_set"":null}",
recqAGKSQCJ3yB2po,EVENT-250929-B2po,Sterilized,2025-08-01T18:28:00.000Z,system,Sterilizer OUT,"{""run_id"":""reci6qyctBY2UEJbw"",""run_no"":""RUN-250929-EJbw"",""process_type"":""sterilize"",""unit_size"":5}",
recqAjlEs1nV0s2Ny,EVENT-260716-s2Ny,SpawnedToBulk,,,Spawn to Bulk,"{""grain_input_ids"":[""recflofAblWGLAYo4""],""substrate_input_ids"":[""recg3oW0OvDVnyTL6"",""recPZ9TWSnPW84Aqy"",""reczAOAVJ591qCoFp""],""per_output_unit_size_lb"":3.1666666666666665,""output_item_code"":""FB-GENERIC"",""output_index"":0,""output_count"":3}",
recqDzyTqhwXnv6uZ,EVENT-260525-v6uZ,Pasteurized,2026-05-25T18:58:06.442Z,Robert,Sterilizer OUT,"{""run_id"":""recgRAjPX8HKei2lj"",""run_no"":""RUN-260525-i2lj"",""process_type"":""pasteurize"",""unit_size"":5}",
recqMnmNp05fc0Zdt,EVENT-260422-0Zdt,Sterilized,2026-04-22T12:29:05.101Z,system,Sterilizer OUT,"{""run_id"":""recswN3XMcVEeXbvP"",""run_no"":""RUN-260422-XbvP"",""process_type"":""sterilize"",""unit_size"":5}",
recqNpaO9EtWZmX0q,EVENT-260629-mX0q,Sterilized,2026-06-29T20:53:00.000Z,system,Sterilizer OUT,"{""run_id"":""recwjKJcMtXVRXJNz"",""run_no"":""RUN-260629-XJNz"",""process_type"":""sterilize"",""unit_size"":5,""component_set"":null}",
recqO61kkLQlY8wHI,EVENT-260616-8wHI,Sterilized,2026-06-15T16:51:00.000Z,operator1.email.address@mybusiness.com,Sterilizer OUT,"{""run_id"":""reckkAU2IsJQACD2X"",""run_no"":""RUN-260615-CD2X"",""process_type"":""sterilize"",""unit_size"":1.75}",
recqQ11UTljAMoILt,EVENT-260505-oILt,Sterilized,2026-05-05T22:22:14.543Z,system,Sterilizer OUT,"{""run_id"":""recNmAs6kOzTAInt8"",""run_no"":""RUN-260505-Int8"",""process_type"":""sterilize"",""unit_size"":2.5}",
recqRwSlxVsx8Omdw,EVENT-251008-Omdw,Sterilized,2025-10-08T11:17:00.000Z,Ray,Sterilizer OUT,"{""run_id"":""recdkaSPElUbPxgL9"",""run_no"":""RUN-251007-xgL9"",""process_type"":""sterilize"",""unit_size"":300}",
recqSKXP8pVTw9ApE,EVENT-260216-9ApE,Pasteurized,2026-02-16T23:15:57.425Z,system,Sterilizer OUT,"{""run_id"":""recJCeCBGXBTRPBSS"",""run_no"":""RUN-260216-PBSS"",""process_type"":""pasteurize"",""unit_size"":5}",
recqYuiRQ9re6xrlj,EVENT-260103-xrlj,Pasteurized,2026-01-03T18:06:18.361Z,system,Sterilizer OUT,"{""run_id"":""recnmVSmZQ40uboWR"",""run_no"":""RUN-260103-boWR"",""process_type"":""pasteurize"",""unit_size"":5}",
recqcxLVS5riFzKJa,EVENT-251112-zKJa,Pasteurized,2025-11-12T19:14:00.000Z,system,Sterilizer OUT,"{""run_id"":""recQHItBShPyIc3HD"",""run_no"":""RUN-251111-c3HD"",""process_type"":""pasteurize"",""unit_size"":5}",
recqhIl2uARzlJIIS,EVENT-251110-JIIS,Sterilized,2025-11-10T23:45:00.000Z,system,Sterilizer OUT,"{""run_id"":""reczVlsRndrXCAWUz"",""run_no"":""RUN-251106-AWUz"",""process_type"":""sterilize"",""unit_size"":7.5}",
recqoE99UaMc1slUH,EVENT-251001-slUH,Sterilized,2025-10-01T20:38:00.000Z,system,Sterilizer OUT,"{""run_id"":""recZq84toSy7fiWCn"",""run_no"":""RUN-251001-iWCn"",""process_type"":""sterilize"",""unit_size"":5}",
recqpr6I3UzZFDsLi,EVENT-260624-DsLi,Sterilized,2026-06-24T22:04:27.843Z,operator2.email.address@mybusiness.com,Sterilizer OUT,"{""run_id"":""rec8b9gwQ65FYFTYo"",""run_no"":""RUN-260623-FTYo"",""process_type"":""sterilize"",""unit_size"":1.5,""component_set"":null}",
recqtc3ljgHnFvLfJ,EVENT-260422-vLfJ,Sterilized,2026-04-22T12:28:52.942Z,system,Sterilizer OUT,"{""run_id"":""recKxVLX61XaTp3xU"",""run_no"":""RUN-260422-p3xU"",""process_type"":""sterilize"",""unit_size"":2.5}",
recqxP1Itj2MPOC8y,EVENT-260307-OC8y,Sterilized,2026-03-07T12:42:00.000Z,system,Sterilizer OUT,"{""run_id"":""recP2Xx5gAUDYMxKM"",""run_no"":""RUN-260307-MxKM"",""process_type"":""sterilize"",""unit_size"":2}",
recqyp1WBx3QXpLoB,EVENT-260330-pLoB,Sterilized,2026-03-30T17:39:50.874Z,system,Sterilizer OUT,"{""run_id"":""rect5WtJiGG4WFH27"",""run_no"":""RUN-260327-FH27"",""process_type"":""sterilize"",""unit_size"":500}",
recr0BpCgU3bmSBlf,EVENT-251001-SBlf,Sterilized,2025-10-01T20:38:00.000Z,system,Sterilizer OUT,"{""run_id"":""recP4vPmWzLh4NPb6"",""run_no"":""RUN-251001-NPb6"",""process_type"":""sterilize"",""unit_size"":2}",
recr4ZMHJY0JSBWWQ,EVENT-260103-BWWQ,Pasteurized,2026-01-03T18:06:18.361Z,system,Sterilizer OUT,"{""run_id"":""recnmVSmZQ40uboWR"",""run_no"":""RUN-260103-boWR"",""process_type"":""pasteurize"",""unit_size"":5}",
recr7sUvi775U8AUZ,EVENT-260228-8AUZ,Sterilized,2026-02-28T18:29:00.000Z,Robert,Sterilizer OUT,"{""run_id"":""rec0JC7G8fTAXxlJZ"",""run_no"":""RUN-260228-xlJZ"",""process_type"":""sterilize"",""unit_size"":7.5}",
recr8TCDVkAVoesza,EVENT-251112-esza,Pasteurized,2025-11-12T19:15:00.000Z,system,Sterilizer OUT,"{""run_id"":""recuPXC2xYSKykGvI"",""run_no"":""RUN-251112-kGvI"",""process_type"":""pasteurize"",""unit_size"":5}",
recrAXUDc9AZKZqSC,EVENT-260523-ZqSC,Sterilized,2026-05-23T19:07:25.243Z,Robert,Sterilizer OUT,"{""run_id"":""recT7cCdNjTLducvq"",""run_no"":""RUN-260523-ucvq"",""process_type"":""sterilize"",""unit_size"":2}",
recrAzPUgNJFVpzNj,EVENT-260523-pzNj,Sterilized,2026-05-23T19:07:25.243Z,Robert,Sterilizer OUT,"{""run_id"":""recT7cCdNjTLducvq"",""run_no"":""RUN-260523-ucvq"",""process_type"":""sterilize"",""unit_size"":2}",
recrDbUnWE4NJ1R0M,EVENT-251013-1R0M,Pasteurized,2025-09-01T19:26:00.000Z,system,Sterilizer OUT,"{""run_id"":""recZjdmiO6FX311Nb"",""run_no"":""RUN-251013-11Nb"",""process_type"":""pasteurize"",""unit_size"":2.5}",
recrE3hsHYn9Ay720,EVENT-260324-y720,Sterilized,2026-03-24T13:17:23.986Z,system,Sterilizer OUT,"{""run_id"":""recOSF8bNk5Sq0Acf"",""run_no"":""RUN-260324-0Acf"",""process_type"":""sterilize"",""unit_size"":2}",
recrEBuLdnia9ebrA,EVENT-260330-ebrA,Sterilized,2026-03-30T17:39:50.874Z,system,Sterilizer OUT,"{""run_id"":""rect5WtJiGG4WFH27"",""run_no"":""RUN-260327-FH27"",""process_type"":""sterilize"",""unit_size"":500}",
recrGQhYzCKtDyrp4,EVENT-250929-yrp4,Sterilized,2025-05-01T16:20:00.000Z,system,Sterilizer OUT,"{""run_id"":""recDchOO5nAddnTkm"",""run_no"":""RUN-250929-nTkm"",""process_type"":""sterilize"",""unit_size"":500}",
recrJG1qQidGuem6X,EVENT-260512-em6X,Sterilized,2026-05-12T15:21:55.005Z,system,Sterilizer OUT,"{""run_id"":""rec0NcLKQYHfN0M5j"",""run_no"":""RUN-260512-0M5j"",""process_type"":""sterilize"",""unit_size"":500}",
recrQoW8y8G6sFphG,EVENT-251006-FphG,Sterilized,2025-10-06T13:51:00.000Z,system,Sterilizer OUT,"{""run_id"":""recZ5UNgT0575CXLE"",""run_no"":""RUN-251001-CXLE"",""process_type"":""sterilize"",""unit_size"":2}",
recrYaaS5cwpLBvTS,EVENT-251209-BvTS,Pasteurized,2025-12-09T20:03:00.000Z,system,Sterilizer OUT,"{""run_id"":""reczO19IW9jGWPeeq"",""run_no"":""RUN-251209-Peeq"",""process_type"":""pasteurize"",""unit_size"":5}",
recrbbRjb5bgbQYLc,EVENT-260116-QYLc,Sterilized,2026-01-16T15:44:00.000Z,system,Sterilizer OUT,"{""run_id"":""reclq0rmQHqLDQ2cQ"",""run_no"":""RUN-260116-Q2cQ"",""process_type"":""sterilize"",""unit_size"":2}",
recrbzpO46rhEYYCK,EVENT-251212-YYCK,Sterilized,2025-12-06T18:17:00.000Z,system,Sterilizer OUT,"{""run_id"":""recf9lSLONsH3GW1m"",""run_no"":""RUN-251212-GW1m"",""process_type"":""sterilize"",""unit_size"":300}",
recrgKB6SXM1a2kQR,EVENT-251218-2kQR,Sterilized,2025-12-18T16:45:53.270Z,system,Sterilizer OUT,"{""run_id"":""recK7rkZM477CArlH"",""run_no"":""RUN-251216-ArlH"",""process_type"":""sterilize"",""unit_size"":2}",
recrhsgsGCfXwJVsk,EVENT-260228-JVsk,Sterilized,2026-02-28T18:29:00.000Z,Robert,Sterilizer OUT,"{""run_id"":""rec0JC7G8fTAXxlJZ"",""run_no"":""RUN-260228-xlJZ"",""process_type"":""sterilize"",""unit_size"":7.5}",
recroS49rJtMjjOja,EVENT-260616-jOja,Sterilized,2026-06-15T16:51:00.000Z,operator1.email.address@mybusiness.com,Sterilizer OUT,"{""run_id"":""reckkAU2IsJQACD2X"",""run_no"":""RUN-260615-CD2X"",""process_type"":""sterilize"",""unit_size"":1.75}",
recrrqEdOUiEgxhSV,EVENT-260115-xhSV,Pasteurized,2026-01-15T13:53:00.000Z,system,Sterilizer OUT,"{""run_id"":""recaTWosVnlSlYF7z"",""run_no"":""RUN-260115-YF7z"",""process_type"":""pasteurize"",""unit_size"":2.5}",
recry2FIYrZj3sEdU,EVENT-260616-sEdU,Sterilized,2026-06-15T16:51:00.000Z,operator1.email.address@mybusiness.com,Sterilizer OUT,"{""run_id"":""reckkAU2IsJQACD2X"",""run_no"":""RUN-260615-CD2X"",""process_type"":""sterilize"",""unit_size"":1.75}",
recrzvDqzlTI1J5ck,EVENT-251004-J5ck,Sterilized,2025-10-04T22:52:20.076Z,system,Sterilizer OUT,"{""run_id"":""recNYZ14Enhg7fwbw"",""run_no"":""RUN-251004-fwbw"",""process_type"":""sterilize"",""unit_size"":2.5}",
recs2YjLTEHMkOfQz,EVENT-260104-OfQz,Sterilized,2026-01-04T20:27:19.381Z,system,Sterilizer OUT,"{""run_id"":""recA4XgFrJ5Ddr9au"",""run_no"":""RUN-260104-r9au"",""process_type"":""sterilize"",""unit_size"":2}",
recs2p4zI7VXZq2je,EVENT-251106-q2je,Destroyed,2025-11-06T17:04:00.000Z,system,Sterilizer OUT,"{""run_id"":""recnZxnsSIKBiQUSS"",""run_no"":""RUN-251106-QUSS"",""process_type"":""sterilize""}",
recs9JMQfgAnDRplI,EVENT-260115-RplI,Pasteurized,2026-01-15T13:53:00.000Z,system,Sterilizer OUT,"{""run_id"":""recaTWosVnlSlYF7z"",""run_no"":""RUN-260115-YF7z"",""process_type"":""pasteurize"",""unit_size"":2.5}",
recsBYW3qkshJyXvF,EVENT-260330-yXvF,Sterilized,2026-03-30T17:39:50.874Z,system,Sterilizer OUT,"{""run_id"":""rect5WtJiGG4WFH27"",""run_no"":""RUN-260327-FH27"",""process_type"":""sterilize"",""unit_size"":500}",
recsE0Lg8oGGX7Dna,EVENT-260216-7Dna,Pasteurized,2026-02-16T23:15:39.467Z,system,Sterilizer OUT,"{""run_id"":""reck61MIwCHfvn4RL"",""run_no"":""RUN-260216-n4RL"",""process_type"":""pasteurize"",""unit_size"":2.5}",
recsFqjYh0wSB6b4x,EVENT-260324-6b4x,Sterilized,2026-03-24T13:17:23.986Z,system,Sterilizer OUT,"{""run_id"":""recOSF8bNk5Sq0Acf"",""run_no"":""RUN-260324-0Acf"",""process_type"":""sterilize"",""unit_size"":2}",
recsIpWjmXMZCDHYd,EVENT-260324-DHYd,Sterilized,2026-03-24T13:17:23.986Z,system,Sterilizer OUT,"{""run_id"":""recOSF8bNk5Sq0Acf"",""run_no"":""RUN-260324-0Acf"",""process_type"":""sterilize"",""unit_size"":2}",
recsJJ8z3UffPSyPY,EVENT-260624-SyPY,Sterilized,2026-06-24T22:15:41.781Z,operator2.email.address@mybusiness.com,Sterilizer OUT,"{""run_id"":""receqE6oTONWjkun8"",""run_no"":""RUN-260623-kun8"",""process_type"":""sterilize"",""unit_size"":5,""component_set"":""WBS_CVG_RIZ1""}",
recsM9rCzjvx8FTm6,EVENT-251209-FTm6,Pasteurized,2025-12-09T20:03:00.000Z,system,Sterilizer OUT,"{""run_id"":""reczO19IW9jGWPeeq"",""run_no"":""RUN-251209-Peeq"",""process_type"":""pasteurize"",""unit_size"":5}",
recsNM4U8HbwJjJVP,EVENT-250929-jJVP,Sterilized,2025-08-01T18:28:00.000Z,system,Sterilizer OUT,"{""run_id"":""reci6qyctBY2UEJbw"",""run_no"":""RUN-250929-EJbw"",""process_type"":""sterilize"",""unit_size"":5}",
recsOc9gexHxCkN8f,EVENT-251229-kN8f,Pasteurized,2025-12-29T19:44:27.969Z,system,Sterilizer OUT,"{""run_id"":""recKMrStfLoJWj1I6"",""run_no"":""RUN-251229-j1I6"",""process_type"":""pasteurize"",""unit_size"":2.5}",
recsQDwNM9L7X8H1p,EVENT-260324-8H1p,Sterilized,2026-03-24T13:17:23.986Z,system,Sterilizer OUT,"{""run_id"":""recOSF8bNk5Sq0Acf"",""run_no"":""RUN-260324-0Acf"",""process_type"":""sterilize"",""unit_size"":2}",
recsTpNN31nVMtiYO,EVENT-260307-tiYO,Sterilized,2026-03-07T12:42:00.000Z,system,Sterilizer OUT,"{""run_id"":""recP2Xx5gAUDYMxKM"",""run_no"":""RUN-260307-MxKM"",""process_type"":""sterilize"",""unit_size"":2}",
recsWY9PrcAFl5o6f,EVENT-260523-5o6f,Sterilized,2026-05-23T19:07:25.243Z,Robert,Sterilizer OUT,"{""run_id"":""recT7cCdNjTLducvq"",""run_no"":""RUN-260523-ucvq"",""process_type"":""sterilize"",""unit_size"":2}",
recsXKceTxHWjhpct,EVENT-251213-hpct,Sterilized,2025-05-24T17:31:00.000Z,system,Sterilizer OUT,"{""run_id"":""rec9j3VusnvUCMMk2"",""run_no"":""RUN-251213-MMk2"",""process_type"":""sterilize"",""unit_size"":2}",
recsfe9KimY3PVd2Y,EVENT-260424-Vd2Y,Sterilized,2026-04-24T07:30:00.000Z,Robert,Sterilizer OUT,"{""run_id"":""recCSZRx6w0VbzoXm"",""run_no"":""RUN-260424-zoXm"",""process_type"":""sterilize"",""unit_size"":2}",
recshRgMKgN0t1QCi,EVENT-260716-1QCi,Sterilized,2026-07-16T19:09:00.000Z,operator1.email.address@mybusiness.com,Sterilizer OUT,"{""run_id"":""recH9XtQ3GNRt9tvy"",""run_no"":""RUN-260716-9tvy"",""process_type"":""sterilize"",""unit_size"":2.5,""component_set"":null}",
recso8sIaNrDiPqdp,EVENT-260424-Pqdp,Sterilized,2026-04-24T07:30:00.000Z,Robert,Sterilizer OUT,"{""run_id"":""recCSZRx6w0VbzoXm"",""run_no"":""RUN-260424-zoXm"",""process_type"":""sterilize"",""unit_size"":2}",
recsrGEP4xLyUfoy8,EVENT-260624-foy8,Sterilized,2026-06-24T22:04:27.843Z,operator2.email.address@mybusiness.com,Sterilizer OUT,"{""run_id"":""rec8b9gwQ65FYFTYo"",""run_no"":""RUN-260623-FTYo"",""process_type"":""sterilize"",""unit_size"":1.5,""component_set"":null}",
recsrONzmWUmcmnT4,EVENT-260330-mnT4,Sterilized,2026-03-30T17:39:50.874Z,system,Sterilizer OUT,"{""run_id"":""rect5WtJiGG4WFH27"",""run_no"":""RUN-260327-FH27"",""process_type"":""sterilize"",""unit_size"":500}",
recsuuv3bS25AONiN,EVENT-260307-ONiN,Sterilized,2026-03-07T12:42:00.000Z,system,Sterilizer OUT,"{""run_id"":""recP2Xx5gAUDYMxKM"",""run_no"":""RUN-260307-MxKM"",""process_type"":""sterilize"",""unit_size"":2}",
recswUbEY2rncqgUI,EVENT-251117-qgUI,Pasteurized,2025-11-17T18:18:33.861Z,system,Sterilizer OUT,"{""run_id"":""reclx5p8uinIUCIfB"",""run_no"":""RUN-251117-CIfB"",""process_type"":""pasteurize"",""unit_size"":3}",
recswUrUzJ1OQHW0H,EVENT-260424-HW0H,Sterilized,2026-04-24T07:30:00.000Z,Robert,Sterilizer OUT,"{""run_id"":""recCSZRx6w0VbzoXm"",""run_no"":""RUN-260424-zoXm"",""process_type"":""sterilize"",""unit_size"":2}",
recswdH1qtBMz9iag,EVENT-251212-9iag,Sterilized,2025-12-06T18:17:00.000Z,system,Sterilizer OUT,"{""run_id"":""recf9lSLONsH3GW1m"",""run_no"":""RUN-251212-GW1m"",""process_type"":""sterilize"",""unit_size"":300}",
rect4zae5ZUej4sPG,EVENT-251110-4sPG,Sterilized,2025-11-10T23:45:00.000Z,system,Sterilizer OUT,"{""run_id"":""reczVlsRndrXCAWUz"",""run_no"":""RUN-251106-AWUz"",""process_type"":""sterilize"",""unit_size"":7.5}",
rect5WQcsrQB9X9f1,EVENT-251106-X9f1,Sterilized,2025-11-06T17:04:00.000Z,system,Sterilizer OUT,"{""run_id"":""recnZxnsSIKBiQUSS"",""run_no"":""RUN-251106-QUSS"",""process_type"":""sterilize"",""unit_size"":7.5}",
rectGwzbI50nN7leM,EVENT-260716-7leM,SpawnedToBulk,,,Spawn to Bulk,"{""grain_input_ids"":[""rec3j4FEb64EiScwX""],""substrate_input_ids"":[""rec0t4tXf7pubsWcD"",""recOebh3B6AuifYKs"",""recnYBktdkxdyESip""],""per_output_unit_size_lb"":3.1666666666666665,""output_item_code"":""FB-GENERIC"",""output_index"":0,""output_count"":3}",
rectJ1wOVsav4ORde,EVENT-260616-ORde,Sterilized,2026-06-15T16:51:00.000Z,operator1.email.address@mybusiness.com,Sterilizer OUT,"{""run_id"":""reckkAU2IsJQACD2X"",""run_no"":""RUN-260615-CD2X"",""process_type"":""sterilize"",""unit_size"":1.75}",
rectKkgnwWjlCwWWM,EVENT-260424-wWWM,Sterilized,2026-04-24T07:30:00.000Z,Robert,Sterilizer OUT,"{""run_id"":""recCSZRx6w0VbzoXm"",""run_no"":""RUN-260424-zoXm"",""process_type"":""sterilize"",""unit_size"":2}",
rectNcwTODrQFCwAA,EVENT-251031-CwAA,Sterilized,2025-08-01T18:22:00.000Z,system,Sterilizer OUT,"{""run_id"":""recWF8fgbaNSXThS9"",""run_no"":""RUN-251031-ThS9"",""process_type"":""sterilize"",""unit_size"":7.5}",
rectOtF1k7kPAM10C,EVENT-260115-M10C,Pasteurized,2026-01-15T13:53:00.000Z,system,Sterilizer OUT,"{""run_id"":""recaTWosVnlSlYF7z"",""run_no"":""RUN-260115-YF7z"",""process_type"":""pasteurize"",""unit_size"":2.5}",
rectRtSaG1wLNWUH0,EVENT-260115-WUH0,Pasteurized,2026-01-15T13:53:00.000Z,system,Sterilizer OUT,"{""run_id"":""recaTWosVnlSlYF7z"",""run_no"":""RUN-260115-YF7z"",""process_type"":""pasteurize"",""unit_size"":2.5}",
rectSDBDX46PVsUng,EVENT-260424-sUng,Sterilized,2026-04-24T07:30:00.000Z,Robert,Sterilizer OUT,"{""run_id"":""recCSZRx6w0VbzoXm"",""run_no"":""RUN-260424-zoXm"",""process_type"":""sterilize"",""unit_size"":2}",
rectTqtv6tr5hVhur,EVENT-260330-Vhur,Sterilized,2026-03-30T17:39:50.874Z,system,Sterilizer OUT,"{""run_id"":""rect5WtJiGG4WFH27"",""run_no"":""RUN-260327-FH27"",""process_type"":""sterilize"",""unit_size"":500}",
rectUxmiDU42xYcIY,EVENT-251112-YcIY,Pasteurized,2025-11-12T19:15:00.000Z,system,Sterilizer OUT,"{""run_id"":""recuPXC2xYSKykGvI"",""run_no"":""RUN-251112-kGvI"",""process_type"":""pasteurize"",""unit_size"":5}",
rectX3kIQtTNEY3Ss,EVENT-260117-Y3Ss,Sterilized,2026-01-17T13:36:00.000Z,system,Sterilizer OUT,"{""run_id"":""recWq1rGRxOkPaZCD"",""run_no"":""RUN-260117-aZCD"",""process_type"":""sterilize"",""unit_size"":7.5}",
rectZuHo5PFUGtZ0H,EVENT-260424-tZ0H,Sterilized,2026-04-24T07:30:00.000Z,Robert,Sterilizer OUT,"{""run_id"":""recCSZRx6w0VbzoXm"",""run_no"":""RUN-260424-zoXm"",""process_type"":""sterilize"",""unit_size"":2}",
recta39nomQOKPGLn,EVENT-260424-PGLn,Sterilized,2026-04-24T07:30:00.000Z,Robert,Sterilizer OUT,"{""run_id"":""recCSZRx6w0VbzoXm"",""run_no"":""RUN-260424-zoXm"",""process_type"":""sterilize"",""unit_size"":2}",
recteaNd19ISi5TO0,EVENT-251106-5TO0,Sterilized,2025-11-06T17:04:00.000Z,system,Sterilizer OUT,"{""run_id"":""recnZxnsSIKBiQUSS"",""run_no"":""RUN-251106-QUSS"",""process_type"":""sterilize"",""unit_size"":7.5}",
rectfqWRggguhuO5G,EVENT-251121-uO5G,Sterilized,2025-11-21T17:16:00.000Z,system,Sterilizer OUT,"{""run_id"":""rec7frnAiC4O8e5eA"",""run_no"":""RUN-251121-e5eA"",""process_type"":""sterilize"",""unit_size"":2.5}",
rectnGGoq7NsFcNet,EVENT-260104-cNet,Sterilized,2026-01-04T20:27:19.381Z,system,Sterilizer OUT,"{""run_id"":""recA4XgFrJ5Ddr9au"",""run_no"":""RUN-260104-r9au"",""process_type"":""sterilize"",""unit_size"":2}",
rectnn9xbuWvTctsc,EVENT-251209-ctsc,Pasteurized,2025-12-09T19:58:00.000Z,system,Sterilizer OUT,"{""run_id"":""recDo8bycSvstzMxa"",""run_no"":""RUN-251209-zMxa"",""process_type"":""pasteurize"",""unit_size"":2.5}",
rectsvsKN84ZWh89m,EVENT-260716-h89m,SpawnedToBulk,,,Spawn to Bulk,"{""grain_input_ids"":[""recfGPOZJ9R0N6QWZ""],""substrate_input_ids"":[""recJ9apcaFgcCboZF"",""reclZmMP755JTJ0yh"",""recQST9Vx5j2Tr9R2""],""per_output_unit_size_lb"":3.1666666666666665,""output_item_code"":""FB-GENERIC"",""output_index"":0,""output_count"":3}",
recttiVAoHSLyeTuA,EVENT-260424-eTuA,Sterilized,2026-04-24T07:30:00.000Z,Robert,Sterilizer OUT,"{""run_id"":""recCSZRx6w0VbzoXm"",""run_no"":""RUN-260424-zoXm"",""process_type"":""sterilize"",""unit_size"":2}",
rectv7MCrWaXAi7WT,EVENT-260116-i7WT,Sterilized,2026-01-16T16:17:00.000Z,system,Sterilizer OUT,"{""run_id"":""recrx6AxbFfK4CIF3"",""run_no"":""RUN-260116-CIF3"",""process_type"":""sterilize"",""unit_size"":7.5}",
rectv9UaUuxwnkGhn,EVENT-251031-kGhn,Sterilized,2025-08-01T18:22:00.000Z,system,Sterilizer OUT,"{""run_id"":""recWF8fgbaNSXThS9"",""run_no"":""RUN-251031-ThS9"",""process_type"":""sterilize"",""unit_size"":7.5}",
rectwu8srQLZBYgC6,EVENT-251229-YgC6,Pasteurized,2025-12-29T19:46:46.420Z,system,Sterilizer OUT,"{""run_id"":""recDE4jIfkUYCTuuF"",""run_no"":""RUN-251229-TuuF"",""process_type"":""pasteurize"",""unit_size"":5}",
recu1v235iBKK5X8C,EVENT-260216-5X8C,Pasteurized,2026-02-16T23:15:57.425Z,system,Sterilizer OUT,"{""run_id"":""recJCeCBGXBTRPBSS"",""run_no"":""RUN-260216-PBSS"",""process_type"":""pasteurize"",""unit_size"":5}",
recu6LPuVLUmG49PE,EVENT-251229-49PE,Pasteurized,2025-12-29T19:44:27.969Z,system,Sterilizer OUT,"{""run_id"":""recKMrStfLoJWj1I6"",""run_no"":""RUN-251229-j1I6"",""process_type"":""pasteurize"",""unit_size"":2.5}",
recu9qCHcPR2MRZVp,EVENT-260104-RZVp,Sterilized,2026-01-04T20:27:19.381Z,system,Sterilizer OUT,"{""run_id"":""recA4XgFrJ5Ddr9au"",""run_no"":""RUN-260104-r9au"",""process_type"":""sterilize"",""unit_size"":2}",
recuBAn4TheBXjENw,EVENT-251010-jENw,Sterilized,2025-08-01T15:52:00.000Z,system,Sterilizer OUT,"{""run_id"":""recxQamyId4vlxFeA"",""run_no"":""RUN-251010-xFeA"",""process_type"":""sterilize"",""unit_size"":2}",
recuBhJ3zCIFjbzJU,EVENT-260104-bzJU,Sterilized,2026-01-04T20:27:19.381Z,system,Sterilizer OUT,"{""run_id"":""recA4XgFrJ5Ddr9au"",""run_no"":""RUN-260104-r9au"",""process_type"":""sterilize"",""unit_size"":2}",
recuJSJUSbxq4NGGh,EVENT-260307-NGGh,Sterilized,2026-03-07T12:42:00.000Z,system,Sterilizer OUT,"{""run_id"":""recP2Xx5gAUDYMxKM"",""run_no"":""RUN-260307-MxKM"",""process_type"":""sterilize"",""unit_size"":2}",
recuL6PeI5uyc5qWQ,EVENT-251010-5qWQ,Sterilized,2025-08-01T15:52:00.000Z,system,Sterilizer OUT,"{""run_id"":""recxQamyId4vlxFeA"",""run_no"":""RUN-251010-xFeA"",""process_type"":""sterilize"",""unit_size"":2}",
recuLBelj0dLEE1ms,EVENT-260104-E1ms,Sterilized,2026-01-04T20:27:19.381Z,system,Sterilizer OUT,"{""run_id"":""recA4XgFrJ5Ddr9au"",""run_no"":""RUN-260104-r9au"",""process_type"":""sterilize"",""unit_size"":2}",
recuMtuvSRZIrKAb8,EVENT-260117-KAb8,Sterilized,2026-01-17T13:36:00.000Z,system,Sterilizer OUT,"{""run_id"":""recWq1rGRxOkPaZCD"",""run_no"":""RUN-260117-aZCD"",""process_type"":""sterilize"",""unit_size"":7.5}",
recuNU92M7nWPWaKG,EVENT-260330-WaKG,Sterilized,2026-03-30T16:15:34.671Z,system,Sterilizer OUT,"{""run_id"":""recpFcbTcKrw3DX6J"",""run_no"":""RUN-260327-DX6J"",""process_type"":""sterilize"",""unit_size"":500}",
recuXGd5cCdkcp2ZY,EVENT-260422-p2ZY,Sterilized,2026-04-22T12:28:52.942Z,system,Sterilizer OUT,"{""run_id"":""recKxVLX61XaTp3xU"",""run_no"":""RUN-260422-p3xU"",""process_type"":""sterilize"",""unit_size"":2.5}",
recuvwiB2C9fehAwP,EVENT-260505-hAwP,Destroyed,2026-05-05T22:22:14.543Z,system,Sterilizer OUT,"{""run_id"":""recNmAs6kOzTAInt8"",""run_no"":""RUN-260505-Int8"",""process_type"":""sterilize""}",
recuwmOlpiayMwDBA,EVENT-260116-wDBA,Sterilized,2026-01-16T15:44:00.000Z,system,Sterilizer OUT,"{""run_id"":""reclq0rmQHqLDQ2cQ"",""run_no"":""RUN-260116-Q2cQ"",""process_type"":""sterilize"",""unit_size"":2}",
recv2MEUnFLv8xfoW,EVENT-250929-xfoW,Sterilized,2025-09-29T16:56:17.617Z,system,Sterilizer OUT,"{""run_id"":""rec05bWCGz5QaFIG6"",""run_no"":""RUN-250929-FIG6"",""process_type"":""sterilize"",""unit_size"":5}",
recv5rhD8KCnUGTFc,EVENT-251213-GTFc,Destroyed,2025-12-13T13:16:00.000Z,system,Sterilizer OUT,"{""run_id"":""recbpQro1A7CjLRoa"",""run_no"":""RUN-251213-LRoa"",""process_type"":""sterilize""}",
recvACffoRJAx9WOU,EVENT-251213-9WOU,Destroyed,2025-12-13T13:16:00.000Z,system,Sterilizer OUT,"{""run_id"":""recbpQro1A7CjLRoa"",""run_no"":""RUN-251213-LRoa"",""process_type"":""sterilize""}",
recvFy1bPnrKXuwG3,EVENT-260616-uwG3,Sterilized,2026-06-15T16:51:00.000Z,operator1.email.address@mybusiness.com,Sterilizer OUT,"{""run_id"":""reckkAU2IsJQACD2X"",""run_no"":""RUN-260615-CD2X"",""process_type"":""sterilize"",""unit_size"":1.75}",
recvGBtLNMbPeuzJc,EVENT-260409-uzJc,Sterilized,2026-04-09T20:38:59.422Z,system,Sterilizer OUT,"{""run_id"":""recppjKznbkp9cKxo"",""run_no"":""RUN-260409-cKxo"",""process_type"":""sterilize"",""unit_size"":3}",
recvGfnVVPQXawBte,EVENT-250929-wBte,Sterilized,2025-08-01T18:28:00.000Z,system,Sterilizer OUT,"{""run_id"":""reci6qyctBY2UEJbw"",""run_no"":""RUN-250929-EJbw"",""process_type"":""sterilize"",""unit_size"":5}",
recvH0wguGf7jOs5k,EVENT-251216-Os5k,Sterilized,2025-12-16T16:43:00.000Z,system,Sterilizer OUT,"{""run_id"":""recn6t4bEWBouzcg6"",""run_no"":""RUN-251216-zcg6"",""process_type"":""sterilize"",""unit_size"":7.5}",
recvHVAxIsuShgdn9,EVENT-260307-gdn9,Sterilized,2026-03-07T12:42:00.000Z,system,Sterilizer OUT,"{""run_id"":""recP2Xx5gAUDYMxKM"",""run_no"":""RUN-260307-MxKM"",""process_type"":""sterilize"",""unit_size"":2}",
recvKZ8GwTi7BnVje,EVENT-260424-nVje,Sterilized,2026-04-24T07:30:00.000Z,Robert,Sterilizer OUT,"{""run_id"":""recCSZRx6w0VbzoXm"",""run_no"":""RUN-260424-zoXm"",""process_type"":""sterilize"",""unit_size"":2}",
recvPywJq6NSQ3Gjt,EVENT-260616-3Gjt,Sterilized,2026-06-15T16:51:00.000Z,operator1.email.address@mybusiness.com,Sterilizer OUT,"{""run_id"":""reckkAU2IsJQACD2X"",""run_no"":""RUN-260615-CD2X"",""process_type"":""sterilize"",""unit_size"":1.75}",
recvRoFgR2hMnWmhS,EVENT-260409-WmhS,Sterilized,2026-04-09T20:38:59.422Z,system,Sterilizer OUT,"{""run_id"":""recppjKznbkp9cKxo"",""run_no"":""RUN-260409-cKxo"",""process_type"":""sterilize"",""unit_size"":3}",
recvTwVkvKuyCKpm0,EVENT-260117-Kpm0,Sterilized,2026-01-17T13:35:00.000Z,system,Sterilizer OUT,"{""run_id"":""recnsscrJxfGLlP8i"",""run_no"":""RUN-260117-lP8i"",""process_type"":""sterilize"",""unit_size"":2.5}",
recvUNSlerFamM9SP,EVENT-251001-M9SP,Sterilized,2025-10-01T20:38:00.000Z,system,Sterilizer OUT,"{""run_id"":""recP4vPmWzLh4NPb6"",""run_no"":""RUN-251001-NPb6"",""process_type"":""sterilize"",""unit_size"":2}",
recvVXtSvT5OPVMrP,EVENT-260523-VMrP,Sterilized,2026-05-23T19:07:25.243Z,Robert,Sterilizer OUT,"{""run_id"":""recT7cCdNjTLducvq"",""run_no"":""RUN-260523-ucvq"",""process_type"":""sterilize"",""unit_size"":2}",
recvVYr0ggf3yHdzQ,EVENT-260622-HdzQ,Pasteurized,2026-06-22T16:35:00.000Z,operator1.email.address@mybusiness.com,Sterilizer OUT,"{""run_id"":""recPbl4pQNxvxqso0"",""run_no"":""RUN-260622-qso0"",""process_type"":""pasteurize"",""unit_size"":5}",
recvX7tEnjcT8UQd3,EVENT-251213-UQd3,Sterilized,2025-12-13T13:16:00.000Z,system,Sterilizer OUT,"{""run_id"":""recbpQro1A7CjLRoa"",""run_no"":""RUN-251213-LRoa"",""process_type"":""sterilize"",""unit_size"":2.5}",
recvZaaYoOOSwVaTi,EVENT-260424-VaTi,Sterilized,2026-04-24T07:30:00.000Z,Robert,Sterilizer OUT,"{""run_id"":""recCSZRx6w0VbzoXm"",""run_no"":""RUN-260424-zoXm"",""process_type"":""sterilize"",""unit_size"":2}",
recvaHqNspHZLbcmY,EVENT-260525-bcmY,Pasteurized,2026-05-25T18:58:06.442Z,Robert,Sterilizer OUT,"{""run_id"":""recgRAjPX8HKei2lj"",""run_no"":""RUN-260525-i2lj"",""process_type"":""pasteurize"",""unit_size"":5}",
recvpH3M3gk8z9M9S,EVENT-251213-9M9S,Sterilized,2025-12-13T13:16:00.000Z,system,Sterilizer OUT,"{""run_id"":""recbpQro1A7CjLRoa"",""run_no"":""RUN-251213-LRoa"",""process_type"":""sterilize"",""unit_size"":2.5}",
recvqErnc3qcDPncm,EVENT-260115-Pncm,Pasteurized,2026-01-15T13:54:00.000Z,system,Sterilizer OUT,"{""run_id"":""recwQHRE6XnoCuI8g"",""run_no"":""RUN-260115-uI8g"",""process_type"":""pasteurize"",""unit_size"":5}",
recvtYMzd6bFE2ApB,EVENT-260330-2ApB,Sterilized,2026-03-30T16:15:34.671Z,system,Sterilizer OUT,"{""run_id"":""recpFcbTcKrw3DX6J"",""run_no"":""RUN-260327-DX6J"",""process_type"":""sterilize"",""unit_size"":500}",
recvtbU9V0KLkcJl2,EVENT-260616-cJl2,Sterilized,2026-06-15T16:51:00.000Z,operator1.email.address@mybusiness.com,Sterilizer OUT,"{""run_id"":""reckkAU2IsJQACD2X"",""run_no"":""RUN-260615-CD2X"",""process_type"":""sterilize"",""unit_size"":1.75}",
recvyig7rPY0rhPjt,EVENT-260104-hPjt,Sterilized,2026-01-04T20:27:19.381Z,system,Sterilizer OUT,"{""run_id"":""recA4XgFrJ5Ddr9au"",""run_no"":""RUN-260104-r9au"",""process_type"":""sterilize"",""unit_size"":2}",
recw2ZTyTmTIF8kXE,EVENT-260616-8kXE,Sterilized,2026-06-15T16:51:00.000Z,operator1.email.address@mybusiness.com,Sterilizer OUT,"{""run_id"":""reckkAU2IsJQACD2X"",""run_no"":""RUN-260615-CD2X"",""process_type"":""sterilize"",""unit_size"":1.75}",
recw4Ehjphagd0nJ5,EVENT-260716-0nJ5,Sterilized,2026-07-16T19:09:00.000Z,operator1.email.address@mybusiness.com,Sterilizer OUT,"{""run_id"":""recH9XtQ3GNRt9tvy"",""run_no"":""RUN-260716-9tvy"",""process_type"":""sterilize"",""unit_size"":2.5,""component_set"":null}",
recw4R3rXT3s4IjvQ,EVENT-260307-IjvQ,Sterilized,2026-03-07T12:42:00.000Z,system,Sterilizer OUT,"{""run_id"":""recP2Xx5gAUDYMxKM"",""run_no"":""RUN-260307-MxKM"",""process_type"":""sterilize"",""unit_size"":2}",
recw5MpbjOyto3xDS,EVENT-251117-3xDS,Pasteurized,2025-11-17T18:18:33.861Z,system,Sterilizer OUT,"{""run_id"":""reclx5p8uinIUCIfB"",""run_no"":""RUN-251117-CIfB"",""process_type"":""pasteurize"",""unit_size"":3}",
recw7JAoReecub4K5,EVENT-250929-b4K5,Sterilized,2025-05-01T16:30:00.000Z,system,Sterilizer OUT,"{""run_id"":""rec5IxBX2con6PUNz"",""run_no"":""RUN-250929-PUNz"",""process_type"":""sterilize"",""unit_size"":2}",
recwCZO5Aw7ZOnpjT,EVENT-260706-npjT,SpawnedToBulk,,,Spawn to Bulk,"{""grain_input_ids"":[""recz4jMWuvWAQbc8D""],""substrate_input_ids"":[""recCz4rOB1BVEvIgI"",""rec4yeZBeQ9LhH9el""],""per_output_unit_size_lb"":8.5,""output_item_code"":""FB-MM75-LG"",""output_index"":1,""output_count"":2}",
recwCcUikbzhpMUWj,EVENT-251229-MUWj,Pasteurized,2025-12-29T19:44:27.969Z,system,Sterilizer OUT,"{""run_id"":""recKMrStfLoJWj1I6"",""run_no"":""RUN-251229-j1I6"",""process_type"":""pasteurize"",""unit_size"":2.5}",
recwGDT2cgHRlcewQ,EVENT-260104-cewQ,Sterilized,2026-01-04T20:27:19.381Z,system,Sterilizer OUT,"{""run_id"":""recA4XgFrJ5Ddr9au"",""run_no"":""RUN-260104-r9au"",""process_type"":""sterilize"",""unit_size"":2}",
recwO1W3yzhOXyH6Q,EVENT-260327-yH6Q,Sterilized,2026-03-23T20:45:00.000Z,system,Sterilizer OUT,"{""run_id"":""rec8ZdEg2StmlxanB"",""run_no"":""RUN-260327-xanB"",""process_type"":""sterilize"",""unit_size"":400}",
recwOKbVGhO7A497E,EVENT-250929-497E,Sterilized,2025-05-01T15:52:00.000Z,system,Sterilizer OUT,"{""run_id"":""recHvjFAeDQH8qi6e"",""run_no"":""RUN-250929-qi6e"",""process_type"":""sterilize"",""unit_size"":500}",
recwRaLWGn6b5OqBk,EVENT-260424-OqBk,Sterilized,2026-04-24T07:30:00.000Z,Robert,Sterilizer OUT,"{""run_id"":""recCSZRx6w0VbzoXm"",""run_no"":""RUN-260424-zoXm"",""process_type"":""sterilize"",""unit_size"":2}",
recwVtUTSIwdRNfSX,EVENT-260629-NfSX,Sterilized,2026-06-29T20:52:43.485Z,operator2.email.address@mybusiness.com,Sterilizer OUT,"{""run_id"":""rec4kjzQCltjUHSCv"",""run_no"":""RUN-260629-HSCv"",""process_type"":""sterilize"",""unit_size"":5,""component_set"":""WBS_CVG_RIZ1""}",
recwXJ7EnQYMLdZ4Q,EVENT-260216-dZ4Q,Pasteurized,2026-02-16T23:15:56.486Z,system,Sterilizer OUT,"{""run_id"":""recJCeCBGXBTRPBSS"",""run_no"":""RUN-260216-PBSS"",""process_type"":""pasteurize"",""unit_size"":5}",
recwaqBuVbxPqrfxT,EVENT-251106-rfxT,Sterilized,2025-11-06T17:04:00.000Z,system,Sterilizer OUT,"{""run_id"":""recnZxnsSIKBiQUSS"",""run_no"":""RUN-251106-QUSS"",""process_type"":""sterilize"",""unit_size"":7.5}",
recwdj94cWYEkFekm,EVENT-251121-Fekm,Sterilized,2025-11-21T17:16:00.000Z,system,Sterilizer OUT,"{""run_id"":""rec7frnAiC4O8e5eA"",""run_no"":""RUN-251121-e5eA"",""process_type"":""sterilize"",""unit_size"":2.5}",
recweUqZSfAqxWFrk,EVENT-260629-WFrk,Sterilized,2026-06-29T20:52:53.810Z,operator2.email.address@mybusiness.com,Sterilizer OUT,"{""run_id"":""recmOfj55C1iwlLVT"",""run_no"":""RUN-260629-lLVT"",""process_type"":""sterilize"",""unit_size"":3,""component_set"":""WBS_CVG_RIZ1""}",
recwgwFozO1goljDp,EVENT-251218-ljDp,Sterilized,2025-12-18T16:45:53.270Z,system,Sterilizer OUT,"{""run_id"":""recK7rkZM477CArlH"",""run_no"":""RUN-251216-ArlH"",""process_type"":""sterilize"",""unit_size"":2}",
recwjqT9zyIoIs79q,EVENT-260716-s79q,Sterilized,2026-07-16T19:09:00.000Z,operator1.email.address@mybusiness.com,Sterilizer OUT,"{""run_id"":""recq6e2hNvwWS4YjH"",""run_no"":""RUN-260716-4YjH"",""process_type"":""sterilize"",""unit_size"":7.5,""component_set"":null}",
recwkvoKjyP0ETxRt,EVENT-251008-TxRt,Sterilized,2025-10-08T11:17:00.000Z,Ray,Sterilizer OUT,"{""run_id"":""recdkaSPElUbPxgL9"",""run_no"":""RUN-251007-xgL9"",""process_type"":""sterilize"",""unit_size"":300}",
recwoZ7KD3ypp6c2s,EVENT-251121-6c2s,Sterilized,2025-11-21T17:16:00.000Z,system,Sterilizer OUT,"{""run_id"":""rec7frnAiC4O8e5eA"",""run_no"":""RUN-251121-e5eA"",""process_type"":""sterilize"",""unit_size"":2.5}",
recwpzh1eFaoaZ7Bz,EVENT-251209-Z7Bz,Pasteurized,2025-12-09T20:03:00.000Z,system,Sterilizer OUT,"{""run_id"":""reczO19IW9jGWPeeq"",""run_no"":""RUN-251209-Peeq"",""process_type"":""pasteurize"",""unit_size"":5}",
recwrIYJsmSZvMX9G,EVENT-251001-MX9G,Sterilized,2025-10-01T20:38:00.000Z,system,Sterilizer OUT,"{""run_id"":""recZq84toSy7fiWCn"",""run_no"":""RUN-251001-iWCn"",""process_type"":""sterilize"",""unit_size"":5}",
recwsbGpBuVzcFda9,EVENT-260307-Fda9,Sterilized,2026-03-07T12:42:00.000Z,system,Sterilizer OUT,"{""run_id"":""recP2Xx5gAUDYMxKM"",""run_no"":""RUN-260307-MxKM"",""process_type"":""sterilize"",""unit_size"":2}",
recwxEaMeWoKo5L4h,EVENT-260307-5L4h,Sterilized,2026-03-07T12:42:00.000Z,system,Sterilizer OUT,"{""run_id"":""recP2Xx5gAUDYMxKM"",""run_no"":""RUN-260307-MxKM"",""process_type"":""sterilize"",""unit_size"":2}",
recwxsAIHooX5Eh2a,EVENT-251006-Eh2a,Sterilized,2025-10-06T13:51:00.000Z,system,Sterilizer OUT,"{""run_id"":""recZ5UNgT0575CXLE"",""run_no"":""RUN-251001-CXLE"",""process_type"":""sterilize"",""unit_size"":2}",
recwz6ikXRZUiBSZW,EVENT-251121-BSZW,Sterilized,2025-11-21T17:16:00.000Z,system,Sterilizer OUT,"{""run_id"":""rec7frnAiC4O8e5eA"",""run_no"":""RUN-251121-e5eA"",""process_type"":""sterilize"",""unit_size"":2.5}",
recx03MLDuH2awqtP,EVENT-251010-wqtP,Sterilized,2025-08-01T15:52:00.000Z,system,Sterilizer OUT,"{""run_id"":""recxQamyId4vlxFeA"",""run_no"":""RUN-251010-xFeA"",""process_type"":""sterilize"",""unit_size"":2}",
recx0bp40XBT4L8jY,EVENT-260523-L8jY,Sterilized,2026-05-23T19:07:25.243Z,Robert,Sterilizer OUT,"{""run_id"":""recT7cCdNjTLducvq"",""run_no"":""RUN-260523-ucvq"",""process_type"":""sterilize"",""unit_size"":2}",
recx0kDTOop1h4I3E,EVENT-260330-4I3E,Sterilized,2026-03-30T17:39:50.874Z,system,Sterilizer OUT,"{""run_id"":""rect5WtJiGG4WFH27"",""run_no"":""RUN-260327-FH27"",""process_type"":""sterilize"",""unit_size"":500}",
recxGTXiJuqe8i0X8,EVENT-251117-i0X8,Pasteurized,2025-11-17T18:18:33.861Z,system,Sterilizer OUT,"{""run_id"":""reclx5p8uinIUCIfB"",""run_no"":""RUN-251117-CIfB"",""process_type"":""pasteurize"",""unit_size"":3}",
recxMHcK8VxUiIrH5,EVENT-260307-IrH5,Sterilized,2026-03-07T12:42:00.000Z,system,Sterilizer OUT,"{""run_id"":""recP2Xx5gAUDYMxKM"",""run_no"":""RUN-260307-MxKM"",""process_type"":""sterilize"",""unit_size"":2}",
recxNn0NKRlycpSI0,EVENT-251008-pSI0,Destroyed,2025-10-08T11:17:00.000Z,Ray,Sterilizer OUT,"{""run_id"":""recdkaSPElUbPxgL9"",""run_no"":""RUN-251007-xgL9"",""process_type"":""sterilize""}",
recxPu1ZaNGdaczhi,EVENT-251010-czhi,Sterilized,2025-08-01T15:52:00.000Z,system,Sterilizer OUT,"{""run_id"":""recxQamyId4vlxFeA"",""run_no"":""RUN-251010-xFeA"",""process_type"":""sterilize"",""unit_size"":2}",
recxTUHFigFMOcGOl,EVENT-251121-cGOl,Sterilized,2025-11-21T17:16:00.000Z,system,Sterilizer OUT,"{""run_id"":""rec7frnAiC4O8e5eA"",""run_no"":""RUN-251121-e5eA"",""process_type"":""sterilize"",""unit_size"":2.5}",
recxXWeUgG4pMZDQX,EVENT-251110-ZDQX,Sterilized,2025-11-10T23:45:00.000Z,system,Sterilizer OUT,"{""run_id"":""reczVlsRndrXCAWUz"",""run_no"":""RUN-251106-AWUz"",""process_type"":""sterilize"",""unit_size"":7.5}",
recxaj5HHUzKuhG8c,EVENT-260523-hG8c,Sterilized,2026-05-23T19:07:25.243Z,Robert,Sterilizer OUT,"{""run_id"":""recT7cCdNjTLducvq"",""run_no"":""RUN-260523-ucvq"",""process_type"":""sterilize"",""unit_size"":2}",
recxb0ha5XKArN3Al,EVENT-251117-N3Al,Pasteurized,2025-11-17T18:18:33.861Z,system,Sterilizer OUT,"{""run_id"":""reclx5p8uinIUCIfB"",""run_no"":""RUN-251117-CIfB"",""process_type"":""pasteurize"",""unit_size"":3}",
recxcwkVax2Ob50k3,EVENT-250929-50k3,Sterilized,2025-05-01T15:52:00.000Z,system,Sterilizer OUT,"{""run_id"":""recHvjFAeDQH8qi6e"",""run_no"":""RUN-250929-qi6e"",""process_type"":""sterilize"",""unit_size"":500}",
recxj5ibkmUg7R0GA,EVENT-260616-R0GA,Sterilized,2026-06-15T16:51:00.000Z,operator1.email.address@mybusiness.com,Sterilizer OUT,"{""run_id"":""reckkAU2IsJQACD2X"",""run_no"":""RUN-260615-CD2X"",""process_type"":""sterilize"",""unit_size"":1.75}",
recxjfmz1pFJMK5UT,EVENT-251001-K5UT,Sterilized,2025-10-01T20:38:00.000Z,system,Sterilizer OUT,"{""run_id"":""recZq84toSy7fiWCn"",""run_no"":""RUN-251001-iWCn"",""process_type"":""sterilize"",""unit_size"":5}",
recxm2wtd7WZouIQ5,EVENT-250929-uIQ5,Sterilized,2025-09-29T16:56:17.617Z,system,Sterilizer OUT,"{""run_id"":""rec05bWCGz5QaFIG6"",""run_no"":""RUN-250929-FIG6"",""process_type"":""sterilize"",""unit_size"":5}",
recxrQuzJzrtn6nVY,EVENT-251121-6nVY,Sterilized,2025-11-21T17:16:00.000Z,system,Sterilizer OUT,"{""run_id"":""rec7frnAiC4O8e5eA"",""run_no"":""RUN-251121-e5eA"",""process_type"":""sterilize"",""unit_size"":2.5}",
recxsJjSoXWzrxZAF,EVENT-251218-xZAF,Sterilized,2025-12-18T16:45:53.270Z,system,Sterilizer OUT,"{""run_id"":""recK7rkZM477CArlH"",""run_no"":""RUN-251216-ArlH"",""process_type"":""sterilize"",""unit_size"":2}",
recy2Z37U81vDBg8j,EVENT-260523-Bg8j,Sterilized,2026-05-23T19:07:25.243Z,Robert,Sterilizer OUT,"{""run_id"":""recT7cCdNjTLducvq"",""run_no"":""RUN-260523-ucvq"",""process_type"":""sterilize"",""unit_size"":2}",
recy2s2PYmuwOBYee,EVENT-260424-BYee,Sterilized,2026-04-24T07:30:00.000Z,Robert,Sterilizer OUT,"{""run_id"":""recCSZRx6w0VbzoXm"",""run_no"":""RUN-260424-zoXm"",""process_type"":""sterilize"",""unit_size"":2}",
recy3o7zURtKjG7qZ,EVENT-260116-G7qZ,Destroyed,2026-01-16T16:17:00.000Z,system,Sterilizer OUT,"{""run_id"":""recrx6AxbFfK4CIF3"",""run_no"":""RUN-260116-CIF3"",""process_type"":""sterilize""}",
recy5M4HCjwfVhRzB,EVENT-260104-hRzB,Sterilized,2026-01-04T20:27:19.381Z,system,Sterilizer OUT,"{""run_id"":""recA4XgFrJ5Ddr9au"",""run_no"":""RUN-260104-r9au"",""process_type"":""sterilize"",""unit_size"":2}",
recy605yAi1Ks2Kdk,EVENT-251001-2Kdk,Sterilized,2025-10-01T20:38:00.000Z,system,Sterilizer OUT,"{""run_id"":""recP4vPmWzLh4NPb6"",""run_no"":""RUN-251001-NPb6"",""process_type"":""sterilize"",""unit_size"":2}",
recy88I9wbqVgUlAH,EVENT-260307-UlAH,Sterilized,2026-03-07T12:42:00.000Z,system,Sterilizer OUT,"{""run_id"":""recP2Xx5gAUDYMxKM"",""run_no"":""RUN-260307-MxKM"",""process_type"":""sterilize"",""unit_size"":2}",
recy9yz702zNLCeEP,EVENT-251006-CeEP,Sterilized,2025-10-06T13:53:00.000Z,system,Sterilizer OUT,"{""run_id"":""recuvFovld7ZjNUip"",""run_no"":""RUN-251001-NUip"",""process_type"":""sterilize"",""unit_size"":5}",
recyALtK7wInvGifh,EVENT-260525-Gifh,Consumed,,,Spawn to Bulk,"{""consumed_by_lot_ids"":[""recjLqVwE7qhBKVlY"",""rectOazqTLjkTZx7J"",""recmAtPi9ZVo2uhy3""]}",
recyKACWbwhRaHW5d,EVENT-251008-HW5d,Sterilized,2025-10-08T11:17:00.000Z,Ray,Sterilizer OUT,"{""run_id"":""recdkaSPElUbPxgL9"",""run_no"":""RUN-251007-xgL9"",""process_type"":""sterilize"",""unit_size"":300}",
recyO3TBlZBXVo44O,EVENT-251031-o44O,Sterilized,2025-08-01T18:22:00.000Z,system,Sterilizer OUT,"{""run_id"":""recWF8fgbaNSXThS9"",""run_no"":""RUN-251031-ThS9"",""process_type"":""sterilize"",""unit_size"":7.5}",
recyPY6UfNb0e1LUk,EVENT-260523-1LUk,Sterilized,2026-05-23T19:07:25.243Z,Robert,Sterilizer OUT,"{""run_id"":""recT7cCdNjTLducvq"",""run_no"":""RUN-260523-ucvq"",""process_type"":""sterilize"",""unit_size"":2}",
recyR3WRtvbwNKslm,EVENT-251106-Kslm,Sterilized,2025-09-29T16:10:00.000Z,system,Sterilizer OUT,"{""run_id"":""recRHkSJc9nkDBSwG"",""run_no"":""RUN-251106-BSwG"",""process_type"":""sterilize"",""unit_size"":2.5}",
recyTS2cwyEgAxrlE,EVENT-260117-xrlE,Sterilized,2026-01-17T13:36:00.000Z,system,Sterilizer OUT,"{""run_id"":""recWq1rGRxOkPaZCD"",""run_no"":""RUN-260117-aZCD"",""process_type"":""sterilize"",""unit_size"":7.5}",
recyWwZnFFm3pVRM7,EVENT-260104-VRM7,Sterilized,2026-01-04T20:27:19.381Z,system,Sterilizer OUT,"{""run_id"":""recA4XgFrJ5Ddr9au"",""run_no"":""RUN-260104-r9au"",""process_type"":""sterilize"",""unit_size"":2}",
recyXWUjKfiX7KAu3,EVENT-260104-KAu3,Sterilized,2026-01-04T20:27:19.381Z,system,Sterilizer OUT,"{""run_id"":""recA4XgFrJ5Ddr9au"",""run_no"":""RUN-260104-r9au"",""process_type"":""sterilize"",""unit_size"":2}",
recyfL8u4YMMQ5nWe,EVENT-260117-5nWe,Sterilized,2026-01-17T13:36:00.000Z,system,Sterilizer OUT,"{""run_id"":""recWq1rGRxOkPaZCD"",""run_no"":""RUN-260117-aZCD"",""process_type"":""sterilize"",""unit_size"":7.5}",
recyjJuTyXz6tqMhT,EVENT-251121-qMhT,Sterilized,2025-11-21T17:16:00.000Z,system,Sterilizer OUT,"{""run_id"":""rec7frnAiC4O8e5eA"",""run_no"":""RUN-251121-e5eA"",""process_type"":""sterilize"",""unit_size"":2.5}",
recykfubbzGjguN3V,EVENT-260307-uN3V,Sterilized,2026-03-07T12:42:00.000Z,system,Sterilizer OUT,"{""run_id"":""recP2Xx5gAUDYMxKM"",""run_no"":""RUN-260307-MxKM"",""process_type"":""sterilize"",""unit_size"":2}",
recymkDFmH8esWH7J,EVENT-251216-WH7J,Destroyed,2025-12-16T16:38:00.000Z,system,Sterilizer OUT,"{""run_id"":""recd8oY6zF8OChGI0"",""run_no"":""RUN-251213-hGI0"",""process_type"":""sterilize""}",
recyn25w1NsNaU7da,EVENT-251112-U7da,Pasteurized,2025-11-12T19:15:00.000Z,system,Sterilizer OUT,"{""run_id"":""recuPXC2xYSKykGvI"",""run_no"":""RUN-251112-kGvI"",""process_type"":""pasteurize"",""unit_size"":5}",
recyohwURU4wzIEJI,EVENT-251111-IEJI,Sterilized,2025-10-06T16:33:00.000Z,system,Sterilizer OUT,"{""run_id"":""rec5eTB6PGFAwjp2X"",""run_no"":""RUN-251111-jp2X"",""process_type"":""sterilize"",""unit_size"":2}",
recypFhjNcrK7MZ50,EVENT-251121-MZ50,Sterilized,2025-11-21T17:16:00.000Z,system,Sterilizer OUT,"{""run_id"":""rec7frnAiC4O8e5eA"",""run_no"":""RUN-251121-e5eA"",""process_type"":""sterilize"",""unit_size"":2.5}",
recyqacatPWBWfu9O,EVENT-260616-fu9O,Sterilized,2026-06-15T16:51:00.000Z,operator1.email.address@mybusiness.com,Sterilizer OUT,"{""run_id"":""reckkAU2IsJQACD2X"",""run_no"":""RUN-260615-CD2X"",""process_type"":""sterilize"",""unit_size"":1.75}",
recyzaymWF9quy5Ca,EVENT-260616-y5Ca,Sterilized,2026-06-15T16:51:00.000Z,operator1.email.address@mybusiness.com,Sterilizer OUT,"{""run_id"":""reckkAU2IsJQACD2X"",""run_no"":""RUN-260615-CD2X"",""process_type"":""sterilize"",""unit_size"":1.75}",
recyzjOIdeYjGrwhr,EVENT-260104-rwhr,Sterilized,2026-01-04T20:27:19.381Z,system,Sterilizer OUT,"{""run_id"":""recA4XgFrJ5Ddr9au"",""run_no"":""RUN-260104-r9au"",""process_type"":""sterilize"",""unit_size"":2}",
recz84tkHaL04NmFt,EVENT-260310-NmFt,Pasteurized,2026-03-10T18:23:50.693Z,Robert,Sterilizer OUT,"{""run_id"":""recBjYHAjvHFNP65d"",""run_no"":""RUN-260310-P65d"",""process_type"":""pasteurize"",""unit_size"":5}",
reczCKTrDaeMCoRFU,EVENT-260716-oRFU,Sterilized,2026-07-16T19:09:00.000Z,operator1.email.address@mybusiness.com,Sterilizer OUT,"{""run_id"":""recH9XtQ3GNRt9tvy"",""run_no"":""RUN-260716-9tvy"",""process_type"":""sterilize"",""unit_size"":2.5,""component_set"":null}",
reczH4BSJNNOTUR8l,EVENT-260104-UR8l,Sterilized,2026-01-04T20:27:19.381Z,system,Sterilizer OUT,"{""run_id"":""recA4XgFrJ5Ddr9au"",""run_no"":""RUN-260104-r9au"",""process_type"":""sterilize"",""unit_size"":2}",
reczNr1Gha8xqUutO,EVENT-260330-UutO,Sterilized,2026-03-30T17:39:50.874Z,system,Sterilizer OUT,"{""run_id"":""rect5WtJiGG4WFH27"",""run_no"":""RUN-260327-FH27"",""process_type"":""sterilize"",""unit_size"":500}",
reczPuEXfbn3N3n0e,EVENT-260216-3n0e,Pasteurized,2026-02-16T23:15:57.425Z,system,Sterilizer OUT,"{""run_id"":""recJCeCBGXBTRPBSS"",""run_no"":""RUN-260216-PBSS"",""process_type"":""pasteurize"",""unit_size"":5}",
reczQy8WzfjwYLYPQ,EVENT-260424-LYPQ,Sterilized,2026-04-24T07:30:00.000Z,Robert,Sterilizer OUT,"{""run_id"":""recCSZRx6w0VbzoXm"",""run_no"":""RUN-260424-zoXm"",""process_type"":""sterilize"",""unit_size"":2}",
reczR5G0NvR5XhhI8,EVENT-251001-hhI8,Sterilized,2025-10-01T20:38:00.000Z,system,Sterilizer OUT,"{""run_id"":""recP4vPmWzLh4NPb6"",""run_no"":""RUN-251001-NPb6"",""process_type"":""sterilize"",""unit_size"":2}",
reczSFKVsp5S1wVpz,EVENT-251001-wVpz,Sterilized,2025-10-01T20:38:00.000Z,system,Sterilizer OUT,"{""run_id"":""recP4vPmWzLh4NPb6"",""run_no"":""RUN-251001-NPb6"",""process_type"":""sterilize"",""unit_size"":2}",
reczVM0i81onGiRE8,EVENT-251213-iRE8,Sterilized,2025-12-13T13:17:00.000Z,system,Sterilizer OUT,"{""run_id"":""recyjDcb5rvR1lqIC"",""run_no"":""RUN-251213-lqIC"",""process_type"":""sterilize"",""unit_size"":7.5}",
reczW00wUQk7mOIwB,EVENT-260629-OIwB,Sterilized,2026-06-29T20:53:00.000Z,system,Sterilizer OUT,"{""run_id"":""recwjKJcMtXVRXJNz"",""run_no"":""RUN-260629-XJNz"",""process_type"":""sterilize"",""unit_size"":5,""component_set"":null}",
reczWFyjt14qNF08K,EVENT-251031-F08K,Sterilized,2025-10-30T19:34:00.000Z,Ray,Sterilizer OUT,"{""run_id"":""recUp0YyktIFcGwuf"",""run_no"":""RUN-251030-Gwuf"",""process_type"":""sterilize"",""unit_size"":500}",
reczXcVJQk4GkGdCt,EVENT-251218-GdCt,Sterilized,2025-12-18T16:45:53.270Z,system,Sterilizer OUT,"{""run_id"":""recK7rkZM477CArlH"",""run_no"":""RUN-251216-ArlH"",""process_type"":""sterilize"",""unit_size"":2}",
recze1J5n1LvjLuoU,EVENT-260523-LuoU,Sterilized,2026-05-23T19:07:25.243Z,Robert,Sterilizer OUT,"{""run_id"":""recT7cCdNjTLducvq"",""run_no"":""RUN-260523-ucvq"",""process_type"":""sterilize"",""unit_size"":2}",
reczelllS8zfInSH2,EVENT-251218-nSH2,Sterilized,2025-12-18T16:45:53.270Z,system,Sterilizer OUT,"{""run_id"":""recK7rkZM477CArlH"",""run_no"":""RUN-251216-ArlH"",""process_type"":""sterilize"",""unit_size"":2}",
reczepbVOTdVOnLQ9,EVENT-251213-nLQ9,Sterilized,2025-12-13T13:17:00.000Z,system,Sterilizer OUT,"{""run_id"":""recyjDcb5rvR1lqIC"",""run_no"":""RUN-251213-lqIC"",""process_type"":""sterilize"",""unit_size"":7.5}",
reczg91D7KAlrK5cQ,EVENT-250929-K5cQ,Sterilized,2025-05-01T15:52:00.000Z,system,Sterilizer OUT,"{""run_id"":""recHvjFAeDQH8qi6e"",""run_no"":""RUN-250929-qi6e"",""process_type"":""sterilize"",""unit_size"":500}",
reczhn2ZgVcUPz4xe,EVENT-260619-z4xe,Contaminated,2026-06-19T19:06:42.398Z,,Dark Room,{},
reczkaYyoiDFDz9ZL,EVENT-260216-z9ZL,Pasteurized,2026-02-16T23:15:56.486Z,system,Sterilizer OUT,"{""run_id"":""recJCeCBGXBTRPBSS"",""run_no"":""RUN-260216-PBSS"",""process_type"":""pasteurize"",""unit_size"":5}",
reczkjXvQG7oh7RXi,EVENT-251121-7RXi,Sterilized,2025-11-21T17:16:00.000Z,system,Sterilizer OUT,"{""run_id"":""rec7frnAiC4O8e5eA"",""run_no"":""RUN-251121-e5eA"",""process_type"":""sterilize"",""unit_size"":2.5}",
recznrKsmTNFVQtah,EVENT-251218-Qtah,Sterilized,2025-12-18T16:45:53.270Z,system,Sterilizer OUT,"{""run_id"":""recK7rkZM477CArlH"",""run_no"":""RUN-251216-ArlH"",""process_type"":""sterilize"",""unit_size"":2}",
reczqA9W97eQ28oXZ,EVENT-260505-8oXZ,Sterilized,2026-05-05T22:22:14.543Z,system,Sterilizer OUT,"{""run_id"":""recNmAs6kOzTAInt8"",""run_no"":""RUN-260505-Int8"",""process_type"":""sterilize"",""unit_size"":2.5}",
reczs7oZyUjWC9FKH,EVENT-260624-9FKH,Sterilized,2026-06-24T22:04:27.843Z,operator2.email.address@mybusiness.com,Sterilizer OUT,"{""run_id"":""rec8b9gwQ65FYFTYo"",""run_no"":""RUN-260623-FTYo"",""process_type"":""sterilize"",""unit_size"":1.5,""component_set"":null}",
reczxiMG3NbAPqdd9,EVENT-251106-qdd9,Sterilized,2025-11-06T17:04:00.000Z,system,Sterilizer OUT,"{""run_id"":""recnZxnsSIKBiQUSS"",""run_no"":""RUN-251106-QUSS"",""process_type"":""sterilize"",""unit_size"":7.5}",
reczzKtij8hLVvWAG,EVENT-260117-vWAG,Sterilized,2026-01-17T13:36:00.000Z,system,Sterilizer OUT,"{""run_id"":""recWq1rGRxOkPaZCD"",""run_no"":""RUN-260117-aZCD"",""process_type"":""sterilize"",""unit_size"":7.5}",